model,vertical_case,distance_Mpc,inclination_deg,D_sigma,i_sigma,upsilon,q_log10_ML,chi2_data,rms_km_s,prior_D,prior_i,prior_ML,prior_other,prior_total,objective_chi2_plus_priors,NFW_log10_M200,NFW_M200_Msun,NFW_log10_c200,NFW_c200,obs_velocity_factor_from_i73,MOND_a0_m_s2,minimum_gN_km2_s2_kpc,Kcrit_km_s_minus2,principal_mode_residual,principal_mode_min,K_treatment
NFW,gas_mix_hstar0p3,11.0,67.0,-2.0000000000000004,-2.0,0.4765969408345689,-0.1,102.34625077509648,9.519268169336423,4.000000000000002,4.0,1.0,0.0,9.000000000000002,111.34625077509648,11.564438946426913,366808124546.2582,1.250180981543354,17.79020618673708,1.038891595602483,,,,,,
MOND,gas_mix_hstar0p3,11.0,67.0,-2.0000000000000004,-2.0,0.4765969408345689,-0.1,6201.9465900537625,23.249257892197985,4.000000000000002,4.0,1.0,0.0,9.000000000000002,6210.9465900537625,,,,,1.038891595602483,1.2e-10,69.27349723587535,,,,
TG_edge_limit,gas_mix_hstar0p3,11.0,67.0,-2.0000000000000004,-2.0,0.4765969408345689,-0.1,25074.20935053669,48.659267105474065,4.000000000000002,4.0,1.0,0.0,9.000000000000002,25083.20935053669,,,,,1.038891595602483,,,9.192589106839642e-05,8.278589469357525e-12,0.026166494001489522,derived Kcrit limiting curve; no finite normalization and no K prior
NFW,gas_mix_hstar0p3,11.0,67.0,-2.0000000000000004,-2.0,0.5347505628802474,-0.05,95.41718750329275,9.198601360445668,4.000000000000002,4.0,0.25,0.0,8.250000000000002,103.66718750329275,11.569743030206567,371315458653.1906,1.2309564176408367,17.01987701800768,1.038891595602483,,,,,,
MOND,gas_mix_hstar0p3,11.0,67.0,-2.0000000000000004,-2.0,0.5347505628802474,-0.05,4731.89860585449,20.246617054885387,4.000000000000002,4.0,0.25,0.0,8.250000000000002,4740.14860585449,,,,,1.038891595602483,1.2e-10,73.14972574776884,,,,
TG_edge_limit,gas_mix_hstar0p3,11.0,67.0,-2.0000000000000004,-2.0,0.5347505628802474,-0.05,20506.466921854935,43.94503784061501,4.000000000000002,4.0,0.25,0.0,8.250000000000002,20514.716921854935,,,,,1.038891595602483,,,8.358423422529528e-05,6.211782057809094e-12,0.02539728538144766,derived Kcrit limiting curve; no finite normalization and no K prior
NFW,gas_mix_hstar0p3,11.0,67.0,-2.0000000000000004,-2.0,0.6,0.0,88.20820520404517,8.85941857907795,4.000000000000002,4.0,0.0,0.0,8.000000000000002,96.20820520404517,11.5766701270821,377285510906.3194,1.208385548199238,16.157923521385626,1.038891595602483,,,,,,
MOND,gas_mix_hstar0p3,11.0,67.0,-2.0000000000000004,-2.0,0.6,0.0,3399.2536707117174,17.11906130947137,4.000000000000002,4.0,0.0,0.0,8.000000000000002,3407.2536707117174,,,,,1.038891595602483,1.2e-10,77.49892567120477,,,,
TG_edge_limit,gas_mix_hstar0p3,11.0,67.0,-2.0000000000000004,-2.0,0.6,0.0,16151.795701747402,38.932402870754984,4.000000000000002,4.0,0.0,0.0,8.000000000000002,16159.795701747402,,,,,1.038891595602483,,,7.5836386281955e-05,6.853523097925827e-12,0.024713027537501195,derived Kcrit limiting curve; no finite normalization and no K prior
NFW,gas_mix_hstar0p3,11.0,67.0,-2.0000000000000004,-2.0,0.673211072581178,0.05,80.81328869006701,8.506426201576366,4.000000000000002,4.0,0.25,0.0,8.250000000000002,89.06328869006701,11.58584505545078,385340853922.3685,1.1816845135921377,15.194433529569412,1.038891595602483,,,,,,
MOND,gas_mix_hstar0p3,11.0,67.0,-2.0000000000000004,-2.0,0.673211072581178,0.05,2236.657592604991,13.896725340411408,4.000000000000002,4.0,0.25,0.0,8.250000000000002,2244.907592604991,,,,,1.038891595602483,1.2e-10,82.37880824674856,,,,
TG_edge_limit,gas_mix_hstar0p3,11.0,67.0,-2.0000000000000004,-2.0,0.673211072581178,0.05,12094.776185315497,33.611611757714066,4.000000000000002,4.0,0.25,0.0,8.250000000000002,12103.026185315497,,,,,1.038891595602483,,,6.867396913094719e-05,5.325633127875942e-12,0.024104990334381085,derived Kcrit limiting curve; no finite normalization and no K prior
NFW,gas_mix_hstar0p3,11.0,67.0,-2.0000000000000004,-2.0,0.7553552470765004,0.1,73.384868126116,8.147563408022917,4.000000000000002,4.0,1.0,0.0,9.000000000000002,82.384868126116,11.598200904629287,396461394883.9173,1.1498035415593733,14.118987104261711,1.038891595602483,,,,,,
MOND,gas_mix_hstar0p3,11.0,67.0,-2.0000000000000004,-2.0,0.7553552470765004,0.1,1281.5272682988339,10.665092864348841,4.000000000000002,4.0,1.0,0.0,9.000000000000002,1290.5272682988339,,,,,1.038891595602483,1.2e-10,87.85412655133531,,,,
TG_edge_limit,gas_mix_hstar0p3,11.0,67.0,-2.0000000000000004,-2.0,0.7553552470765004,0.1,8432.677962933469,27.97786572322366,4.000000000000002,4.0,1.0,0.0,9.000000000000002,8441.677962933469,,,,,1.038891595602483,,,6.208044800026163e-05,4.8791797780554906e-12,0.023565074997392344,derived Kcrit limiting curve; no finite normalization and no K prior
NFW,gas_mix_hstar0p3,11.0,67.0,-2.0000000000000004,-2.0,0.762,0.10380372095595687,72.8247676497696,8.120344949699984,4.000000000000002,4.0,1.077521248430216,0.0,9.077521248430218,81.90228889819981,11.599307388158522,397472776152.805,1.1471285534812443,14.032290063576363,1.038891595602483,,,,,,
MOND,gas_mix_hstar0p3,11.0,67.0,-2.0000000000000004,-2.0,0.762,0.10380372095595687,1218.5331359030276,10.424122356414928,4.000000000000002,4.0,1.077521248430216,0.0,9.077521248430218,1227.6106571514579,,,,,1.038891595602483,1.2e-10,88.29703242427175,,,,
TG_edge_limit,gas_mix_hstar0p3,11.0,67.0,-2.0000000000000004,-2.0,0.762,0.10380372095595687,8173.312935205723,27.53657218861469,4.000000000000002,4.0,1.077521248430216,0.0,9.077521248430218,8182.3904564541535,,,,,1.038891595602483,,,6.160152545496454e-05,6.771511817746076e-12,0.023526574947566277,derived Kcrit limiting curve; no finite normalization and no K prior
NFW,gas_thin_hstar0p3,11.0,67.0,-2.0000000000000004,-2.0,0.4765969408345689,-0.1,103.4719678044422,9.527753438801659,4.000000000000002,4.0,1.0,0.0,9.000000000000002,112.4719678044422,11.562534241149908,365202919872.5078,1.2510081343702577,17.82412151857098,1.038891595602483,,,,,,
MOND,gas_thin_hstar0p3,11.0,67.0,-2.0000000000000004,-2.0,0.4765969408345689,-0.1,6143.244855784059,23.135771898308484,4.000000000000002,4.0,1.0,0.0,9.000000000000002,6152.244855784059,,,,,1.038891595602483,1.2e-10,69.60330938031593,,,,
TG_edge_limit,gas_thin_hstar0p3,11.0,67.0,-2.0000000000000004,-2.0,0.4765969408345689,-0.1,24804.067883683823,48.39456730956533,4.000000000000002,4.0,1.0,0.0,9.000000000000002,24813.067883683823,,,,,1.038891595602483,,,9.126420369649413e-05,5.162714857153625e-12,0.026212293434275207,derived Kcrit limiting curve; no finite normalization and no K prior
NFW,gas_thin_hstar0p3,11.0,67.0,-2.0000000000000004,-2.0,0.5347505628802474,-0.05,96.50541757821362,9.20593343647595,4.000000000000002,4.0,0.25,0.0,8.250000000000002,104.75541757821362,11.567804755638052,369661954692.15643,1.2317731544162447,17.05191481534617,1.038891595602483,,,,,,
MOND,gas_thin_hstar0p3,11.0,67.0,-2.0000000000000004,-2.0,0.5347505628802474,-0.05,4684.230324911787,20.14024043443254,4.000000000000002,4.0,0.25,0.0,8.250000000000002,4692.480324911787,,,,,1.038891595602483,1.2e-10,73.47953789220942,,,,
TG_edge_limit,gas_thin_hstar0p3,11.0,67.0,-2.0000000000000004,-2.0,0.5347505628802474,-0.05,20276.50480446268,43.69568358309677,4.000000000000002,4.0,0.25,0.0,8.250000000000002,20284.75480446268,,,,,1.038891595602483,,,8.304184897265184e-05,6.62085407596201e-12,0.025440371340838066,derived Kcrit limiting curve; no finite normalization and no K prior
NFW,gas_thin_hstar0p3,11.0,67.0,-2.0000000000000004,-2.0,0.6,0.0,89.24858652504192,8.865403204280199,4.000000000000002,4.0,0.0,0.0,8.000000000000002,97.24858652504192,11.574693632695412,375572368251.0323,1.2091884514521154,16.187823161968183,1.038891595602483,,,,,,
MOND,gas_thin_hstar0p3,11.0,67.0,-2.0000000000000004,-2.0,0.6,0.0,3362.407458491887,17.021353887683105,4.000000000000002,4.0,0.0,0.0,8.000000000000002,3370.407458491887,,,,,1.038891595602483,1.2e-10,77.82873781564535,,,,
TG_edge_limit,gas_thin_hstar0p3,11.0,67.0,-2.0000000000000004,-2.0,0.6,0.0,15960.37954665534,38.698396196024625,4.000000000000002,4.0,0.0,0.0,8.000000000000002,15968.37954665534,,,,,1.038891595602483,,,7.539349961204424e-05,6.665574975054262e-12,0.02475310469899866,derived Kcrit limiting curve; no finite normalization and no K prior
NFW,gas_thin_hstar0p3,11.0,67.0,-2.0000000000000004,-2.0,0.673211072581178,0.05,81.79081462316621,8.510814934670153,4.000000000000002,4.0,0.25,0.0,8.250000000000002,90.04081462316621,11.583825205203423,383552842115.4079,1.1824687137815084,15.221894716486933,1.038891595602483,,,,,,
MOND,gas_thin_hstar0p3,11.0,67.0,-2.0000000000000004,-2.0,0.673211072581178,0.05,2210.3753592714215,13.81050070952422,4.000000000000002,4.0,0.25,0.0,8.250000000000002,2218.6253592714215,,,,,1.038891595602483,1.2e-10,82.70862039118916,,,,
TG_edge_limit,gas_thin_hstar0p3,11.0,67.0,-2.0000000000000004,-2.0,0.673211072581178,0.05,11940.256007155456,33.39325637231317,4.000000000000002,4.0,0.25,0.0,8.250000000000002,11948.506007155456,,,,,1.038891595602483,,,6.831354531927325e-05,5.30586088022597e-12,0.024141944607424363,derived Kcrit limiting curve; no finite normalization and no K prior
NFW,gas_thin_hstar0p3,11.0,67.0,-2.0000000000000004,-2.0,0.7553552470765004,0.1,74.27718310640344,8.150026335141343,4.000000000000002,4.0,1.0,0.0,9.000000000000002,83.27718310640344,11.596132290907725,394577476439.2399,1.150561903923189,14.143663131343894,1.038891595602483,,,,,,
MOND,gas_thin_hstar0p3,11.0,67.0,-2.0000000000000004,-2.0,0.7553552470765004,0.1,1265.5078253001282,10.59633662289967,4.000000000000002,4.0,1.0,0.0,9.000000000000002,1274.5078253001282,,,,,1.038891595602483,1.2e-10,88.1839386957759,,,,
TG_edge_limit,gas_thin_hstar0p3,11.0,67.0,-2.0000000000000004,-2.0,0.7553552470765004,0.1,8313.408871120298,27.776111313853402,4.000000000000002,4.0,1.0,0.0,9.000000000000002,8322.408871120298,,,,,1.038891595602483,,,6.178799674434884e-05,7.1063558621205645e-12,0.02359891851237069,derived Kcrit limiting curve; no finite normalization and no K prior
NFW,gas_thin_hstar0p3,11.0,67.0,-2.0000000000000004,-2.0,0.762,0.10380372095595687,73.70938904231362,8.122644758426096,4.000000000000002,4.0,1.077521248430216,0.0,9.077521248430218,82.78691029074383,11.597234842701763,395580470525.50226,1.1478845699017872,14.056738637593998,1.038891595602483,,,,,,
MOND,gas_thin_hstar0p3,11.0,67.0,-2.0000000000000004,-2.0,0.762,0.10380372095595687,1203.2809722029378,10.357125766676235,4.000000000000002,4.0,1.077521248430216,0.0,9.077521248430218,1212.358493451368,,,,,1.038891595602483,1.2e-10,88.62684456871233,,,,
TG_edge_limit,gas_thin_hstar0p3,11.0,67.0,-2.0000000000000004,-2.0,0.762,0.10380372095595687,8056.658741909692,27.33615294973147,4.000000000000002,4.0,1.077521248430216,0.0,9.077521248430218,8065.736263158123,,,,,1.038891595602483,,,6.131371852231765e-05,5.9535429128183916e-12,0.023560184928710405,derived Kcrit limiting curve; no finite normalization and no K prior
NFW,gas_mix_hstar0p6,11.0,67.0,-2.0000000000000004,-2.0,0.4765969408345689,-0.1,104.74238290582724,9.39205050741483,4.000000000000002,4.0,1.0,0.0,9.000000000000002,113.74238290582724,11.555319365572975,359185970848.4542,1.2648397222644463,18.400927841514378,1.038891595602483,,,,,,
MOND,gas_mix_hstar0p6,11.0,67.0,-2.0000000000000004,-2.0,0.4765969408345689,-0.1,7083.156722212839,24.925826949289256,4.000000000000002,4.0,1.0,0.0,9.000000000000002,7092.156722212839,,,,,1.038891595602483,1.2e-10,69.24845224812456,,,,
TG_edge_limit,gas_mix_hstar0p6,11.0,67.0,-2.0000000000000004,-2.0,0.4765969408345689,-0.1,28956.46062797721,52.47664756262765,4.000000000000002,4.0,1.0,0.0,9.000000000000002,28965.46062797721,,,,,1.038891595602483,,,9.652132497333208e-05,8.674375993206156e-12,0.029581292170081347,derived Kcrit limiting curve; no finite normalization and no K prior
NFW,gas_mix_hstar0p6,11.0,67.0,-2.0000000000000004,-2.0,0.5347505628802474,-0.05,97.81818781905572,9.035770733846036,4.000000000000002,4.0,0.25,0.0,8.250000000000002,106.06818781905572,11.558903441774609,362162468604.5714,1.2479053745903415,17.697233235782875,1.038891595602483,,,,,,
MOND,gas_mix_hstar0p6,11.0,67.0,-2.0000000000000004,-2.0,0.5347505628802474,-0.05,5547.936433703322,21.972923094182995,4.000000000000002,4.0,0.25,0.0,8.250000000000002,5556.186433703322,,,,,1.038891595602483,1.2e-10,73.12162480932469,,,,
TG_edge_limit,gas_mix_hstar0p6,11.0,67.0,-2.0000000000000004,-2.0,0.5347505628802474,-0.05,24308.932813925403,48.0453326781486,4.000000000000002,4.0,0.25,0.0,8.250000000000002,24317.182813925403,,,,,1.038891595602483,,,8.793769673530557e-05,7.228597316549809e-12,0.02875272916780547,derived Kcrit limiting curve; no finite normalization and no K prior
NFW,gas_mix_hstar0p6,11.0,67.0,-2.0000000000000004,-2.0,0.6,0.0,90.52520176369374,8.65043831488821,4.000000000000002,4.0,0.0,0.0,8.000000000000002,98.52520176369374,11.563663867303715,366154071169.02734,1.2280807095598698,16.907551134429628,1.038891595602483,,,,,,
MOND,gas_mix_hstar0p6,11.0,67.0,-2.0000000000000004,-2.0,0.6,0.0,4135.518891050734,18.88021297453316,4.000000000000002,4.0,0.0,0.0,8.000000000000002,4143.518891050734,,,,,1.038891595602483,1.2e-10,77.46739589968722,,,,
TG_edge_limit,gas_mix_hstar0p6,11.0,67.0,-2.0000000000000004,-2.0,0.6,0.0,19810.340526320146,43.33029322779484,4.000000000000002,4.0,0.0,0.0,8.000000000000002,19818.340526320146,,,,,1.038891595602483,,,7.993337186399741e-05,8.902681983960046e-12,0.02801187621534023,derived Kcrit limiting curve; no finite normalization and no K prior
NFW,gas_mix_hstar0p6,11.0,67.0,-2.0000000000000004,-2.0,0.673211072581178,0.05,82.90237857159299,8.237369958089548,4.000000000000002,4.0,0.25,0.0,8.250000000000002,91.15237857159299,11.570058430790912,371585219503.7956,1.20471083481395,16.021782612064193,1.038891595602483,,,,,,
MOND,gas_mix_hstar0p6,11.0,67.0,-2.0000000000000004,-2.0,0.673211072581178,0.05,2876.3963140152946,15.658761872009874,4.000000000000002,4.0,0.25,0.0,8.250000000000002,2884.6463140152946,,,,,1.038891595602483,1.2e-10,82.34343126124594,,,,
TG_edge_limit,gas_mix_hstar0p6,11.0,67.0,-2.0000000000000004,-2.0,0.673211072581178,0.05,15535.049628178976,38.321764072162054,4.000000000000002,4.0,0.25,0.0,8.250000000000002,15543.299628178976,,,,,1.038891595602483,,,7.250667726458228e-05,7.9090475787624e-12,0.027350520707595243,derived Kcrit limiting curve; no finite normalization and no K prior
NFW,gas_mix_hstar0p6,11.0,67.0,-2.0000000000000004,-2.0,0.7553552470765004,0.1,75.00487145308492,7.799853503794568,4.000000000000002,4.0,1.0,0.0,9.000000000000002,84.00487145308492,11.57876486228134,379109670093.75226,1.176928431637286,15.028942803596081,1.038891595602483,,,,,,
MOND,gas_mix_hstar0p6,11.0,67.0,-2.0000000000000004,-2.0,0.7553552470765004,0.1,1805.5020221020472,12.344423812780207,4.000000000000002,4.0,1.0,0.0,9.000000000000002,1814.5020221020472,,,,,1.038891595602483,1.2e-10,87.8144329207438,,,,
TG_edge_limit,gas_mix_hstar0p6,11.0,67.0,-2.0000000000000004,-2.0,0.7553552470765004,0.1,11568.8244759941,33.013346181947156,4.000000000000002,4.0,1.0,0.0,9.000000000000002,11577.8244759941,,,,,1.038891595602483,,,6.564683194978455e-05,7.499331263868872e-12,0.026760857289458415,derived Kcrit limiting curve; no finite normalization and no K prior
NFW,gas_mix_hstar0p6,11.0,67.0,-2.0000000000000004,-2.0,0.762,0.10380372095595687,74.3948936930154,7.765722012673159,4.000000000000002,4.0,1.077521248430216,0.0,9.077521248430218,83.47241494144562,11.57954798123973,379793896620.2374,1.1746034882375098,14.948702132588842,1.038891595602483,,,,,,
MOND,gas_mix_hstar0p6,11.0,67.0,-2.0000000000000004,-2.0,0.762,0.10380372095595687,1732.8353903447041,12.090715980593284,4.000000000000002,4.0,1.077521248430216,0.0,9.077521248430218,1741.9129115931344,,,,,1.038891595602483,1.2e-10,88.25698961444445,,,,
TG_edge_limit,gas_mix_hstar0p6,11.0,67.0,-2.0000000000000004,-2.0,0.762,0.10380372095595687,11282.451627593613,32.597204208053434,4.000000000000002,4.0,1.077521248430216,0.0,9.077521248430218,11291.529148842043,,,,,1.038891595602483,,,6.514770641869286e-05,6.2838189762481194e-12,0.02671872320307516,derived Kcrit limiting curve; no finite normalization and no K prior
NFW,gas_mix_hstar0p3,11.0,70.0,-2.0000000000000004,-1.0,0.4765969408345689,-0.1,100.89323402956452,9.487871134392423,4.000000000000002,1.0,1.0,0.0,6.000000000000002,106.89323402956452,11.531300926020995,339860683130.1645,1.255933820123768,18.027430093010878,1.0176782650088638,,,,,,
MOND,gas_mix_hstar0p3,11.0,70.0,-2.0000000000000004,-1.0,0.4765969408345689,-0.1,6204.555401103988,22.643898445912075,4.000000000000002,1.0,1.0,0.0,6.000000000000002,6210.555401103988,,,,,1.0176782650088638,1.2e-10,71.17720481021193,,,,
TG_edge_limit,gas_mix_hstar0p3,11.0,70.0,-2.0000000000000004,-1.0,0.4765969408345689,-0.1,26914.503584044352,49.33875598899362,4.000000000000002,1.0,1.0,0.0,6.000000000000002,26920.503584044352,,,,,1.0176782650088638,,,9.746273269081742e-05,7.173783833370592e-12,0.02764834033672947,derived Kcrit limiting curve; no finite normalization and no K prior
NFW,gas_mix_hstar0p3,11.0,70.0,-2.0000000000000004,-1.0,0.5347505628802474,-0.05,94.05713633705841,9.168226802592445,4.000000000000002,1.0,0.25,0.0,5.250000000000002,99.30713633705841,11.534703161120058,342533585914.873,1.238280844114281,17.309353369496634,1.0176782650088638,,,,,,
MOND,gas_mix_hstar0p3,11.0,70.0,-2.0000000000000004,-1.0,0.5347505628802474,-0.05,4738.88680401705,19.70436143204024,4.000000000000002,1.0,0.25,0.0,5.250000000000002,4744.13680401705,,,,,1.0176782650088638,1.2e-10,75.1229873627196,,,,
TG_edge_limit,gas_mix_hstar0p3,11.0,70.0,-2.0000000000000004,-1.0,0.5347505628802474,-0.05,22246.12441638817,44.79323697335736,4.000000000000002,1.0,0.25,0.0,5.250000000000002,22251.37441638817,,,,,1.0176782650088638,,,8.860365920616824e-05,6.745617196095891e-12,0.026833874112222027,derived Kcrit limiting curve; no finite normalization and no K prior
NFW,gas_mix_hstar0p3,11.0,70.0,-2.0000000000000004,-1.0,0.6,0.0,86.9142650447922,8.825986259113884,4.000000000000002,1.0,0.0,0.0,5.000000000000002,91.9142650447922,11.539318448565869,346193132599.2596,1.217560743019726,16.502918048459854,1.0176782650088638,,,,,,
MOND,gas_mix_hstar0p3,11.0,70.0,-2.0000000000000004,-1.0,0.6,0.0,3416.3004605512647,16.65671700867461,4.000000000000002,1.0,0.0,0.0,5.000000000000002,3421.3004605512647,,,,,1.0176782650088638,1.2e-10,79.55022820329587,,,,
TG_edge_limit,gas_mix_hstar0p3,11.0,70.0,-2.0000000000000004,-1.0,0.6,0.0,17771.93264281578,39.963196782692094,4.000000000000002,1.0,0.0,0.0,5.000000000000002,17776.93264281578,,,,,1.0176782650088638,,,8.037815640892208e-05,4.433156181869117e-12,0.02610964313279396,derived Kcrit limiting curve; no finite normalization and no K prior
NFW,gas_mix_hstar0p3,11.0,70.0,-2.0000000000000004,-1.0,0.673211072581178,0.05,79.51873557779935,8.463914414367816,4.000000000000002,1.0,0.25,0.0,5.250000000000002,84.76873557779935,11.545642884623314,351271475228.64716,1.1930583090339182,15.597619047614696,1.0176782650088638,,,,,,
MOND,gas_mix_hstar0p3,11.0,70.0,-2.0000000000000004,-1.0,0.673211072581178,0.05,2269.387578505829,13.540560871903457,4.000000000000002,1.0,0.25,0.0,5.250000000000002,2274.637578505829,,,,,1.0176782650088638,1.2e-10,84.51767412806178,,,,
TG_edge_limit,gas_mix_hstar0p3,11.0,70.0,-2.0000000000000004,-1.0,0.673211072581178,0.05,13572.850074062426,34.84009196792503,4.000000000000002,1.0,0.25,0.0,5.250000000000002,13578.100074062426,,,,,1.0176782650088638,,,7.27766220094619e-05,6.21675436564793e-12,0.025466308217060175,derived Kcrit limiting curve; no finite normalization and no K prior
NFW,gas_mix_hstar0p3,11.0,70.0,-2.0000000000000004,-1.0,0.7553552470765004,0.1,71.94282203858612,8.087145636843642,4.000000000000002,1.0,1.0,0.0,6.000000000000002,77.94282203858612,11.554420835968065,358443604532.8575,1.1638176185887525,14.582017617138058,1.0176782650088638,,,,,,
MOND,gas_mix_hstar0p3,11.0,70.0,-2.0000000000000004,-1.0,0.7553552470765004,0.1,1335.4168059139088,10.461857107900592,4.000000000000002,1.0,1.0,0.0,6.000000000000002,1341.4168059139088,,,,,1.0176782650088638,1.2e-10,90.09124012639624,,,,
TG_edge_limit,gas_mix_hstar0p3,11.0,70.0,-2.0000000000000004,-1.0,0.7553552470765004,0.1,9742.01403969349,29.420481960423732,4.000000000000002,1.0,1.0,0.0,6.000000000000002,9748.01403969349,,,,,1.0176782650088638,,,6.578088794093841e-05,4.243540668502121e-12,0.024895222632318904,derived Kcrit limiting curve; no finite normalization and no K prior
NFW,gas_mix_hstar0p3,11.0,70.0,-2.0000000000000004,-1.0,0.762,0.10380372095595687,71.3617097862083,8.058097640588196,4.000000000000002,1.0,1.077521248430216,0.0,6.077521248430218,77.43923103463851,11.555218066274488,359102200399.4143,1.1613649973581774,14.499899675071532,1.0176782650088638,,,,,,
MOND,gas_mix_hstar0p3,11.0,70.0,-2.0000000000000004,-1.0,0.762,0.10380372095595687,1274.2499557419474,10.235482919612828,4.000000000000002,1.0,1.077521248430216,0.0,6.077521248430218,1280.3274769903776,,,,,1.0176782650088638,1.2e-10,90.54209338762003,,,,
TG_edge_limit,gas_mix_hstar0p3,11.0,70.0,-2.0000000000000004,-1.0,0.762,0.10380372095595687,9468.592174578805,28.99618592465396,4.000000000000002,1.0,1.077521248430216,0.0,6.077521248430218,9474.669695827235,,,,,1.0176782650088638,,,6.527282491277059e-05,7.490169586774675e-12,0.024854506044890867,derived Kcrit limiting curve; no finite normalization and no K prior
NFW,gas_thin_hstar0p3,11.0,70.0,-2.0000000000000004,-1.0,0.4765969408345689,-0.1,101.89627059466025,9.504038498514854,4.000000000000002,1.0,1.0,0.0,6.000000000000002,107.89627059466025,11.529286638478824,338288035854.41907,1.2569402922800672,18.069256889846525,1.0176782650088638,,,,,,
MOND,gas_thin_hstar0p3,11.0,70.0,-2.0000000000000004,-1.0,0.4765969408345689,-0.1,6162.646140309539,22.563381109543993,4.000000000000002,1.0,1.0,0.0,6.000000000000002,6168.646140309539,,,,,1.0176782650088638,1.2e-10,71.55592891878348,,,,
TG_edge_limit,gas_thin_hstar0p3,11.0,70.0,-2.0000000000000004,-1.0,0.4765969408345689,-0.1,26663.781758681776,49.102971299929315,4.000000000000002,1.0,1.0,0.0,6.000000000000002,26669.781758681776,,,,,1.0176782650088638,,,9.679820069365635e-05,8.443081619460344e-12,0.027692067148727125,derived Kcrit limiting curve; no finite normalization and no K prior
NFW,gas_thin_hstar0p3,11.0,70.0,-2.0000000000000004,-1.0,0.5347505628802474,-0.05,95.04232938069696,9.183415833356028,4.000000000000002,1.0,0.25,0.0,5.250000000000002,100.29232938069696,11.532644958535371,340914095901.7338,1.23928795734354,17.34953971257334,1.0176782650088638,,,,,,
MOND,gas_thin_hstar0p3,11.0,70.0,-2.0000000000000004,-1.0,0.5347505628802474,-0.05,4706.664012787403,19.633432733649673,4.000000000000002,1.0,0.25,0.0,5.250000000000002,4711.914012787403,,,,,1.0176782650088638,1.2e-10,75.50171147129112,,,,
TG_edge_limit,gas_thin_hstar0p3,11.0,70.0,-2.0000000000000004,-1.0,0.5347505628802474,-0.05,22032.04607554658,44.57171301645357,4.000000000000002,1.0,0.25,0.0,5.250000000000002,22037.29607554658,,,,,1.0176782650088638,,,8.805899034993908e-05,6.631930220689981e-12,0.026875123601058978,derived Kcrit limiting curve; no finite normalization and no K prior
NFW,gas_thin_hstar0p3,11.0,70.0,-2.0000000000000004,-1.0,0.6,0.0,87.87841529341475,8.840050712719123,4.000000000000002,1.0,0.0,0.0,5.000000000000002,92.87841529341475,11.53720893149597,344515631360.0971,1.2185675906297073,16.541222010318375,1.0176782650088638,,,,,,
MOND,gas_thin_hstar0p3,11.0,70.0,-2.0000000000000004,-1.0,0.6,0.0,3393.602610561132,16.598192872212074,4.000000000000002,1.0,0.0,0.0,5.000000000000002,3398.602610561132,,,,,1.0176782650088638,1.2e-10,79.92895231186739,,,,
TG_edge_limit,gas_thin_hstar0p3,11.0,70.0,-2.0000000000000004,-1.0,0.6,0.0,17593.039922436947,39.75606642615625,4.000000000000002,1.0,0.0,0.0,5.000000000000002,17598.039922436947,,,,,1.0176782650088638,,,7.993343707076975e-05,8.089478540223658e-12,0.026148093868783792,derived Kcrit limiting curve; no finite normalization and no K prior
NFW,gas_thin_hstar0p3,11.0,70.0,-2.0000000000000004,-1.0,0.673211072581178,0.05,80.45692432925115,8.476676285180812,4.000000000000002,1.0,0.25,0.0,5.250000000000002,85.70692432925115,11.543473086913252,349520849234.9566,1.1940633779606862,15.633757743420361,1.0176782650088638,,,,,,
MOND,gas_thin_hstar0p3,11.0,70.0,-2.0000000000000004,-1.0,0.673211072581178,0.05,2256.003785933193,13.499358778044959,4.000000000000002,1.0,0.25,0.0,5.250000000000002,2261.253785933193,,,,,1.0176782650088638,1.2e-10,84.89639823663332,,,,
TG_edge_limit,gas_thin_hstar0p3,11.0,70.0,-2.0000000000000004,-1.0,0.673211072581178,0.05,13427.664450340071,34.647805066915815,4.000000000000002,1.0,0.25,0.0,5.250000000000002,13432.914450340071,,,,,1.0176782650088638,,,7.241472773901254e-05,5.0657060711428645e-12,0.02550182260184097,derived Kcrit limiting curve; no finite normalization and no K prior
NFW,gas_thin_hstar0p3,11.0,70.0,-2.0000000000000004,-1.0,0.7553552470765004,0.1,72.8470664055552,8.09838096068845,4.000000000000002,1.0,1.0,0.0,6.000000000000002,78.8470664055552,11.55217979354039,356598731154.4429,1.1648184162301798,14.615659483041822,1.0176782650088638,,,,,,
MOND,gas_thin_hstar0p3,11.0,70.0,-2.0000000000000004,-1.0,0.7553552470765004,0.1,1331.0908690334286,10.4475404539494,4.000000000000002,1.0,1.0,0.0,6.000000000000002,1337.0908690334286,,,,,1.0176782650088638,1.2e-10,90.46996423496778,,,,
TG_edge_limit,gas_thin_hstar0p3,11.0,70.0,-2.0000000000000004,-1.0,0.7553552470765004,0.1,9629.056654646238,29.24413179497969,4.000000000000002,1.0,1.0,0.0,6.000000000000002,9635.056654646238,,,,,1.0176782650088638,,,6.548725709299539e-05,8.036790693329644e-12,0.02492779167718548,derived Kcrit limiting curve; no finite normalization and no K prior
NFW,gas_thin_hstar0p3,11.0,70.0,-2.0000000000000004,-1.0,0.762,0.10380372095595687,72.26291145360504,8.06920569583537,4.000000000000002,1.0,1.077521248430216,0.0,6.077521248430218,78.34043270203526,11.5529710956857,357249060776.9064,1.1623653209857676,14.533336225876628,1.0176782650088638,,,,,,
MOND,gas_thin_hstar0p3,11.0,70.0,-2.0000000000000004,-1.0,0.762,0.10380372095595687,1270.601419715699,10.2238390343001,4.000000000000002,1.0,1.077521248430216,0.0,6.077521248430218,1276.6789409641292,,,,,1.0176782650088638,1.2e-10,90.92081749619155,,,,
TG_edge_limit,gas_thin_hstar0p3,11.0,70.0,-2.0000000000000004,-1.0,0.762,0.10380372095595687,9358.026347697023,28.82112474484947,4.000000000000002,1.0,1.077521248430216,0.0,6.077521248430218,9364.103868945453,,,,,1.0176782650088638,,,6.498385801250235e-05,4.945830112282413e-12,0.02488685333921391,derived Kcrit limiting curve; no finite normalization and no K prior
NFW,gas_mix_hstar0p6,11.0,70.0,-2.0000000000000004,-1.0,0.4765969408345689,-0.1,103.78130548076976,9.39136522627479,4.000000000000002,1.0,1.0,0.0,6.000000000000002,109.78130548076976,11.523199704238902,333579769489.11206,1.2696338896320774,18.60518058153257,1.0176782650088638,,,,,,
MOND,gas_mix_hstar0p6,11.0,70.0,-2.0000000000000004,-1.0,0.4765969408345689,-0.1,7094.98965234213,24.32498919412415,4.000000000000002,1.0,1.0,0.0,6.000000000000002,7100.98965234213,,,,,1.0176782650088638,1.2e-10,71.14928577679417,,,,
TG_edge_limit,gas_mix_hstar0p6,11.0,70.0,-2.0000000000000004,-1.0,0.4765969408345689,-0.1,30779.51101984019,52.94275089946237,4.000000000000002,1.0,1.0,0.0,6.000000000000002,30785.51101984019,,,,,1.0176782650088638,,,0.00010208957986369766,7.753735640810583e-12,0.031174286047333903,derived Kcrit limiting curve; no finite normalization and no K prior
NFW,gas_mix_hstar0p6,11.0,70.0,-2.0000000000000004,-1.0,0.5347505628802474,-0.05,97.11527735482868,9.043689725634689,4.000000000000002,1.0,0.25,0.0,5.250000000000002,102.36527735482868,11.525091347411028,335035901586.18756,1.254118196390892,17.952221430703865,1.0176782650088638,,,,,,
MOND,gas_mix_hstar0p6,11.0,70.0,-2.0000000000000004,-1.0,0.5347505628802474,-0.05,5565.2691627179265,21.44551841987217,4.000000000000002,1.0,0.25,0.0,5.250000000000002,5570.5191627179265,,,,,1.0176782650088638,1.2e-10,75.09166169199858,,,,
TG_edge_limit,gas_mix_hstar0p6,11.0,70.0,-2.0000000000000004,-1.0,0.5347505628802474,-0.05,26048.53864257873,48.6652487676579,4.000000000000002,1.0,0.25,0.0,5.250000000000002,26053.78864257873,,,,,1.0176782650088638,,,9.298584316143117e-05,9.32186071335556e-12,0.030298908477435483,derived Kcrit limiting curve; no finite normalization and no K prior
NFW,gas_mix_hstar0p6,11.0,70.0,-2.0000000000000004,-1.0,0.6,0.0,90.12377257663051,8.665043383808856,4.000000000000002,1.0,0.0,0.0,5.000000000000002,95.12377257663051,11.527810346829495,337140049955.23193,1.2359591139548063,17.2170647971301,1.0176782650088638,,,,,,
MOND,gas_mix_hstar0p6,11.0,70.0,-2.0000000000000004,-1.0,0.6,0.0,4164.625432634389,18.447781378741197,4.000000000000002,1.0,0.0,0.0,5.000000000000002,4169.625432634389,,,,,1.0176782650088638,1.2e-10,79.5150802226535,,,,
TG_edge_limit,gas_mix_hstar0p6,11.0,70.0,-2.0000000000000004,-1.0,0.6,0.0,21452.296370020576,44.11788585122498,4.000000000000002,1.0,0.0,0.0,5.000000000000002,21457.296370020576,,,,,1.0176782650088638,,,8.45012485303253e-05,9.316752030655293e-12,0.02951665875851114,derived Kcrit limiting curve; no finite normalization and no K prior
NFW,gas_mix_hstar0p6,11.0,70.0,-2.0000000000000004,-1.0,0.673211072581178,0.05,82.84479592419913,8.255542170836057,4.000000000000002,1.0,0.25,0.0,5.250000000000002,88.09479592419913,11.53171152617742,340182153567.80493,1.2145603045455462,16.389296212664004,1.0176782650088638,,,,,,
MOND,gas_mix_hstar0p6,11.0,70.0,-2.0000000000000004,-1.0,0.673211072581178,0.05,2923.600416884603,15.354683688623338,4.000000000000002,1.0,0.25,0.0,5.250000000000002,2928.850416884603,,,,,1.0176782650088638,1.2e-10,84.47823744514962,,,,
TG_edge_limit,gas_mix_hstar0p6,11.0,70.0,-2.0000000000000004,-1.0,0.673211072581178,0.05,17062.17190451956,39.29246579740608,4.000000000000002,1.0,0.25,0.0,5.250000000000002,17067.42190451956,,,,,1.0176782650088638,,,7.663294663638936e-05,9.091725074947609e-12,0.028818711789340545,derived Kcrit limiting curve; no finite normalization and no K prior
NFW,gas_mix_hstar0p6,11.0,70.0,-2.0000000000000004,-1.0,0.7553552470765004,0.1,75.31965689369363,7.816742450296713,4.000000000000002,1.0,1.0,0.0,6.000000000000002,81.31965689369363,11.537325003640772,344607720977.1612,1.1891334911298614,15.457294846407201,1.0176782650088638,,,,,,
MOND,gas_mix_hstar0p6,11.0,70.0,-2.0000000000000004,-1.0,0.7553552470765004,0.1,1877.1021529898198,12.226367798563617,4.000000000000002,1.0,1.0,0.0,6.000000000000002,1883.1021529898198,,,,,1.0176782650088638,1.2e-10,90.04699144039233,,,,
TG_edge_limit,gas_mix_hstar0p6,11.0,70.0,-2.0000000000000004,-1.0,0.7553552470765004,0.1,12960.55857187594,34.18469579366953,4.000000000000002,1.0,1.0,0.0,6.000000000000002,12966.55857187594,,,,,1.0176782650088638,,,6.936855364504561e-05,5.87054619383955e-12,0.028196707830119426,derived Kcrit limiting curve; no finite normalization and no K prior
NFW,gas_mix_hstar0p6,11.0,70.0,-2.0000000000000004,-1.0,0.762,0.10380372095595687,74.73823391956611,7.782249518580903,4.000000000000002,1.0,1.077521248430216,0.0,6.077521248430218,80.81575516799633,11.537842691503508,345018745321.27234,1.1870063426336177,15.381771043751744,1.0176782650088638,,,,,,
MOND,gas_mix_hstar0p6,11.0,70.0,-2.0000000000000004,-1.0,0.762,0.10380372095595687,1806.5466034720375,11.990394304555869,4.000000000000002,1.0,1.077521248430216,0.0,6.077521248430218,1812.6241247204678,,,,,1.0176782650088638,1.2e-10,90.49745545220422,,,,
TG_edge_limit,gas_mix_hstar0p6,11.0,70.0,-2.0000000000000004,-1.0,0.762,0.10380372095595687,12662.93997659672,33.7846106236647,4.000000000000002,1.0,1.077521248430216,0.0,6.077521248430218,12669.017497845149,,,,,1.0176782650088638,,,6.884011692087779e-05,8.017585590766426e-12,0.028152273007264753,derived Kcrit limiting curve; no finite normalization and no K prior
NFW,gas_mix_hstar0p3,11.0,73.0,-2.0000000000000004,0.0,0.4765969408345689,-0.1,97.44162698542466,9.521769725646292,4.000000000000002,0.0,1.0,0.0,5.000000000000002,102.44162698542466,11.501926775655434,317633847804.72296,1.2659793248331639,18.449275868555205,1.0,,,,,,
MOND,gas_mix_hstar0p3,11.0,73.0,-2.0000000000000004,0.0,0.4765969408345689,-0.1,6722.648549176517,23.08441947893776,4.000000000000002,0.0,1.0,0.0,5.000000000000002,6727.648549176517,,,,,1.0,1.2e-10,74.9782354862153,,,,
TG_edge_limit,gas_mix_hstar0p3,11.0,73.0,-2.0000000000000004,0.0,0.4765969408345689,-0.1,30061.299246562332,51.2235262723871,4.000000000000002,0.0,1.0,0.0,5.000000000000002,30066.299246562332,,,,,1.0,,,0.00010495112311454791,6.261690467426929e-12,0.02963266451832332,derived Kcrit limiting curve; no finite normalization and no K prior
NFW,gas_mix_hstar0p3,11.0,73.0,-2.0000000000000004,0.0,0.5347505628802474,-0.05,91.04024655575219,9.213520990256093,4.000000000000002,0.0,0.25,0.0,4.250000000000002,95.29024655575219,11.503057295185371,318461763119.0392,1.2506651715627704,17.810051347474232,1.0,,,,,,
MOND,gas_mix_hstar0p3,11.0,73.0,-2.0000000000000004,0.0,0.5347505628802474,-0.05,5218.104739397477,20.241697870128164,4.000000000000002,0.0,0.25,0.0,4.250000000000002,5222.354739397477,,,,,1.0,1.2e-10,79.02069019044247,,,,
TG_edge_limit,gas_mix_hstar0p3,11.0,73.0,-2.0000000000000004,0.0,0.5347505628802474,-0.05,25252.75951130617,46.88737536484168,4.000000000000002,0.0,0.25,0.0,4.250000000000002,25257.00951130617,,,,,1.0,,,9.53994544054456e-05,6.891890423661727e-12,0.02875861681762975,derived Kcrit limiting curve; no finite normalization and no K prior
NFW,gas_mix_hstar0p3,11.0,73.0,-2.0000000000000004,0.0,0.6,0.0,84.35667450713566,8.879535634241828,4.000000000000002,0.0,0.0,0.0,4.000000000000002,88.35667450713566,11.50488960924172,319808210470.1677,1.232722273384618,17.089221284029225,1.0,,,,,,
MOND,gas_mix_hstar0p3,11.0,73.0,-2.0000000000000004,0.0,0.6,0.0,3856.9773405981678,17.313490906288642,4.000000000000002,0.0,0.0,0.0,4.000000000000002,3860.9773405981678,,,,,1.0,1.2e-10,83.55639896926512,,,,
TG_edge_limit,gas_mix_hstar0p3,11.0,73.0,-2.0000000000000004,0.0,0.6,0.0,20605.314147622146,42.28294895488561,4.000000000000002,0.0,0.0,0.0,4.000000000000002,20609.314147622146,,,,,1.0,,,8.653341616575325e-05,6.836194851592181e-12,0.027981546427451515,derived Kcrit limiting curve; no finite normalization and no K prior
NFW,gas_mix_hstar0p3,11.0,73.0,-2.0000000000000004,0.0,0.673211072581178,0.05,77.4379547030951,8.520721792718684,4.000000000000002,0.0,0.25,0.0,4.250000000000002,81.6879547030951,11.507752986188802,321923726386.6706,1.211550645333943,16.276111087559066,1.0,,,,,,
MOND,gas_mix_hstar0p3,11.0,73.0,-2.0000000000000004,0.0,0.673211072581178,0.05,2671.055860007258,14.347653556914425,4.000000000000002,0.0,0.25,0.0,4.250000000000002,2675.305860007258,,,,,1.0,1.2e-10,88.64554792244355,,,,
TG_edge_limit,gas_mix_hstar0p3,11.0,73.0,-2.0000000000000004,0.0,0.673211072581178,0.05,16193.754157552503,37.402576050317585,4.000000000000002,0.0,0.25,0.0,4.250000000000002,16198.004157552503,,,,,1.0,,,7.834198798802161e-05,6.2062109158583325e-12,0.027291379264753935,derived Kcrit limiting curve; no finite normalization and no K prior
NFW,gas_mix_hstar0p3,11.0,73.0,-2.0000000000000004,0.0,0.7553552470765004,0.1,70.3355327229087,8.139579379550147,4.000000000000002,0.0,1.0,0.0,5.000000000000002,75.3355327229087,11.51214559808166,325196301814.0379,1.186354461254531,15.358700134704778,1.0,,,,,,
MOND,gas_mix_hstar0p3,11.0,73.0,-2.0000000000000004,0.0,0.7553552470765004,0.1,1696.595831081525,11.458546037585656,4.000000000000002,0.0,1.0,0.0,5.000000000000002,1701.595831081525,,,,,1.0,1.2e-10,94.3556669646013,,,,
TG_edge_limit,gas_mix_hstar0p3,11.0,73.0,-2.0000000000000004,0.0,0.7553552470765004,0.1,12104.278566712657,32.243163736286796,4.000000000000002,0.0,1.0,0.0,5.000000000000002,12109.278566712657,,,,,1.0,,,7.080502817028986e-05,6.571742223654127e-12,0.026678799044470597,derived Kcrit limiting curve; no finite normalization and no K prior
NFW,gas_mix_hstar0p3,11.0,73.0,-2.0000000000000004,0.0,0.762,0.10380372095595687,69.78911037076524,8.109788489451377,4.000000000000002,0.0,1.077521248430216,0.0,5.077521248430218,74.86663161919546,11.51256184496361,325508133627.3307,1.1842446500920398,15.28426820866345,1.0,,,,,,
MOND,gas_mix_hstar0p3,11.0,73.0,-2.0000000000000004,0.0,0.762,0.10380372095595687,1632.2542319343959,11.24814520915526,4.000000000000002,0.0,1.077521248430216,0.0,5.077521248430218,1637.331753182826,,,,,1.0,1.2e-10,94.8175661854775,,,,
TG_edge_limit,gas_mix_hstar0p3,11.0,73.0,-2.0000000000000004,0.0,0.762,0.10380372095595687,11809.07548384076,31.839351194172124,4.000000000000002,0.0,1.077521248430216,0.0,5.077521248430218,11814.153005089189,,,,,1.0,,,7.02577185925292e-05,4.865832499489289e-12,0.02663512671548414,derived Kcrit limiting curve; no finite normalization and no K prior
NFW,gas_thin_hstar0p3,11.0,73.0,-2.0000000000000004,0.0,0.4765969408345689,-0.1,97.91969046516247,9.542058324824033,4.000000000000002,0.0,1.0,0.0,5.000000000000002,102.91969046516247,11.499899354604855,316154490434.8877,1.2671046446847722,18.49714260025349,1.0,,,,,,
MOND,gas_thin_hstar0p3,11.0,73.0,-2.0000000000000004,0.0,0.4765969408345689,-0.1,6694.565163598226,23.031306763505107,4.000000000000002,0.0,1.0,0.0,5.000000000000002,6699.565163598226,,,,,1.0,1.2e-10,75.51464064890311,,,,
TG_edge_limit,gas_thin_hstar0p3,11.0,73.0,-2.0000000000000004,0.0,0.4765969408345689,-0.1,29828.0384935863,51.014962622046994,4.000000000000002,0.0,1.0,0.0,5.000000000000002,29833.0384935863,,,,,1.0,,,0.0001042778485263256,6.25898366466681e-12,0.029672746428306366,derived Kcrit limiting curve; no finite normalization and no K prior
NFW,gas_thin_hstar0p3,11.0,73.0,-2.0000000000000004,0.0,0.5347505628802474,-0.05,91.5054804769828,9.232938716665702,4.000000000000002,0.0,0.25,0.0,4.250000000000002,95.7554804769828,11.500981316094695,316943110712.14935,1.2518006170577243,17.856675934513074,1.0,,,,,,
MOND,gas_thin_hstar0p3,11.0,73.0,-2.0000000000000004,0.0,0.5347505628802474,-0.05,5198.4207893035,20.19992480279013,4.000000000000002,0.0,0.25,0.0,4.250000000000002,5202.6707893035,,,,,1.0,1.2e-10,79.55709535313028,,,,
TG_edge_limit,gas_thin_hstar0p3,11.0,73.0,-2.0000000000000004,0.0,0.5347505628802474,-0.05,25052.291171163157,46.69179681680195,4.000000000000002,0.0,0.25,0.0,4.250000000000002,25056.541171163157,,,,,1.0,,,9.484750227637987e-05,6.6095337007369696e-12,0.02879670649065615,derived Kcrit limiting curve; no finite normalization and no K prior
NFW,gas_thin_hstar0p3,11.0,73.0,-2.0000000000000004,0.0,0.6,0.0,84.8097209515241,8.897959223838646,4.000000000000002,0.0,0.0,0.0,4.000000000000002,88.8097209515241,11.502756347576506,318241159102.27527,1.2338690737590814,17.13440680714821,1.0,,,,,,
MOND,gas_thin_hstar0p3,11.0,73.0,-2.0000000000000004,0.0,0.6,0.0,3845.5720268822315,17.286467517979275,4.000000000000002,0.0,0.0,0.0,4.000000000000002,3849.5720268822315,,,,,1.0,1.2e-10,84.09280413195293,,,,
TG_edge_limit,gas_thin_hstar0p3,11.0,73.0,-2.0000000000000004,0.0,0.6,0.0,20436.369682811746,42.100524558482725,4.000000000000002,0.0,0.0,0.0,4.000000000000002,20440.369682811746,,,,,1.0,,,8.608265684308723e-05,6.49687356748952e-12,0.028017255964155482,derived Kcrit limiting curve; no finite normalization and no K prior
NFW,gas_thin_hstar0p3,11.0,73.0,-2.0000000000000004,0.0,0.673211072581178,0.05,77.87983266067069,8.538009800851096,4.000000000000002,0.0,0.25,0.0,4.250000000000002,82.12983266067069,11.505551585357619,320296051864.62085,1.2127101472118924,16.31962395165883,1.0,,,,,,
MOND,gas_thin_hstar0p3,11.0,73.0,-2.0000000000000004,0.0,0.673211072581178,0.05,2667.756606522256,14.340961921092864,4.000000000000002,0.0,0.25,0.0,4.250000000000002,2672.006606522256,,,,,1.0,1.2e-10,89.18195308513135,,,,
TG_edge_limit,gas_thin_hstar0p3,11.0,73.0,-2.0000000000000004,0.0,0.673211072581178,0.05,16055.039620874728,37.23374311697875,4.000000000000002,0.0,0.25,0.0,4.250000000000002,16059.289620874728,,,,,1.0,,,7.797510586042043e-05,6.071190945028525e-12,0.027324513312098297,derived Kcrit limiting curve; no finite normalization and no K prior
NFW,gas_thin_hstar0p3,11.0,73.0,-2.0000000000000004,0.0,0.7553552470765004,0.1,70.76749466212041,8.155568051668789,4.000000000000002,0.0,1.0,0.0,5.000000000000002,75.76749466212041,11.509862351063088,323491110692.77625,1.1875280796335412,15.400260943760143,1.0,,,,,,
MOND,gas_thin_hstar0p3,11.0,73.0,-2.0000000000000004,0.0,0.7553552470765004,0.1,1701.1830543858691,11.4818465577145,4.000000000000002,0.0,1.0,0.0,5.000000000000002,1706.1830543858691,,,,,1.0,1.2e-10,94.89207212728911,,,,
TG_edge_limit,gas_thin_hstar0p3,11.0,73.0,-2.0000000000000004,0.0,0.7553552470765004,0.1,11994.493626740985,32.088873263553175,4.000000000000002,0.0,1.0,0.0,5.000000000000002,11999.493626740985,,,,,1.0,,,7.050729426863732e-05,6.141114955024535e-12,0.026709298694437666,derived Kcrit limiting curve; no finite normalization and no K prior
NFW,gas_thin_hstar0p3,11.0,73.0,-2.0000000000000004,0.0,0.762,0.10380372095595687,70.2203676576458,8.125670905856625,4.000000000000002,0.0,1.077521248430216,0.0,5.077521248430218,75.29788890607601,11.510271706248501,323796169121.8692,1.1854194020325926,15.325667605928684,1.0,,,,,,
MOND,gas_thin_hstar0p3,11.0,73.0,-2.0000000000000004,0.0,0.762,0.10380372095595687,1637.4312084901555,11.274295953205268,4.000000000000002,0.0,1.077521248430216,0.0,5.077521248430218,1642.5087297385858,,,,,1.0,1.2e-10,95.3539713481653,,,,
TG_edge_limit,gas_thin_hstar0p3,11.0,73.0,-2.0000000000000004,0.0,0.762,0.10380372095595687,11701.438276149642,31.68623008614809,4.000000000000002,0.0,1.077521248430216,0.0,5.077521248430218,11706.515797398071,,,,,1.0,,,6.996470974458065e-05,6.145366276093642e-12,0.026665426428842048,derived Kcrit limiting curve; no finite normalization and no K prior
NFW,gas_mix_hstar0p6,11.0,73.0,-2.0000000000000004,0.0,0.4765969408345689,-0.1,100.32231903804207,9.45476619128479,4.000000000000002,0.0,1.0,0.0,5.000000000000002,105.32231903804207,11.49513748062234,312706911805.79065,1.278200031174789,18.975797239340586,1.0,,,,,,
MOND,gas_mix_hstar0p6,11.0,73.0,-2.0000000000000004,0.0,0.4765969408345689,-0.1,7632.437575874049,24.737991619422417,4.000000000000002,0.0,1.0,0.0,5.000000000000002,7637.437575874049,,,,,1.0,1.2e-10,74.9437220588799,,,,
TG_edge_limit,gas_mix_hstar0p6,11.0,73.0,-2.0000000000000004,0.0,0.4765969408345689,-0.1,33901.94003176997,54.56614010083541,4.000000000000002,0.0,1.0,0.0,5.000000000000002,33906.94003176997,,,,,1.0,,,0.00010961677161754787,1.2082162597169144e-11,0.03329579551935024,derived Kcrit limiting curve; no finite normalization and no K prior
NFW,gas_mix_hstar0p6,11.0,73.0,-2.0000000000000004,0.0,0.5347505628802474,-0.05,94.18254776877768,9.12621365314648,4.000000000000002,0.0,0.25,0.0,4.250000000000002,98.43254776877768,11.495036025321953,312633869044.3461,1.2647739882291473,18.398142920783588,1.0,,,,,,
MOND,gas_mix_hstar0p6,11.0,73.0,-2.0000000000000004,0.0,0.5347505628802474,-0.05,6068.287135151745,21.96180465051942,4.000000000000002,0.0,0.25,0.0,4.250000000000002,6072.537135151745,,,,,1.0,1.2e-10,78.98196548805093,,,,
TG_edge_limit,gas_mix_hstar0p6,11.0,73.0,-2.0000000000000004,0.0,0.5347505628802474,-0.05,29057.256259093956,50.47905619115132,4.000000000000002,0.0,0.25,0.0,4.250000000000002,29061.506259093956,,,,,1.0,,,9.98177563281895e-05,9.653886464802597e-12,0.03235944591120639,derived Kcrit limiting curve; no finite normalization and no K prior
NFW,gas_mix_hstar0p6,11.0,73.0,-2.0000000000000004,0.0,0.6,0.0,87.78647034604833,8.765767435275135,4.000000000000002,0.0,0.0,0.0,4.000000000000002,91.78647034604833,11.49533392088857,312848387523.9577,1.2490863259960359,17.74542176822042,1.0,,,,,,
MOND,gas_mix_hstar0p6,11.0,73.0,-2.0000000000000004,0.0,0.6,0.0,4634.6346121267115,19.093700003464864,4.000000000000002,0.0,0.0,0.0,4.000000000000002,4638.6346121267115,,,,,1.0,1.2e-10,83.51294913854447,,,,
TG_edge_limit,gas_mix_hstar0p6,11.0,73.0,-2.0000000000000004,0.0,0.6,0.0,24320.922113768815,46.137858923680675,4.000000000000002,0.0,0.0,0.0,4.000000000000002,24324.922113768815,,,,,1.0,,,9.068995780196059e-05,9.722108792832219e-12,0.03152304658248399,derived Kcrit limiting curve; no finite normalization and no K prior
NFW,gas_mix_hstar0p6,11.0,73.0,-2.0000000000000004,0.0,0.673211072581178,0.05,81.18876631531771,8.372405493879016,4.000000000000002,0.0,0.25,0.0,4.250000000000002,85.43876631531771,11.496254705065768,313512387296.7597,1.2306368927230367,17.007359532839804,1.0,,,,,,
MOND,gas_mix_hstar0p6,11.0,73.0,-2.0000000000000004,0.0,0.673211072581178,0.05,3361.3947470341645,16.16773652753574,4.000000000000002,0.0,0.25,0.0,4.250000000000002,3365.6447470341645,,,,,1.0,1.2e-10,88.59679641053869,,,,
TG_edge_limit,gas_mix_hstar0p6,11.0,73.0,-2.0000000000000004,0.0,0.673211072581178,0.05,19759.157848244857,41.53546903569516,4.000000000000002,0.0,0.25,0.0,4.250000000000002,19763.407848244857,,,,,1.0,,,8.222915402937709e-05,9.083783545443573e-12,0.0307770437393807,derived Kcrit limiting curve; no finite normalization and no K prior
NFW,gas_mix_hstar0p6,11.0,73.0,-2.0000000000000004,0.0,0.7553552470765004,0.1,74.4511479903333,7.946064177959712,4.000000000000002,0.0,1.0,0.0,5.000000000000002,79.4511479903333,11.498138931337973,314875544373.411,1.2087691002837166,16.172199877558494,1.0,,,,,,
MOND,gas_mix_hstar0p6,11.0,73.0,-2.0000000000000004,0.0,0.7553552470765004,0.1,2282.666603038137,13.261142754001945,4.000000000000002,0.0,1.0,0.0,5.000000000000002,2287.666603038137,,,,,1.0,1.2e-10,94.30096686856892,,,,
TG_edge_limit,gas_mix_hstar0p6,11.0,73.0,-2.0000000000000004,0.0,0.7553552470765004,0.1,15448.498889959244,36.66860024595326,4.000000000000002,0.0,1.0,0.0,5.000000000000002,15453.498889959244,,,,,1.0,,,7.442102098385377e-05,6.860046514488678e-12,0.030112410480040947,derived Kcrit limiting curve; no finite normalization and no K prior
NFW,gas_mix_hstar0p6,11.0,73.0,-2.0000000000000004,0.0,0.762,0.10380372095595687,73.93459452568617,7.912308709412641,4.000000000000002,0.0,1.077521248430216,0.0,5.077521248430218,79.01211577411638,11.49833505154895,315017769076.4358,1.2069424622039935,16.10432261844724,1.0,,,,,,
MOND,gas_mix_hstar0p6,11.0,73.0,-2.0000000000000004,0.0,0.762,0.10380372095595687,2209.631126362339,13.044852465493127,4.000000000000002,0.0,1.077521248430216,0.0,5.077521248430218,2214.708647610769,,,,,1.0,1.2e-10,94.76238490046228,,,,
TG_edge_limit,gas_mix_hstar0p6,11.0,73.0,-2.0000000000000004,0.0,0.762,0.10380372095595687,15133.263761842543,36.287589017501084,4.000000000000002,0.0,1.077521248430216,0.0,5.077521248430218,15138.341283090973,,,,,1.0,,,7.385315099621019e-05,7.479073950292584e-12,0.03006493724209835,derived Kcrit limiting curve; no finite normalization and no K prior
NFW,gas_mix_hstar0p3,11.0,76.0,-2.0000000000000004,1.0,0.4765969408345689,-0.1,97.53835420770227,9.53306360376123,4.000000000000002,1.0,1.0,0.0,6.000000000000002,103.53835420770227,11.479814365634219,301866115132.93207,1.2766831465650763,18.909635023259472,0.9855807153076326,,,,,,
MOND,gas_mix_hstar0p3,11.0,76.0,-2.0000000000000004,1.0,0.4765969408345689,-0.1,7725.202212907416,24.67899198739027,4.000000000000002,1.0,1.0,0.0,6.000000000000002,7731.202212907416,,,,,0.9855807153076326,1.2e-10,81.83566034632568,,,,
TG_edge_limit,gas_mix_hstar0p3,11.0,76.0,-2.0000000000000004,1.0,0.4765969408345689,-0.1,34819.73993119205,54.53926758186897,4.000000000000002,1.0,1.0,0.0,6.000000000000002,34825.73993119205,,,,,0.9855807153076326,,,0.00011521192930252975,5.158201140646095e-12,0.032611826718865984,derived Kcrit limiting curve; no finite normalization and no K prior
NFW,gas_mix_hstar0p3,11.0,76.0,-2.0000000000000004,1.0,0.5347505628802474,-0.05,91.87214164347871,9.245400249486593,4.000000000000002,1.0,0.25,0.0,5.250000000000002,97.12214164347871,11.478512206054468,300962375460.1955,1.2641950424383612,18.373633212801227,0.9855807153076326,,,,,,
MOND,gas_mix_hstar0p3,11.0,76.0,-2.0000000000000004,1.0,0.5347505628802474,-0.05,6140.941379454102,21.955692141247848,4.000000000000002,1.0,0.25,0.0,5.250000000000002,6146.191379454102,,,,,0.9855807153076326,1.2e-10,86.11872714143719,,,,
TG_edge_limit,gas_mix_hstar0p3,11.0,76.0,-2.0000000000000004,1.0,0.5347505628802474,-0.05,29845.062522542998,50.46169791545039,4.000000000000002,1.0,0.25,0.0,5.250000000000002,29850.312522542998,,,,,0.9855807153076326,,,0.00010471929933110321,8.91114747344475e-12,0.03165486279309353,derived Kcrit limiting curve; no finite normalization and no K prior
NFW,gas_mix_hstar0p3,11.0,76.0,-2.0000000000000004,1.0,0.6,0.0,85.99505805184062,8.930692560637787,4.000000000000002,1.0,0.0,0.0,5.000000000000002,90.99505805184062,11.477374481768093,300174974054.75885,1.2496071721378335,17.766716487300624,0.9855807153076326,,,,,,
MOND,gas_mix_hstar0p3,11.0,76.0,-2.0000000000000004,1.0,0.6,0.0,4698.004937184398,19.17139308761033,4.000000000000002,1.0,0.0,0.0,5.000000000000002,4703.004937184398,,,,,0.9855807153076326,1.2e-10,90.92440712656025,,,,
TG_edge_limit,gas_mix_hstar0p3,11.0,76.0,-2.0000000000000004,1.0,0.6,0.0,24985.800876557827,46.13535469978169,4.000000000000002,1.0,0.0,0.0,5.000000000000002,24990.800876557827,,,,,0.9855807153076326,,,9.498201602074148e-05,4.912651909226991e-12,0.03080367949056189,derived Kcrit limiting curve; no finite normalization and no K prior
NFW,gas_mix_hstar0p3,11.0,76.0,-2.0000000000000004,1.0,0.673211072581178,0.05,79.97460440883559,8.58850120154553,4.000000000000002,1.0,0.25,0.0,5.250000000000002,85.22460440883559,11.476561109965186,299613315134.521,1.2324566235074805,17.07877132077536,0.9855807153076326,,,,,,
MOND,gas_mix_hstar0p3,11.0,76.0,-2.0000000000000004,1.0,0.673211072581178,0.05,3427.1490799563517,16.376974565588146,4.000000000000002,1.0,0.25,0.0,5.250000000000002,3432.3990799563517,,,,,0.9855807153076326,1.2e-10,96.31646875533791,,,,
TG_edge_limit,gas_mix_hstar0p3,11.0,76.0,-2.0000000000000004,1.0,0.673211072581178,0.05,20308.321611222294,41.553264447364995,4.000000000000002,1.0,0.25,0.0,5.250000000000002,20313.571611222294,,,,,0.9855807153076326,,,8.598721338590071e-05,6.393527771063662e-12,0.03004735700113497,derived Kcrit limiting curve; no finite normalization and no K prior
NFW,gas_mix_hstar0p3,11.0,76.0,-2.0000000000000004,1.0,0.7553552470765004,0.1,73.89334107045231,8.219437977807807,4.000000000000002,1.0,1.0,0.0,6.000000000000002,79.89334107045231,11.476324312291897,299449996463.96954,1.212136389893319,16.298077923302923,0.9855807153076326,,,,,,
MOND,gas_mix_hstar0p3,11.0,76.0,-2.0000000000000004,1.0,0.7553552470765004,0.1,2363.313200487964,13.67804323071848,4.000000000000002,1.0,1.0,0.0,6.000000000000002,2369.313200487964,,,,,0.9855807153076326,1.2e-10,102.36646140955997,,,,
TG_edge_limit,gas_mix_hstar0p3,11.0,76.0,-2.0000000000000004,1.0,0.7553552470765004,0.1,15889.273406863305,36.71212596514609,4.000000000000002,1.0,1.0,0.0,6.000000000000002,15895.273406863305,,,,,0.9855807153076326,,,7.771220144634175e-05,5.697101935204638e-12,0.029375785482322225,derived Kcrit limiting curve; no finite normalization and no K prior
NFW,gas_mix_hstar0p3,11.0,76.0,-2.0000000000000004,1.0,0.762,0.10380372095595687,73.43079435198604,8.19031159968863,4.000000000000002,1.0,1.077521248430216,0.0,6.077521248430218,79.50831560041625,11.476339983725806,299460802255.1889,1.2104394293462133,16.234519133402628,0.9855807153076326,,,,,,
MOND,gas_mix_hstar0p3,11.0,76.0,-2.0000000000000004,1.0,0.762,0.10380372095595687,2291.946293355327,13.481796419970062,4.000000000000002,1.0,1.077521248430216,0.0,6.077521248430218,2298.023814603757,,,,,0.9855807153076326,1.2e-10,102.85585346472736,,,,
TG_edge_limit,gas_mix_hstar0p3,11.0,76.0,-2.0000000000000004,1.0,0.762,0.10380372095595687,15566.095313574988,36.33328943974536,4.000000000000002,1.0,1.077521248430216,0.0,6.077521248430218,15572.172834823417,,,,,0.9855807153076326,,,7.711133455471697e-05,7.0425297353143305e-12,0.02932789743560144,derived Kcrit limiting curve; no finite normalization and no K prior
NFW,gas_thin_hstar0p3,11.0,76.0,-2.0000000000000004,1.0,0.4765969408345689,-0.1,97.66519105256494,9.551262102659184,4.000000000000002,1.0,1.0,0.0,6.000000000000002,103.66519105256494,11.47811084537843,300684364415.69885,1.2776905847408175,18.953550849257336,0.9855807153076326,,,,,,
MOND,gas_thin_hstar0p3,11.0,76.0,-2.0000000000000004,1.0,0.4765969408345689,-0.1,7707.352073127383,24.649227370033493,4.000000000000002,1.0,1.0,0.0,6.000000000000002,7713.352073127383,,,,,0.9855807153076326,1.2e-10,82.81473340260418,,,,
TG_edge_limit,gas_thin_hstar0p3,11.0,76.0,-2.0000000000000004,1.0,0.4765969408345689,-0.1,34606.817438267426,54.362051011671895,4.000000000000002,1.0,1.0,0.0,6.000000000000002,34612.817438267426,,,,,0.9855807153076326,,,0.00011452497614686392,6.28923246325164e-12,0.03264598006067944,derived Kcrit limiting curve; no finite normalization and no K prior
NFW,gas_thin_hstar0p3,11.0,76.0,-2.0000000000000004,1.0,0.5347505628802474,-0.05,91.98521790365861,9.262945910524786,4.000000000000002,1.0,0.25,0.0,5.250000000000002,97.23521790365861,11.476768483256736,299756413051.03503,1.2652156687839375,18.416863479906144,0.9855807153076326,,,,,,
MOND,gas_thin_hstar0p3,11.0,76.0,-2.0000000000000004,1.0,0.5347505628802474,-0.05,6130.003129889472,21.936881191572084,4.000000000000002,1.0,0.25,0.0,5.250000000000002,6135.253129889472,,,,,0.9855807153076326,1.2e-10,87.09780019771569,,,,
TG_edge_limit,gas_thin_hstar0p3,11.0,76.0,-2.0000000000000004,1.0,0.5347505628802474,-0.05,29660.316318802074,50.2957329054835,4.000000000000002,1.0,0.25,0.0,5.250000000000002,29665.566318802074,,,,,0.9855807153076326,,,0.00010415574825928217,5.4745502147990145e-12,0.03168789818758867,derived Kcrit limiting curve; no finite normalization and no K prior
NFW,gas_thin_hstar0p3,11.0,76.0,-2.0000000000000004,1.0,0.6,0.0,86.09491870525667,8.947488396456382,4.000000000000002,1.0,0.0,0.0,5.000000000000002,91.09491870525667,11.475583323157268,298939513328.7424,1.250643011271051,17.80914259573859,0.9855807153076326,,,,,,
MOND,gas_thin_hstar0p3,11.0,76.0,-2.0000000000000004,1.0,0.6,0.0,4693.846404471652,19.166407069254596,4.000000000000002,1.0,0.0,0.0,5.000000000000002,4698.846404471652,,,,,0.9855807153076326,1.2e-10,91.90348018283875,,,,
TG_edge_limit,gas_thin_hstar0p3,11.0,76.0,-2.0000000000000004,1.0,0.6,0.0,24828.151550424765,45.980762811179986,4.000000000000002,1.0,0.0,0.0,5.000000000000002,24833.151550424765,,,,,0.9855807153076326,,,9.452148695148227e-05,4.379034276994042e-12,0.03083507749144121,derived Kcrit limiting curve; no finite normalization and no K prior
NFW,gas_thin_hstar0p3,11.0,76.0,-2.0000000000000004,1.0,0.673211072581178,0.05,80.06250352385744,8.60443569234374,4.000000000000002,1.0,0.25,0.0,5.250000000000002,85.31250352385744,11.474713534611269,298341407720.828,1.2335100786568942,17.120249071441542,0.9855807153076326,,,,,,
MOND,gas_thin_hstar0p3,11.0,76.0,-2.0000000000000004,1.0,0.673211072581178,0.05,3429.5917337501737,16.390105873726284,4.000000000000002,1.0,0.25,0.0,5.250000000000002,3434.8417337501737,,,,,0.9855807153076326,1.2e-10,97.29554181161642,,,,
TG_edge_limit,gas_thin_hstar0p3,11.0,76.0,-2.0000000000000004,1.0,0.673211072581178,0.05,20176.664082657553,41.41034901199144,4.000000000000002,1.0,0.25,0.0,5.250000000000002,20181.914082657553,,,,,0.9855807153076326,,,8.561215286924601e-05,6.351495310126958e-12,0.030076808974528524,derived Kcrit limiting curve; no finite normalization and no K prior
NFW,gas_thin_hstar0p3,11.0,76.0,-2.0000000000000004,1.0,0.7553552470765004,0.1,73.97149295192288,8.234384468669282,4.000000000000002,1.0,1.0,0.0,6.000000000000002,79.97149295192288,11.47440897427815,298132261370.27606,1.2132103499468838,16.33843105986665,0.9855807153076326,,,,,,
MOND,gas_thin_hstar0p3,11.0,76.0,-2.0000000000000004,1.0,0.7553552470765004,0.1,2372.137936699396,13.715795522338864,4.000000000000002,1.0,1.0,0.0,6.000000000000002,2378.137936699396,,,,,0.9855807153076326,1.2e-10,103.34553446583847,,,,
TG_edge_limit,gas_thin_hstar0p3,11.0,76.0,-2.0000000000000004,1.0,0.7553552470765004,0.1,15782.494110270558,36.58151804544121,4.000000000000002,1.0,1.0,0.0,6.000000000000002,15788.494110270558,,,,,0.9855807153076326,,,7.740765970557733e-05,6.329129747815181e-12,0.029403135818600615,derived Kcrit limiting curve; no finite normalization and no K prior
NFW,gas_thin_hstar0p3,11.0,76.0,-2.0000000000000004,1.0,0.762,0.10380372095595687,73.5083287787769,8.205177308274404,4.000000000000002,1.0,1.077521248430216,0.0,6.077521248430218,79.58585002720712,11.474418941712687,298139103842.4304,1.2115150837462978,16.274778395852305,0.9855807153076326,,,,,,
MOND,gas_thin_hstar0p3,11.0,76.0,-2.0000000000000004,1.0,0.762,0.10380372095595687,2301.2465555356757,13.521764919318223,4.000000000000002,1.0,1.077521248430216,0.0,6.077521248430218,2307.3240767841057,,,,,0.9855807153076326,1.2e-10,103.83492652100585,,,,
TG_edge_limit,gas_thin_hstar0p3,11.0,76.0,-2.0000000000000004,1.0,0.762,0.10380372095595687,15461.163098098583,36.203658155518255,4.000000000000002,1.0,1.077521248430216,0.0,6.077521248430218,15467.240619347012,,,,,0.9855807153076326,,,7.681161364461417e-05,4.527384375604892e-12,0.02935508483530828,derived Kcrit limiting curve; no finite normalization and no K prior
NFW,gas_mix_hstar0p6,11.0,76.0,-2.0000000000000004,1.0,0.4765969408345689,-0.1,100.94420217941365,9.519470150191987,4.000000000000002,1.0,1.0,0.0,6.000000000000002,106.94420217941365,11.474205737715957,297992777211.12164,1.2875563533139311,19.389042085451628,0.9855807153076326,,,,,,
MOND,gas_mix_hstar0p6,11.0,76.0,-2.0000000000000004,1.0,0.4765969408345689,-0.1,8696.426926853557,26.27698367291764,4.000000000000002,1.0,1.0,0.0,6.000000000000002,8702.426926853557,,,,,0.9855807153076326,1.2e-10,81.78030774315948,,,,
TG_edge_limit,gas_mix_hstar0p6,11.0,76.0,-2.0000000000000004,1.0,0.4765969408345689,-0.1,38646.31214578694,57.56492853292717,4.000000000000002,1.0,1.0,0.0,6.000000000000002,38652.31214578694,,,,,0.9855807153076326,,,0.00011988235851129662,1.2429033826749992e-11,0.0364650582018063,derived Kcrit limiting curve; no finite normalization and no K prior
NFW,gas_mix_hstar0p6,11.0,76.0,-2.0000000000000004,1.0,0.5347505628802474,-0.05,95.58786162967445,9.221328905882999,4.000000000000002,1.0,0.25,0.0,5.250000000000002,100.83786162967445,11.471927801022982,296433854420.78204,1.276720626665273,18.911267016361116,0.9855807153076326,,,,,,
MOND,gas_mix_hstar0p6,11.0,76.0,-2.0000000000000004,1.0,0.5347505628802474,-0.05,7056.970544838666,23.621787843302076,4.000000000000002,1.0,0.25,0.0,5.250000000000002,7062.220544838666,,,,,0.9855807153076326,1.2e-10,86.05662049919104,,,,
TG_edge_limit,gas_mix_hstar0p6,11.0,76.0,-2.0000000000000004,1.0,0.5347505628802474,-0.05,33667.82853368075,53.71244593084641,4.000000000000002,1.0,0.25,0.0,5.250000000000002,33673.07853368075,,,,,0.9855807153076326,,,0.00010914206865203027,7.782141447532005e-12,0.03544561843398132,derived Kcrit limiting curve; no finite normalization and no K prior
NFW,gas_mix_hstar0p6,11.0,76.0,-2.0000000000000004,1.0,0.6,0.0,90.04655740932873,8.892149537764713,4.000000000000002,1.0,0.0,0.0,5.000000000000002,95.04655740932873,11.469588836452866,294841652382.2775,1.264096425813173,18.369461527300192,0.9855807153076326,,,,,,
MOND,gas_mix_hstar0p6,11.0,76.0,-2.0000000000000004,1.0,0.6,0.0,5546.787240514472,20.901346368142985,4.000000000000002,1.0,0.0,0.0,5.000000000000002,5551.787240514472,,,,,0.9855807153076326,1.2e-10,90.85472232782536,,,,
TG_edge_limit,gas_mix_hstar0p6,11.0,76.0,-2.0000000000000004,1.0,0.6,0.0,28760.138917133056,49.62425010177308,4.000000000000002,1.0,0.0,0.0,5.000000000000002,28765.138917133056,,,,,0.9855807153076326,,,9.914284013223377e-05,9.010993409028965e-12,0.03453480279360017,derived Kcrit limiting curve; no finite normalization and no K prior
NFW,gas_mix_hstar0p6,11.0,76.0,-2.0000000000000004,1.0,0.673211072581178,0.05,84.39542678198528,8.530121969580485,4.000000000000002,1.0,0.25,0.0,5.250000000000002,89.64542678198528,11.46727528750283,293275164798.5506,1.2493014468319306,17.75421385682814,0.9855807153076326,,,,,,
MOND,gas_mix_hstar0p6,11.0,76.0,-2.0000000000000004,1.0,0.673211072581178,0.05,4194.90298978708,18.155788262908267,4.000000000000002,1.0,0.25,0.0,5.250000000000002,4200.15298978708,,,,,0.9855807153076326,1.2e-10,96.23828112517305,,,,
TG_edge_limit,gas_mix_hstar0p6,11.0,76.0,-2.0000000000000004,1.0,0.673211072581178,0.05,23982.19185440446,45.294026536756725,4.000000000000002,1.0,0.25,0.0,5.250000000000002,23987.44185440446,,,,,0.9855807153076326,,,8.987855204150354e-05,1.3807541932782767e-11,0.03372224568052225,derived Kcrit limiting curve; no finite normalization and no K prior
NFW,gas_mix_hstar0p6,11.0,76.0,-2.0000000000000004,1.0,0.7553552470765004,0.1,78.73045182370964,8.134026640668864,4.000000000000002,1.0,1.0,0.0,6.000000000000002,84.73045182370964,11.465132467807798,291831701864.6743,1.2318391886726396,17.054507747494444,0.9855807153076326,,,,,,
MOND,gas_mix_hstar0p6,11.0,76.0,-2.0000000000000004,1.0,0.7553552470765004,0.1,3034.2705368149345,15.464449466407846,4.000000000000002,1.0,1.0,0.0,6.000000000000002,3040.2705368149345,,,,,0.9855807153076326,1.2e-10,102.27873344561685,,,,
TG_edge_limit,gas_mix_hstar0p6,11.0,76.0,-2.0000000000000004,1.0,0.7553552470765004,0.1,19402.266111601668,40.718668379984,4.000000000000002,1.0,1.0,0.0,6.000000000000002,19408.266111601668,,,,,0.9855807153076326,,,8.133229231494861e-05,8.1368199971569e-12,0.032998155944496,derived Kcrit limiting curve; no finite normalization and no K prior
NFW,gas_mix_hstar0p6,11.0,76.0,-2.0000000000000004,1.0,0.762,0.10380372095595687,78.30206210714921,8.102484910256939,4.000000000000002,1.0,1.077521248430216,0.0,6.077521248430218,84.37958335557943,11.464982444240052,291730908339.1246,1.2303842425716462,16.997468404766412,0.9855807153076326,,,,,,
MOND,gas_mix_hstar0p6,11.0,76.0,-2.0000000000000004,1.0,0.762,0.10380372095595687,2954.8319332524147,15.265665091094991,4.000000000000002,1.0,1.077521248430216,0.0,6.077521248430218,2960.9094545008447,,,,,0.9855807153076326,1.2e-10,102.76735377033404,,,,
TG_edge_limit,gas_mix_hstar0p6,11.0,76.0,-2.0000000000000004,1.0,0.762,0.10380372095595687,19064.11639269967,40.36060045272067,4.000000000000002,1.0,1.077521248430216,0.0,6.077521248430218,19070.1939139481,,,,,0.9855807153076326,,,8.071085993601167e-05,6.607274765338651e-12,0.032946429615474886,derived Kcrit limiting curve; no finite normalization and no K prior
NFW,gas_mix_hstar0p3,11.0,79.0,-2.0000000000000004,2.0,0.4765969408345689,-0.1,104.20981164397729,9.695039136942134,4.000000000000002,4.0,1.0,0.0,9.000000000000002,113.20981164397729,11.46728201594956,293279708493.42163,1.2885447459719948,19.43321904706348,0.9742036203646162,,,,,,
MOND,gas_mix_hstar0p3,11.0,79.0,-2.0000000000000004,2.0,0.4765969408345689,-0.1,9726.271785023266,27.687054675698906,4.000000000000002,4.0,1.0,0.0,9.000000000000002,9735.271785023266,,,,,0.9742036203646162,1.2e-10,79.73999428750224,,,,
TG_edge_limit,gas_mix_hstar0p3,11.0,79.0,-2.0000000000000004,2.0,0.4765969408345689,-0.1,41961.34464431362,59.36028369114295,4.000000000000002,4.0,1.0,0.0,9.000000000000002,41970.34464431362,,,,,0.9742036203646162,,,0.00013179035284023358,7.935003000471002e-12,0.03568109818982965,derived Kcrit limiting curve; no finite normalization and no K prior
NFW,gas_mix_hstar0p3,11.0,79.0,-2.0000000000000004,2.0,0.5347505628802474,-0.05,99.54237249890421,9.450931455137049,4.000000000000002,4.0,0.25,0.0,8.250000000000002,107.79237249890421,11.464134782793568,291162059596.996,1.2792295202103523,19.020832459653313,0.9742036203646162,,,,,,
MOND,gas_mix_hstar0p3,11.0,79.0,-2.0000000000000004,2.0,0.5347505628802474,-0.05,7991.391082861386,25.081226435460025,4.000000000000002,4.0,0.25,0.0,8.250000000000002,7999.641082861386,,,,,0.9742036203646162,1.2e-10,84.01476958619821,,,,
TG_edge_limit,gas_mix_hstar0p3,11.0,79.0,-2.0000000000000004,2.0,0.5347505628802474,-0.05,36840.60485002508,55.606105980091854,4.000000000000002,4.0,0.25,0.0,8.250000000000002,36848.85485002508,,,,,0.9742036203646162,,,0.00011974251708033832,6.058783284796391e-12,0.03466848949264821,derived Kcrit limiting curve; no finite normalization and no K prior
NFW,gas_mix_hstar0p3,11.0,79.0,-2.0000000000000004,2.0,0.6,0.0,94.75447022410994,9.18218701243929,4.000000000000002,4.0,0.0,0.0,8.000000000000002,102.75447022410994,11.460732921534651,288890274487.6845,1.268406423778564,18.552670171513594,0.9742036203646162,,,,,,
MOND,gas_mix_hstar0p3,11.0,79.0,-2.0000000000000004,2.0,0.6,0.0,6383.600168600414,22.416655626667584,4.000000000000002,4.0,0.0,0.0,8.000000000000002,6391.600168600414,,,,,0.9742036203646162,1.2e-10,88.81114635932927,,,,
TG_edge_limit,gas_mix_hstar0p3,11.0,79.0,-2.0000000000000004,2.0,0.6,0.0,31774.28361319411,51.62536722340739,4.000000000000002,4.0,0.0,0.0,8.000000000000002,31782.28361319411,,,,,0.9742036203646162,,,0.00010857253883356253,6.1796810523238896e-12,0.03376721940985851,derived Kcrit limiting curve; no finite normalization and no K prior
NFW,gas_mix_hstar0p3,11.0,79.0,-2.0000000000000004,2.0,0.673211072581178,0.05,89.93302371295134,8.887660901967422,4.000000000000002,4.0,0.25,0.0,8.250000000000002,98.18302371295134,11.45710286244637,286485642947.19855,1.2557633404682804,18.02035492380206,0.9742036203646162,,,,,,
MOND,gas_mix_hstar0p3,11.0,79.0,-2.0000000000000004,2.0,0.673211072581178,0.05,4931.01120790019,19.73023709048005,4.000000000000002,4.0,0.25,0.0,8.250000000000002,4939.26120790019,,,,,0.9742036203646162,1.2e-10,94.19276961256762,,,,
TG_edge_limit,gas_mix_hstar0p3,11.0,79.0,-2.0000000000000004,2.0,0.673211072581178,0.05,26817.273012772952,47.41113360980023,4.000000000000002,4.0,0.25,0.0,8.250000000000002,26825.523012772952,,,,,0.9742036203646162,,,9.826260767687493e-05,7.327541188343196e-12,0.03296585556728548,derived Kcrit limiting curve; no finite normalization and no K prior
NFW,gas_mix_hstar0p3,11.0,79.0,-2.0000000000000004,2.0,0.7553552470765004,0.1,85.19322355821909,8.56681425397585,4.000000000000002,4.0,1.0,0.0,9.000000000000002,94.19322355821909,11.453304157761497,283990725870.35583,1.2408987967036291,17.41401028815247,0.9742036203646162,,,,,,
MOND,gas_mix_hstar0p3,11.0,79.0,-2.0000000000000004,2.0,0.7553552470765004,0.1,3665.424689321701,17.09098705644524,4.000000000000002,4.0,1.0,0.0,9.000000000000002,3674.424689321701,,,,,0.9742036203646162,1.2e-10,100.23105021680162,,,,
TG_edge_limit,gas_mix_hstar0p3,11.0,79.0,-2.0000000000000004,2.0,0.7553552470765004,0.1,22033.22319298486,42.95883347251424,4.000000000000002,4.0,1.0,0.0,9.000000000000002,22042.22319298486,,,,,0.9742036203646162,,,8.878423577356325e-05,4.628414689789862e-12,0.03225381683872485,derived Kcrit limiting curve; no finite normalization and no K prior
NFW,gas_mix_hstar0p3,11.0,79.0,-2.0000000000000004,2.0,0.762,0.10380372095595687,84.83991782704646,8.541333237547565,4.000000000000002,4.0,1.077521248430216,0.0,9.077521248430218,93.91743907547668,11.453011042490722,283799118706.7215,1.2396631505642022,17.364534704583985,0.9742036203646162,,,,,,
MOND,gas_mix_hstar0p3,11.0,79.0,-2.0000000000000004,2.0,0.762,0.10380372095595687,3577.7893791743977,16.895257634670255,4.000000000000002,4.0,1.077521248430216,0.0,9.077521248430218,3586.8669004228277,,,,,0.9742036203646162,1.2e-10,100.71949486846927,,,,
TG_edge_limit,gas_mix_hstar0p3,11.0,79.0,-2.0000000000000004,2.0,0.762,0.10380372095595687,21678.374557022384,42.61034300073198,4.000000000000002,4.0,1.077521248430216,0.0,9.077521248430218,21687.452078270813,,,,,0.9742036203646162,,,8.80962212263692e-05,6.203742909591488e-12,0.03220302498860049,derived Kcrit limiting curve; no finite normalization and no K prior
NFW,gas_thin_hstar0p3,11.0,79.0,-2.0000000000000004,2.0,0.4765969408345689,-0.1,104.37259391258164,9.710391841343123,4.000000000000002,4.0,1.0,0.0,9.000000000000002,113.37259391258164,11.46602906354413,292434807242.1501,1.289315087702303,19.467719840839546,0.9742036203646162,,,,,,
MOND,gas_thin_hstar0p3,11.0,79.0,-2.0000000000000004,2.0,0.4765969408345689,-0.1,9711.683492880076,27.666726348716043,4.000000000000002,4.0,1.0,0.0,9.000000000000002,9720.683492880076,,,,,0.9742036203646162,1.2e-10,80.87513685868551,,,,
TG_edge_limit,gas_thin_hstar0p3,11.0,79.0,-2.0000000000000004,2.0,0.4765969408345689,-0.1,41767.43076633706,59.21461469337485,4.000000000000002,4.0,1.0,0.0,9.000000000000002,41776.43076633706,,,,,0.9742036203646162,,,0.00013106567331981698,5.392698415188898e-12,0.03570674134523473,derived Kcrit limiting curve; no finite normalization and no K prior
NFW,gas_thin_hstar0p3,11.0,79.0,-2.0000000000000004,2.0,0.5347505628802474,-0.05,99.69383217600262,9.465934613975277,4.000000000000002,4.0,0.25,0.0,8.250000000000002,107.94383217600262,11.462855357422367,290305562541.14044,1.2800110104987727,19.05509026978726,0.9742036203646162,,,,,,
MOND,gas_thin_hstar0p3,11.0,79.0,-2.0000000000000004,2.0,0.5347505628802474,-0.05,7982.369562681824,25.069029845524085,4.000000000000002,4.0,0.25,0.0,8.250000000000002,7990.619562681824,,,,,0.9742036203646162,1.2e-10,85.14991215738148,,,,
TG_edge_limit,gas_thin_hstar0p3,11.0,79.0,-2.0000000000000004,2.0,0.5347505628802474,-0.05,36670.1728151237,55.46963418195073,4.000000000000002,4.0,0.25,0.0,8.250000000000002,36678.4228151237,,,,,0.9742036203646162,,,0.00011914788907677245,5.123745049414835e-12,0.03469399883219564,derived Kcrit limiting curve; no finite normalization and no K prior
NFW,gas_thin_hstar0p3,11.0,79.0,-2.0000000000000004,2.0,0.6,0.0,94.8944916341469,9.196784877825905,4.000000000000002,4.0,0.0,0.0,8.000000000000002,102.8944916341469,11.459422422251713,288019851578.39685,1.2692008370488246,18.58663785029329,0.9742036203646162,,,,,,
MOND,gas_thin_hstar0p3,11.0,79.0,-2.0000000000000004,2.0,0.6,0.0,6379.998890291827,22.414252683352334,4.000000000000002,4.0,0.0,0.0,8.000000000000002,6387.998890291827,,,,,0.9742036203646162,1.2e-10,89.94628893051254,,,,
TG_edge_limit,gas_thin_hstar0p3,11.0,79.0,-2.0000000000000004,2.0,0.6,0.0,31626.44274347216,51.49811858684942,4.000000000000002,4.0,0.0,0.0,8.000000000000002,31634.44274347216,,,,,0.9742036203646162,,,0.0001080864901240399,6.611104569979136e-12,0.033791976446464145,derived Kcrit limiting curve; no finite normalization and no K prior
NFW,gas_thin_hstar0p3,11.0,79.0,-2.0000000000000004,2.0,0.673211072581178,0.05,90.0618968765198,8.90178771994101,4.000000000000002,4.0,0.25,0.0,8.250000000000002,98.3118968765198,11.45575563979057,285598314323.05835,1.2565728035480497,18.0539736201556,0.9742036203646162,,,,,,
MOND,gas_thin_hstar0p3,11.0,79.0,-2.0000000000000004,2.0,0.673211072581178,0.05,4932.64743686376,19.73993005280583,4.000000000000002,4.0,0.25,0.0,8.250000000000002,4940.89743686376,,,,,0.9742036203646162,1.2e-10,95.32791218375088,,,,
TG_edge_limit,gas_thin_hstar0p3,11.0,79.0,-2.0000000000000004,2.0,0.673211072581178,0.05,26691.109294036578,47.29322833036736,4.000000000000002,4.0,0.25,0.0,8.250000000000002,26699.359294036578,,,,,0.9742036203646162,,,9.786665281647591e-05,4.815874184871122e-12,0.032989456511494354,derived Kcrit limiting curve; no finite normalization and no K prior
NFW,gas_thin_hstar0p3,11.0,79.0,-2.0000000000000004,2.0,0.7553552470765004,0.1,85.3118455606289,8.580392830125502,4.000000000000002,4.0,1.0,0.0,9.000000000000002,94.3118455606289,11.451913176100534,283082600214.1788,1.2417258885139288,17.44720598711378,0.9742036203646162,,,,,,
MOND,gas_thin_hstar0p3,11.0,79.0,-2.0000000000000004,2.0,0.7553552470765004,0.1,3672.0852471612393,17.11600668757203,4.000000000000002,4.0,1.0,0.0,9.000000000000002,3681.0852471612393,,,,,0.9742036203646162,1.2e-10,101.36619278798489,,,,
TG_edge_limit,gas_thin_hstar0p3,11.0,79.0,-2.0000000000000004,2.0,0.7553552470765004,0.1,21927.813698380945,42.850553888201894,4.000000000000002,4.0,1.0,0.0,9.000000000000002,21936.813698380945,,,,,0.9742036203646162,,,8.846263402207343e-05,6.232945719419249e-12,0.032276017020566865,derived Kcrit limiting curve; no finite normalization and no K prior
NFW,gas_thin_hstar0p3,11.0,79.0,-2.0000000000000004,2.0,0.762,0.10380372095595687,84.95781968238147,8.554866623822729,4.000000000000002,4.0,1.077521248430216,0.0,9.077521248430218,94.03534093081169,11.451616393964565,282889217238.63525,1.240491705492825,17.397694701969073,0.9742036203646162,,,,,,
MOND,gas_thin_hstar0p3,11.0,79.0,-2.0000000000000004,2.0,0.762,0.10380372095595687,3584.8226970647115,16.92160742367751,4.000000000000002,4.0,1.077521248430216,0.0,9.077521248430218,3593.9002183131415,,,,,0.9742036203646162,1.2e-10,101.85463743965254,,,,
TG_edge_limit,gas_thin_hstar0p3,11.0,79.0,-2.0000000000000004,2.0,0.762,0.10380372095595687,21574.5061562072,42.5028140458677,4.000000000000002,4.0,1.077521248430216,0.0,9.077521248430218,21583.58367745563,,,,,0.9742036203646162,,,8.777970322748423e-05,4.953023370454042e-12,0.03222511210969271,derived Kcrit limiting curve; no finite normalization and no K prior
NFW,gas_mix_hstar0p6,11.0,79.0,-2.0000000000000004,2.0,0.4765969408345689,-0.1,107.86711504320674,9.709359143995938,4.000000000000002,4.0,1.0,0.0,9.000000000000002,116.86711504320674,11.463098238698285,290467962729.3059,1.2973897701884398,19.833062030171007,0.9742036203646162,,,,,,
MOND,gas_mix_hstar0p6,11.0,79.0,-2.0000000000000004,2.0,0.4765969408345689,-0.1,10758.969581946856,29.171974930494947,4.000000000000002,4.0,1.0,0.0,9.000000000000002,10767.969581946856,,,,,0.9742036203646162,1.2e-10,79.66520134747586,,,,
TG_edge_limit,gas_mix_hstar0p6,11.0,79.0,-2.0000000000000004,2.0,0.4765969408345689,-0.1,45717.13461472083,62.02349796915031,4.000000000000002,4.0,1.0,0.0,9.000000000000002,45726.13461472083,,,,,0.9742036203646162,,,0.00013668040716861265,1.0972157549230024e-11,0.0396512173085751,derived Kcrit limiting curve; no finite normalization and no K prior
NFW,gas_mix_hstar0p6,11.0,79.0,-2.0000000000000004,2.0,0.5347505628802474,-0.05,103.52748566229889,9.46142293330922,4.000000000000002,4.0,0.25,0.0,8.250000000000002,111.77748566229889,11.459262784486006,287914000829.43585,1.289383451822362,19.470784577667217,0.9742036203646162,,,,,,
MOND,gas_mix_hstar0p6,11.0,79.0,-2.0000000000000004,2.0,0.5347505628802474,-0.05,8978.686928345176,26.631533848384716,4.000000000000002,4.0,0.25,0.0,8.250000000000002,8986.936928345176,,,,,0.9742036203646162,1.2e-10,83.93085052723711,,,,
TG_edge_limit,gas_mix_hstar0p6,11.0,79.0,-2.0000000000000004,2.0,0.5347505628802474,-0.05,40630.69851063976,58.46574542815205,4.000000000000002,4.0,0.25,0.0,8.250000000000002,40638.94851063976,,,,,0.9742036203646162,,,0.00012436696615786074,1.1008593267930263e-11,0.03857920247720773,derived Kcrit limiting curve; no finite normalization and no K prior
NFW,gas_mix_hstar0p6,11.0,79.0,-2.0000000000000004,2.0,0.6,0.0,99.08644476596923,9.186660039360744,4.000000000000002,4.0,0.0,0.0,8.000000000000002,107.08644476596923,11.455026789900241,285119414091.22687,1.2801037089233738,19.059157936885764,0.9742036203646162,,,,,,
MOND,gas_mix_hstar0p6,11.0,79.0,-2.0000000000000004,2.0,0.6,0.0,7315.082035437528,24.031228207282393,4.000000000000002,4.0,0.0,0.0,8.000000000000002,7323.082035437528,,,,,0.9742036203646162,1.2e-10,88.71698762650725,,,,
TG_edge_limit,gas_mix_hstar0p6,11.0,79.0,-2.0000000000000004,2.0,0.6,0.0,35563.98099033001,54.69282326667355,4.000000000000002,4.0,0.0,0.0,8.000000000000002,35571.98099033001,,,,,0.9742036203646162,,,0.00011291795761621072,1.1101010190147103e-11,0.037621167417226466,derived Kcrit limiting curve; no finite normalization and no K prior
NFW,gas_mix_hstar0p6,11.0,79.0,-2.0000000000000004,2.0,0.673211072581178,0.05,94.63296757096694,8.88309058977428,4.000000000000002,4.0,0.25,0.0,8.250000000000002,102.88296757096694,11.450373866594207,282081020802.1021,1.2692945806967042,18.5906502597728,0.9742036203646162,,,,,,
MOND,gas_mix_hstar0p6,11.0,79.0,-2.0000000000000004,2.0,0.673211072581178,0.05,5794.797936543672,21.402142935189207,4.000000000000002,4.0,0.25,0.0,8.250000000000002,5803.047936543672,,,,,0.9742036203646162,1.2e-10,94.08712177670763,,,,
TG_edge_limit,gas_mix_hstar0p6,11.0,79.0,-2.0000000000000004,2.0,0.673211072581178,0.05,30565.876590527958,50.69842156313209,4.000000000000002,4.0,0.25,0.0,8.250000000000002,30574.126590527958,,,,,0.9742036203646162,,,0.00010232242526304605,7.557773133944284e-12,0.036766214001998344,derived Kcrit limiting curve; no finite normalization and no K prior
NFW,gas_mix_hstar0p6,11.0,79.0,-2.0000000000000004,2.0,0.7553552470765004,0.1,90.287427587796,8.54904459340777,4.000000000000002,4.0,1.0,0.0,9.000000000000002,99.287427587796,11.44530331344688,278806768929.4647,1.2566296543338413,18.056337108091427,0.9742036203646162,,,,,,
MOND,gas_mix_hstar0p6,11.0,79.0,-2.0000000000000004,2.0,0.7553552470765004,0.1,4447.951484251239,18.800309455979537,4.000000000000002,4.0,1.0,0.0,9.000000000000002,4456.951484251239,,,,,0.9742036203646162,1.2e-10,100.11251139530965,,,,
TG_edge_limit,gas_mix_hstar0p6,11.0,79.0,-2.0000000000000004,2.0,0.7553552470765004,0.1,25693.25809743726,46.47837635752544,4.000000000000002,4.0,1.0,0.0,9.000000000000002,25702.25809743726,,,,,0.9742036203646162,,,9.255771741114415e-05,1.2295587932941594e-11,0.03600407300225656,derived Kcrit limiting curve; no finite normalization and no K prior
NFW,gas_mix_hstar0p6,11.0,79.0,-2.0000000000000004,2.0,0.762,0.10380372095595687,89.96545327686023,8.522349031946971,4.000000000000002,4.0,1.077521248430216,0.0,9.077521248430218,99.04297452529045,11.444901017047048,278548623752.38696,1.2555789868666962,18.012707089285076,0.9742036203646162,,,,,,
MOND,gas_mix_hstar0p6,11.0,79.0,-2.0000000000000004,2.0,0.762,0.10380372095595687,4353.526212148908,18.605952430093197,4.000000000000002,4.0,1.077521248430216,0.0,9.077521248430218,4362.603733397338,,,,,0.9742036203646162,1.2e-10,100.59991327778533,,,,
TG_edge_limit,gas_mix_hstar0p6,11.0,79.0,-2.0000000000000004,2.0,0.762,0.10380372095595687,25329.517436426868,46.14806297595227,4.000000000000002,4.0,1.077521248430216,0.0,9.077521248430218,25338.594957675297,,,,,0.9742036203646162,,,9.184803239760137e-05,1.0388169293567104e-11,0.03594961731258981,derived Kcrit limiting curve; no finite normalization and no K prior
NFW,gas_mix_hstar0p3,12.4,67.0,-1.0000000000000002,-2.0,0.4765969408345689,-0.1,98.012785291877,9.345177053112659,1.0000000000000004,4.0,1.0,0.0,6.0,104.012785291877,11.594912975245828,393471223043.8141,1.1903848020453727,15.501895396841295,1.038891595602483,,,,,,
MOND,gas_mix_hstar0p3,12.4,67.0,-1.0000000000000002,-2.0,0.4765969408345689,-0.1,3382.7170072601893,16.93201927214718,1.0000000000000004,4.0,1.0,0.0,6.0,3388.7170072601893,,,,,1.038891595602483,1.2e-10,69.6180165005752,,,,
TG_edge_limit,gas_mix_hstar0p3,12.4,67.0,-1.0000000000000002,-2.0,0.4765969408345689,-0.1,19369.790894994792,42.62293247562018,1.0000000000000004,4.0,1.0,0.0,6.0,19375.790894994792,,,,,1.038891595602483,,,8.080153459794553e-05,6.777570042248463e-12,0.028659227887789514,derived Kcrit limiting curve; no finite normalization and no K prior
NFW,gas_mix_hstar0p3,12.4,67.0,-1.0000000000000002,-2.0,0.5347505628802474,-0.05,90.67678386200697,9.016800498766202,1.0000000000000004,4.0,0.25,0.0,5.25,95.92678386200697,11.601652969286231,399625294460.6593,1.1670199636388123,14.689938027653897,1.038891595602483,,,,,,
MOND,gas_mix_hstar0p3,12.4,67.0,-1.0000000000000002,-2.0,0.5347505628802474,-0.05,2291.2432494187588,13.93534401418598,1.0000000000000004,4.0,0.25,0.0,5.25,2296.4932494187588,,,,,1.038891595602483,1.2e-10,73.47845868091105,,,,
TG_edge_limit,gas_mix_hstar0p3,12.4,67.0,-1.0000000000000002,-2.0,0.5347505628802474,-0.05,15121.937873615827,37.584973018264755,1.0000000000000004,4.0,0.25,0.0,5.25,15127.187873615827,,,,,1.038891595602483,,,7.345184247905628e-05,4.1015561944029236e-12,0.02780638394810018,derived Kcrit limiting curve; no finite normalization and no K prior
NFW,gas_mix_hstar0p3,12.4,67.0,-1.0000000000000002,-2.0,0.6,0.0,83.1714147549293,8.677920084804462,1.0000000000000004,4.0,0.0,0.0,5.0,88.1714147549293,11.610647402281918,407988011974.87756,1.1393409794469525,13.78291187728583,1.038891595602483,,,,,,
MOND,gas_mix_hstar0p3,12.4,67.0,-1.0000000000000002,-2.0,0.6,0.0,1389.0509927686899,10.981093237629413,1.0000000000000004,4.0,0.0,0.0,5.0,1394.0509927686899,,,,,1.038891595602483,1.2e-10,77.8099460490136,,,,
TG_edge_limit,gas_mix_hstar0p3,12.4,67.0,-1.0000000000000002,-2.0,0.6,0.0,11183.806239804182,32.237445157229466,1.0000000000000004,4.0,0.0,0.0,5.0,11188.806239804182,,,,,1.038891595602483,,,6.662851267262714e-05,5.359943798685221e-12,0.02704841337023999,derived Kcrit limiting curve; no finite normalization and no K prior
NFW,gas_mix_hstar0p3,12.4,67.0,-1.0000000000000002,-2.0,0.673211072581178,0.05,75.6609664720222,8.337477940329029,1.0000000000000004,4.0,0.25,0.0,5.25,80.9109664720222,11.622851802900417,419615771368.94604,1.1062349746513094,12.77129611779823,1.038891595602483,,,,,,
MOND,gas_mix_hstar0p3,12.4,67.0,-1.0000000000000002,-2.0,0.673211072581178,0.05,715.0523996069489,8.34659186859327,1.0000000000000004,4.0,0.25,0.0,5.25,720.3023996069489,,,,,1.038891595602483,1.2e-10,82.6699548106005,,,,
TG_edge_limit,gas_mix_hstar0p3,12.4,67.0,-1.0000000000000002,-2.0,0.673211072581178,0.05,7655.722237159354,26.579318204625583,1.0000000000000004,4.0,0.25,0.0,5.25,7660.972237159354,,,,,1.038891595602483,,,6.0323472973073235e-05,4.9073598633078385e-12,0.026375421906746428,derived Kcrit limiting curve; no finite normalization and no K prior
NFW,gas_mix_hstar0p3,12.4,67.0,-1.0000000000000002,-2.0,0.7553552470765004,0.1,68.43131407651647,8.009587574813823,1.0000000000000004,4.0,1.0,0.0,6.0,74.43131407651647,11.639751288417058,436265920101.8581,1.0661609418332836,11.645575138178604,1.038891595602483,,,,,,
MOND,gas_mix_hstar0p3,12.4,67.0,-1.0000000000000002,-2.0,0.7553552470765004,0.1,313.6987303266219,6.76621776973614,1.0000000000000004,4.0,1.0,0.0,6.0,319.6987303266219,,,,,1.038891595602483,1.2e-10,88.12297432917023,,,,
TG_edge_limit,gas_mix_hstar0p3,12.4,67.0,-1.0000000000000002,-2.0,0.7553552470765004,0.1,4652.788735450484,20.629747754277453,1.0000000000000004,4.0,1.0,0.0,6.0,4658.788735450484,,,,,1.038891595602483,,,5.4521533444157576e-05,7.412369964622692e-12,0.02577826473196234,derived Kcrit limiting curve; no finite normalization and no K prior
NFW,gas_mix_hstar0p3,12.4,67.0,-1.0000000000000002,-2.0,0.762,0.10380372095595687,67.90561298963921,7.985714414285606,1.0000000000000004,4.0,1.077521248430216,0.0,6.077521248430216,73.98313423806943,11.641288863528732,437813212286.9811,1.0627702721980643,11.555008577443107,1.038891595602483,,,,,,
MOND,gas_mix_hstar0p3,12.4,67.0,-1.0000000000000002,-2.0,0.762,0.10380372095595687,295.71841924256313,6.723650115177511,1.0000000000000004,4.0,1.077521248430216,0.0,6.077521248430216,301.79594049099336,,,,,1.038891595602483,1.2e-10,88.56407642326919,,,,
TG_edge_limit,gas_mix_hstar0p3,12.4,67.0,-1.0000000000000002,-2.0,0.762,0.10380372095595687,4449.45507460449,20.166818256938726,1.0000000000000004,4.0,1.077521248430216,0.0,6.077521248430216,4455.53259585292,,,,,1.038891595602483,,,5.410019355636986e-05,6.448440490279269e-12,0.025735698613035533,derived Kcrit limiting curve; no finite normalization and no K prior
NFW,gas_thin_hstar0p3,12.4,67.0,-1.0000000000000002,-2.0,0.4765969408345689,-0.1,99.14172522929965,9.352185787120186,1.0000000000000004,4.0,1.0,0.0,6.0,105.14172522929965,11.592917549030428,391667511825.48413,1.191242119038698,15.53252706524069,1.038891595602483,,,,,,
MOND,gas_thin_hstar0p3,12.4,67.0,-1.0000000000000002,-2.0,0.4765969408345689,-0.1,3354.967056903736,16.86505233563723,1.0000000000000004,4.0,1.0,0.0,6.0,3360.967056903736,,,,,1.038891595602483,1.2e-10,69.9456332371341,,,,
TG_edge_limit,gas_thin_hstar0p3,12.4,67.0,-1.0000000000000002,-2.0,0.4765969408345689,-0.1,19136.65020422179,42.36472754653932,1.0000000000000004,4.0,1.0,0.0,6.0,19142.65020422179,,,,,1.038891595602483,,,8.02712771736463e-05,6.211762129922937e-12,0.028703251466382262,derived Kcrit limiting curve; no finite normalization and no K prior
NFW,gas_thin_hstar0p3,12.4,67.0,-1.0000000000000002,-2.0,0.5347505628802474,-0.05,91.75765834033312,9.02239442751013,1.0000000000000004,4.0,0.25,0.0,5.25,97.00765834033312,11.599617455845248,397756656043.3612,1.1678623434227917,14.718459034055593,1.038891595602483,,,,,,
MOND,gas_thin_hstar0p3,12.4,67.0,-1.0000000000000002,-2.0,0.5347505628802474,-0.05,2273.442739861094,13.884849699257229,1.0000000000000004,4.0,0.25,0.0,5.25,2278.692739861094,,,,,1.038891595602483,1.2e-10,73.80607541746997,,,,
TG_edge_limit,gas_thin_hstar0p3,12.4,67.0,-1.0000000000000002,-2.0,0.5347505628802474,-0.05,14928.68693761888,37.342575284262615,1.0000000000000004,4.0,0.25,0.0,5.25,14933.93693761888,,,,,1.038891595602483,,,7.301731451392078e-05,8.113447084198296e-12,0.02784787326027482,derived Kcrit limiting curve; no finite normalization and no K prior
NFW,gas_thin_hstar0p3,12.4,67.0,-1.0000000000000002,-2.0,0.6,0.0,84.18828647324456,8.68184189286559,1.0000000000000004,4.0,0.0,0.0,5.0,89.18828647324456,11.608566409847862,406037747493.0352,1.1401630909725167,13.80902738813654,1.038891595602483,,,,,,
MOND,gas_thin_hstar0p3,12.4,67.0,-1.0000000000000002,-2.0,0.6,0.0,1380.9906292214116,10.955858321396805,1.0000000000000004,4.0,0.0,0.0,5.0,1385.9906292214116,,,,,1.038891595602483,1.2e-10,78.13756278557251,,,,
TG_edge_limit,gas_thin_hstar0p3,12.4,67.0,-1.0000000000000002,-2.0,0.6,0.0,11028.84117875266,32.0113597270517,1.0000000000000004,4.0,0.0,0.0,5.0,11033.84117875266,,,,,1.038891595602483,,,6.627378899321636e-05,5.038428932266398e-12,0.027087055209757484,derived Kcrit limiting curve; no finite normalization and no K prior
NFW,gas_thin_hstar0p3,12.4,67.0,-1.0000000000000002,-2.0,0.673211072581178,0.05,76.58983382395563,8.339386260119547,1.0000000000000004,4.0,0.25,0.0,5.25,81.83983382395563,11.620719686035631,417560766407.6905,1.107028956980916,12.79466610917458,1.038891595602483,,,,,,
MOND,gas_thin_hstar0p3,12.4,67.0,-1.0000000000000002,-2.0,0.673211072581178,0.05,716.4804973332544,8.363609770376675,1.0000000000000004,4.0,0.25,0.0,5.25,721.7304973332544,,,,,1.038891595602483,1.2e-10,82.99757154715941,,,,
TG_edge_limit,gas_thin_hstar0p3,12.4,67.0,-1.0000000000000002,-2.0,0.673211072581178,0.05,7537.420090621589,26.37086040156645,1.0000000000000004,4.0,0.25,0.0,5.25,7542.670090621589,,,,,1.038891595602483,,,6.0034863895516214e-05,6.304454229305922e-12,0.026411086587383215,derived Kcrit limiting curve; no finite normalization and no K prior
NFW,gas_thin_hstar0p3,12.4,67.0,-1.0000000000000002,-2.0,0.7553552470765004,0.1,69.23508273980286,8.009010978893812,1.0000000000000004,4.0,1.0,0.0,6.0,75.23508273980286,11.637562856793105,434073083848.02704,1.0669147925942222,11.665807146174865,1.038891595602483,,,,,,
MOND,gas_thin_hstar0p3,12.4,67.0,-1.0000000000000002,-2.0,0.7553552470765004,0.1,324.32472244951265,6.847291310955938,1.0000000000000004,4.0,1.0,0.0,6.0,330.32472244951265,,,,,1.038891595602483,1.2e-10,88.45059106572916,,,,
TG_edge_limit,gas_thin_hstar0p3,12.4,67.0,-1.0000000000000002,-2.0,0.7553552470765004,0.1,4569.529052221657,20.44227906110814,1.0000000000000004,4.0,1.0,0.0,6.0,4575.529052221657,,,,,1.038891595602483,,,5.428740216005963e-05,7.349001017396842e-12,0.025810950469161077,derived Kcrit limiting curve; no finite normalization and no K prior
NFW,gas_thin_hstar0p3,12.4,67.0,-1.0000000000000002,-2.0,0.762,0.10380372095595687,68.69780961505575,7.984924329811832,1.0000000000000004,4.0,1.077521248430216,0.0,6.077521248430216,74.77533086348596,11.639095982029687,435608135403.9615,1.0635204041222452,11.574984126687733,1.038891595602483,,,,,,
MOND,gas_thin_hstar0p3,12.4,67.0,-1.0000000000000002,-2.0,0.762,0.10380372095595687,307.0312300225645,6.8097424763984185,1.0000000000000004,4.0,1.077521248430216,0.0,6.077521248430216,313.10875127099473,,,,,1.038891595602483,1.2e-10,88.89169315982811,,,,
TG_edge_limit,gas_thin_hstar0p3,12.4,67.0,-1.0000000000000002,-2.0,0.762,0.10380372095595687,4368.795346243716,19.981208032769363,1.0000000000000004,4.0,1.077521248430216,0.0,6.077521248430216,4374.872867492147,,,,,1.038891595602483,,,5.3869783873934426e-05,9.024940544865887e-12,0.025768160313625426,derived Kcrit limiting curve; no finite normalization and no K prior
NFW,gas_mix_hstar0p6,12.4,67.0,-1.0000000000000002,-2.0,0.4765969408345689,-0.1,100.06903969437353,9.143659034550396,1.0000000000000004,4.0,1.0,0.0,6.0,106.06903969437353,11.58509056177005,384671987863.3974,1.2062995470760633,16.0804999515664,1.038891595602483,,,,,,
MOND,gas_mix_hstar0p6,12.4,67.0,-1.0000000000000002,-2.0,0.4765969408345689,-0.1,4038.2807815816022,18.515711233729924,1.0000000000000004,4.0,1.0,0.0,6.0,4044.2807815816022,,,,,1.038891595602483,1.2e-10,69.5984341232684,,,,
TG_edge_limit,gas_mix_hstar0p6,12.4,67.0,-1.0000000000000002,-2.0,0.4765969408345689,-0.1,22746.164489253726,46.38939040871569,1.0000000000000004,4.0,1.0,0.0,6.0,22752.164489253726,,,,,1.038891595602483,,,8.450200208936235e-05,6.391061458298208e-12,0.0322731290197965,derived Kcrit limiting curve; no finite normalization and no K prior
NFW,gas_mix_hstar0p6,12.4,67.0,-1.0000000000000002,-2.0,0.5347505628802474,-0.05,92.60710204096279,8.764440809882116,1.0000000000000004,4.0,0.25,0.0,5.25,97.85710204096279,11.589846044633985,388907254749.0885,1.1855315910998159,15.329627118476933,1.038891595602483,,,,,,
MOND,gas_mix_hstar0p6,12.4,67.0,-1.0000000000000002,-2.0,0.5347505628802474,-0.05,2866.79842012559,15.51469780542722,1.0000000000000004,4.0,0.25,0.0,5.25,2872.04842012559,,,,,1.038891595602483,1.2e-10,73.45648689219375,,,,
TG_edge_limit,gas_mix_hstar0p6,12.4,67.0,-1.0000000000000002,-2.0,0.5347505628802474,-0.05,18361.070981456018,41.62841331767375,1.0000000000000004,4.0,0.25,0.0,5.25,18366.320981456018,,,,,1.038891595602483,,,7.695711145982812e-05,9.518105816273304e-12,0.031357504078899465,derived Kcrit limiting curve; no finite normalization and no K prior
NFW,gas_mix_hstar0p6,12.4,67.0,-1.0000000000000002,-2.0,0.6,0.0,84.82480616280459,8.36030501838379,1.0000000000000004,4.0,0.0,0.0,5.0,89.82480616280459,11.596285294382728,394716511963.29944,1.1610100925346052,14.488055218287824,1.038891595602483,,,,,,
MOND,gas_mix_hstar0p6,12.4,67.0,-1.0000000000000002,-2.0,0.6,0.0,1868.7659641974308,12.478387779261295,1.0000000000000004,4.0,0.0,0.0,5.0,1873.7659641974308,,,,,1.038891595602483,1.2e-10,77.78529329659875,,,,
TG_edge_limit,gas_mix_hstar0p6,12.4,67.0,-1.0000000000000002,-2.0,0.6,0.0,14215.092922530122,36.569756451273086,1.0000000000000004,4.0,0.0,0.0,5.0,14220.092922530122,,,,,1.038891595602483,,,6.992688854903091e-05,8.769054045875093e-12,0.030539786930697636,derived Kcrit limiting curve; no finite normalization and no K prior
NFW,gas_mix_hstar0p6,12.4,67.0,-1.0000000000000002,-2.0,0.673211072581178,0.05,76.78585304256052,7.935576360522835,1.0000000000000004,4.0,0.25,0.0,5.25,82.03585304256052,11.605122017745824,402830196086.2675,1.1318005741964712,13.545672591639628,1.038891595602483,,,,,,
MOND,gas_mix_hstar0p6,12.4,67.0,-1.0000000000000002,-2.0,0.673211072581178,0.05,1080.805526904674,9.559609534525439,1.0000000000000004,4.0,0.25,0.0,5.25,1086.055526904674,,,,,1.038891595602483,1.2e-10,82.64229396744169,,,,
TG_edge_limit,gas_mix_hstar0p6,12.4,67.0,-1.0000000000000002,-2.0,0.673211072581178,0.05,10397.614049496347,31.20892516284604,1.0000000000000004,4.0,0.25,0.0,5.25,10402.864049496347,,,,,1.038891595602483,,,6.340869675864561e-05,1.2722434386901809e-11,0.029810600022086367,derived Kcrit limiting curve; no finite normalization and no K prior
NFW,gas_mix_hstar0p6,12.4,67.0,-1.0000000000000002,-2.0,0.7553552470765004,0.1,68.58799844532561,7.497973969751974,1.0000000000000004,4.0,1.0,0.0,6.0,74.58799844532561,11.617452180974462,414430949621.5095,1.096625438162686,12.491811960471455,1.038891595602483,,,,,,
MOND,gas_mix_hstar0p6,12.4,67.0,-1.0000000000000002,-2.0,0.7553552470765004,0.1,544.7314416696744,7.1958673676077485,1.0000000000000004,4.0,1.0,0.0,6.0,550.7314416696744,,,,,1.038891595602483,1.2e-10,88.09193835268451,,,,
TG_edge_limit,gas_mix_hstar0p6,12.4,67.0,-1.0000000000000002,-2.0,0.7553552470765004,0.1,7011.414204333411,25.55278232346224,1.0000000000000004,4.0,1.0,0.0,6.0,7017.414204333411,,,,,1.038891595602483,,,5.739200185479018e-05,9.167948496295075e-12,0.029161082897239034,derived Kcrit limiting curve; no finite normalization and no K prior
NFW,gas_mix_hstar0p6,12.4,67.0,-1.0000000000000002,-2.0,0.762,0.10380372095595687,67.96196592586033,7.464479086372214,1.0000000000000004,4.0,1.077521248430216,0.0,6.077521248430216,74.03948717429054,11.618576800306014,415505522426.07996,1.0936587079423121,12.406769334554625,1.038891595602483,,,,,,
MOND,gas_mix_hstar0p6,12.4,67.0,-1.0000000000000002,-2.0,0.762,0.10380372095595687,515.5695229495981,7.064422317618672,1.0000000000000004,4.0,1.077521248430216,0.0,6.077521248430216,521.6470441980283,,,,,1.038891595602483,1.2e-10,88.53276742770232,,,,
TG_edge_limit,gas_mix_hstar0p6,12.4,67.0,-1.0000000000000002,-2.0,0.762,0.10380372095595687,6774.698833362253,25.111135425170147,1.0000000000000004,4.0,1.077521248430216,0.0,6.077521248430216,6780.7763546106835,,,,,1.038891595602483,,,5.695437307729986e-05,9.182183079424523e-12,0.029114694525269,derived Kcrit limiting curve; no finite normalization and no K prior
NFW,gas_mix_hstar0p3,12.4,70.0,-1.0000000000000002,-1.0,0.4765969408345689,-0.1,96.5436217804104,9.32711887737973,1.0000000000000004,1.0,1.0,0.0,3.0000000000000004,99.5436217804104,11.559567530670314,362716682532.2854,1.1988555174597908,15.807220718812639,1.0176782650088638,,,,,,
MOND,gas_mix_hstar0p3,12.4,70.0,-1.0000000000000002,-1.0,0.4765969408345689,-0.1,3520.2857992156237,16.7989415746785,1.0000000000000004,1.0,1.0,0.0,3.0000000000000004,3523.2857992156237,,,,,1.0176782650088638,1.2e-10,71.57519956328662,,,,
TG_edge_limit,gas_mix_hstar0p3,12.4,70.0,-1.0000000000000002,-1.0,0.4765969408345689,-0.1,21202.0334046711,43.62249733308395,1.0000000000000004,1.0,1.0,0.0,3.0000000000000004,21205.0334046711,,,,,1.0176782650088638,,,8.580977050202447e-05,5.7434584339732744e-12,0.03029251275570291,derived Kcrit limiting curve; no finite normalization and no K prior
NFW,gas_mix_hstar0p3,12.4,70.0,-1.0000000000000002,-1.0,0.5347505628802474,-0.05,89.24625616385899,8.993515938357856,1.0000000000000004,1.0,0.25,0.0,2.2500000000000004,91.49625616385899,11.563941616131975,366388316354.41296,1.1774941914311932,15.048533916692234,1.0176782650088638,,,,,,
MOND,gas_mix_hstar0p3,12.4,70.0,-1.0000000000000002,-1.0,0.5347505628802474,-0.05,2435.0990737360216,13.949514466714868,1.0000000000000004,1.0,0.25,0.0,2.2500000000000004,2437.3490737360216,,,,,1.0176782650088638,1.2e-10,75.48694663813785,,,,
TG_edge_limit,gas_mix_hstar0p3,12.4,70.0,-1.0000000000000002,-1.0,0.5347505628802474,-0.05,16819.415806600737,38.7703784706733,1.0000000000000004,1.0,0.25,0.0,2.2500000000000004,16821.665806600737,,,,,1.0176782650088638,,,7.79936167726391e-05,7.857406828857226e-12,0.029388230653842214,derived Kcrit limiting curve; no finite normalization and no K prior
NFW,gas_mix_hstar0p3,12.4,70.0,-1.0000000000000002,-1.0,0.6,0.0,81.70029167970698,8.642625821546899,1.0000000000000004,1.0,0.0,0.0,2.0000000000000004,83.70029167970698,11.570005914760504,371540289158.8471,1.1522049162800274,14.197272437640695,1.0176782650088638,,,,,,
MOND,gas_mix_hstar0p3,12.4,70.0,-1.0000000000000002,-1.0,0.6,0.0,1544.4110037236453,11.204840032028242,1.0000000000000004,1.0,0.0,0.0,2.0000000000000004,1546.4110037236453,,,,,1.0176782650088638,1.2e-10,79.87599904468266,,,,
TG_edge_limit,gas_mix_hstar0p3,12.4,70.0,-1.0000000000000002,-1.0,0.6,0.0,12722.002337517264,33.623502258329815,1.0000000000000004,1.0,0.0,0.0,2.0000000000000004,12724.002337517264,,,,,1.0176782650088638,,,7.073934274281879e-05,4.996925651180973e-12,0.028584870857736578,derived Kcrit limiting curve; no finite normalization and no K prior
NFW,gas_mix_hstar0p3,12.4,70.0,-1.0000000000000002,-1.0,0.673211072581178,0.05,73.98206081786942,8.280354008123103,1.0000000000000004,1.0,0.25,0.0,2.2500000000000004,76.23206081786942,11.578512493524196,378889433256.5178,1.1219831420663158,13.242901294563792,1.0176782650088638,,,,,,
MOND,gas_mix_hstar0p3,12.4,70.0,-1.0000000000000002,-1.0,0.673211072581178,0.05,886.8968260044097,8.871848858881672,1.0000000000000004,1.0,0.25,0.0,2.2500000000000004,889.1468260044097,,,,,1.0176782650088638,1.2e-10,84.80059684172438,,,,
TG_edge_limit,gas_mix_hstar0p3,12.4,70.0,-1.0000000000000002,-1.0,0.673211072581178,0.05,9005.624169515428,28.18129012834716,1.0000000000000004,1.0,0.25,0.0,2.2500000000000004,9007.874169515428,,,,,1.0176782650088638,,,6.403786247269885e-05,5.2797940430771614e-12,0.027871834694691792,derived Kcrit limiting curve; no finite normalization and no K prior
NFW,gas_mix_hstar0p3,12.4,70.0,-1.0000000000000002,-1.0,0.7553552470765004,0.1,66.20039677360461,7.916352014014303,1.0000000000000004,1.0,1.0,0.0,3.0000000000000004,69.20039677360461,11.59063187894181,389611600169.13727,1.0854428541862486,12.17426789515849,1.0176782650088638,,,,,,
MOND,gas_mix_hstar0p3,12.4,70.0,-1.0000000000000002,-1.0,0.7553552470765004,0.1,506.646090271005,7.629483208026906,1.0000000000000004,1.0,1.0,0.0,3.0000000000000004,509.646090271005,,,,,1.0176782650088638,1.2e-10,90.32608645002,,,,
TG_edge_limit,gas_mix_hstar0p3,12.4,70.0,-1.0000000000000002,-1.0,0.7553552470765004,0.1,5780.308974865407,22.4609045802625,1.0000000000000004,1.0,1.0,0.0,3.0000000000000004,5783.308974865407,,,,,1.0176782650088638,,,5.787258665808474e-05,6.05205950537844e-12,0.027239344730115536,derived Kcrit limiting curve; no finite normalization and no K prior
NFW,gas_mix_hstar0p3,12.4,70.0,-1.0000000000000002,-1.0,0.762,0.10380372095595687,65.6101962824072,7.888975070975998,1.0000000000000004,1.0,1.077521248430216,0.0,3.0775212484302163,68.68771753083742,11.591748815962813,390614909478.0938,1.0823534727080102,12.087972761383138,1.0176782650088638,,,,,,
MOND,gas_mix_hstar0p3,12.4,70.0,-1.0000000000000002,-1.0,0.762,0.10380372095595687,490.44683432702783,7.606372512724769,1.0000000000000004,1.0,1.077521248430216,0.0,3.0775212484302163,493.52435557545806,,,,,1.0176782650088638,1.2e-10,90.77305074729442,,,,
TG_edge_limit,gas_mix_hstar0p3,12.4,70.0,-1.0000000000000002,-1.0,0.762,0.10380372095595687,5558.504873140762,22.015709029713335,1.0000000000000004,1.0,1.077521248430216,0.0,3.0775212484302163,5561.582394389193,,,,,1.0176782650088638,,,5.742491521629912e-05,5.325374842862202e-12,0.027194267159219247,derived Kcrit limiting curve; no finite normalization and no K prior
NFW,gas_thin_hstar0p3,12.4,70.0,-1.0000000000000002,-1.0,0.4765969408345689,-0.1,97.57842947111821,9.342739015370945,1.0000000000000004,1.0,1.0,0.0,3.0000000000000004,100.57842947111821,11.557443946398559,360947423750.2312,1.1999240679868637,15.84616114082599,1.0176782650088638,,,,,,
MOND,gas_thin_hstar0p3,12.4,70.0,-1.0000000000000002,-1.0,0.4765969408345689,-0.1,3507.7573881642456,16.773459161228345,1.0000000000000004,1.0,1.0,0.0,3.0000000000000004,3510.7573881642456,,,,,1.0176782650088638,1.2e-10,71.96127591363556,,,,
TG_edge_limit,gas_thin_hstar0p3,12.4,70.0,-1.0000000000000002,-1.0,0.4765969408345689,-0.1,20984.927175437002,43.3934059024143,1.0000000000000004,1.0,1.0,0.0,3.0000000000000004,20987.927175437002,,,,,1.0176782650088638,,,8.527657930425626e-05,6.405294380942318e-12,0.030334281397090008,derived Kcrit limiting curve; no finite normalization and no K prior
NFW,gas_thin_hstar0p3,12.4,70.0,-1.0000000000000002,-1.0,0.5347505628802474,-0.05,90.25900386844071,9.00791674719602,1.0000000000000004,1.0,0.25,0.0,2.2500000000000004,92.50900386844071,11.561764064797176,364555844190.68164,1.1785627546332462,15.085605786021683,1.0176782650088638,,,,,,
MOND,gas_thin_hstar0p3,12.4,70.0,-1.0000000000000002,-1.0,0.5347505628802474,-0.05,2431.1637754983803,13.945677635734084,1.0000000000000004,1.0,0.25,0.0,2.2500000000000004,2433.4137754983803,,,,,1.0176782650088638,1.2e-10,75.87302298848681,,,,
TG_edge_limit,gas_thin_hstar0p3,12.4,70.0,-1.0000000000000002,-1.0,0.5347505628802474,-0.05,16638.582964093508,38.5560949019971,1.0000000000000004,1.0,0.25,0.0,2.2500000000000004,16640.832964093508,,,,,1.0176782650088638,,,7.755669620304031e-05,6.674041160297335e-12,0.0294277227274261,derived Kcrit limiting curve; no finite normalization and no K prior
NFW,gas_thin_hstar0p3,12.4,70.0,-1.0000000000000002,-1.0,0.6,0.0,82.68567801688185,8.655615222932123,1.0000000000000004,1.0,0.0,0.0,2.0000000000000004,84.68567801688185,11.567764902218098,369628033890.03937,1.153271911390572,14.232195847517353,1.0176782650088638,,,,,,
MOND,gas_thin_hstar0p3,12.4,70.0,-1.0000000000000002,-1.0,0.6,0.0,1548.9149140164695,11.233180096780888,1.0000000000000004,1.0,0.0,0.0,2.0000000000000004,1550.9149140164695,,,,,1.0176782650088638,1.2e-10,80.2620753950316,,,,
TG_edge_limit,gas_thin_hstar0p3,12.4,70.0,-1.0000000000000002,-1.0,0.6,0.0,12576.02045085819,33.42466409558193,1.0000000000000004,1.0,0.0,0.0,2.0000000000000004,12578.02045085819,,,,,1.0176782650088638,,,7.038267174933066e-05,6.682061931159533e-12,0.02862174434101667,derived Kcrit limiting curve; no finite normalization and no K prior
NFW,gas_thin_hstar0p3,12.4,70.0,-1.0000000000000002,-1.0,0.673211072581178,0.05,74.93139229654902,8.291690872816845,1.0000000000000004,1.0,0.25,0.0,2.2500000000000004,77.18139229654902,11.576196389548802,376874184337.3685,1.123045928301466,13.275348421903129,1.0176782650088638,,,,,,
MOND,gas_thin_hstar0p3,12.4,70.0,-1.0000000000000002,-1.0,0.673211072581178,0.05,899.6402852088801,8.948593265230903,1.0000000000000004,1.0,0.25,0.0,2.2500000000000004,901.8902852088801,,,,,1.0176782650088638,1.2e-10,85.18667319207331,,,,
TG_edge_limit,gas_thin_hstar0p3,12.4,70.0,-1.0000000000000002,-1.0,0.673211072581178,0.05,8893.046993052069,27.99930927327922,1.0000000000000004,1.0,0.25,0.0,2.2500000000000004,8895.296993052069,,,,,1.0176782650088638,,,6.374767143453382e-05,5.2939621074421494e-12,0.027905934045353308,derived Kcrit limiting curve; no finite normalization and no K prior
NFW,gas_thin_hstar0p3,12.4,70.0,-1.0000000000000002,-1.0,0.7553552470765004,0.1,67.09884020267269,7.925718922670881,1.0000000000000004,1.0,1.0,0.0,3.0000000000000004,70.09884020267269,11.588226336811523,387459520626.2603,1.0864969893154146,12.203853605674524,1.0176782650088638,,,,,,
MOND,gas_thin_hstar0p3,12.4,70.0,-1.0000000000000002,-1.0,0.7553552470765004,0.1,527.3876181052715,7.7647927754776775,1.0000000000000004,1.0,1.0,0.0,3.0000000000000004,530.3876181052715,,,,,1.0176782650088638,1.2e-10,90.71216280036892,,,,
TG_edge_limit,gas_thin_hstar0p3,12.4,70.0,-1.0000000000000002,-1.0,0.7553552470765004,0.1,5699.686779134226,22.29899080949144,1.0000000000000004,1.0,1.0,0.0,3.0000000000000004,5702.686779134226,,,,,1.0176782650088638,,,5.763717243891696e-05,6.136630231069925e-12,0.027270645012732034,derived Kcrit limiting curve; no finite normalization and no K prior
NFW,gas_thin_hstar0p3,12.4,70.0,-1.0000000000000002,-1.0,0.762,0.10380372095595687,66.50389044486408,7.898175984107444,1.0000000000000004,1.0,1.077521248430216,0.0,3.0775212484302163,69.5814116932943,11.58933579251358,388450596349.38855,1.0834066895506145,12.117323137555212,1.0176782650088638,,,,,,
MOND,gas_thin_hstar0p3,12.4,70.0,-1.0000000000000002,-1.0,0.762,0.10380372095595687,511.785838569433,7.745547998064225,1.0000000000000004,1.0,1.077521248430216,0.0,3.0775212484302163,514.8633598178632,,,,,1.0176782650088638,1.2e-10,91.15912709764335,,,,
TG_edge_limit,gas_thin_hstar0p3,12.4,70.0,-1.0000000000000002,-1.0,0.762,0.10380372095595687,5480.254552867698,21.855554512770777,1.0000000000000004,1.0,1.077521248430216,0.0,3.0775212484302163,5483.332074116129,,,,,1.0176782650088638,,,5.7193242970579304e-05,8.005034049158846e-12,0.027225356213174366,derived Kcrit limiting curve; no finite normalization and no K prior
NFW,gas_mix_hstar0p6,12.4,70.0,-1.0000000000000002,-1.0,0.4765969408345689,-0.1,99.0995178528929,9.16360133218862,1.0000000000000004,1.0,1.0,0.0,3.0000000000000004,102.0995178528929,11.55094186010163,355583712657.2187,1.2136083584369963,16.35341125237334,1.0176782650088638,,,,,,
MOND,gas_mix_hstar0p6,12.4,70.0,-1.0000000000000002,-1.0,0.4765969408345689,-0.1,4185.9753605040805,18.382421891158742,1.0000000000000004,1.0,1.0,0.0,3.0000000000000004,4188.9753605040805,,,,,1.0176782650088638,1.2e-10,71.55365104381623,,,,
TG_edge_limit,gas_mix_hstar0p6,12.4,70.0,-1.0000000000000002,-1.0,0.4765969408345689,-0.1,24583.729110268483,47.1735580086555,1.0000000000000004,1.0,1.0,0.0,3.0000000000000004,24586.729110268483,,,,,1.0176782650088638,,,8.953503182650034e-05,6.967857133658939e-12,0.03402376367475921,derived Kcrit limiting curve; no finite normalization and no K prior
NFW,gas_mix_hstar0p6,12.4,70.0,-1.0000000000000002,-1.0,0.5347505628802474,-0.05,91.90544345292055,8.788931557865977,1.0000000000000004,1.0,0.25,0.0,2.2500000000000004,94.15544345292055,11.553599375842085,357766255762.4104,1.1946463003353858,15.654755905610878,1.0176782650088638,,,,,,
MOND,gas_mix_hstar0p6,12.4,70.0,-1.0000000000000002,-1.0,0.5347505628802474,-0.05,3023.0158934218744,15.537486508192487,1.0000000000000004,1.0,0.25,0.0,2.2500000000000004,3025.2658934218744,,,,,1.0176782650088638,1.2e-10,75.4627688016292,,,,
TG_edge_limit,gas_mix_hstar0p6,12.4,70.0,-1.0000000000000002,-1.0,0.5347505628802474,-0.05,20085.805191106407,42.584721708163414,1.0000000000000004,1.0,0.25,0.0,2.2500000000000004,20088.055191106407,,,,,1.0176782650088638,,,8.152179626169587e-05,8.725254359155683e-12,0.033054975190840205,derived Kcrit limiting curve; no finite normalization and no K prior
NFW,gas_mix_hstar0p6,12.4,70.0,-1.0000000000000002,-1.0,0.6,0.0,84.42308073541561,8.38544966375566,1.0000000000000004,1.0,0.0,0.0,2.0000000000000004,86.42308073541561,11.557464218161293,360964272251.9087,1.1722701285513109,14.868601728007999,1.0176782650088638,,,,,,
MOND,gas_mix_hstar0p6,12.4,70.0,-1.0000000000000002,-1.0,0.6,0.0,2039.49178315599,12.723389836729682,1.0000000000000004,1.0,0.0,0.0,2.0000000000000004,2041.49178315599,,,,,1.0176782650088638,1.2e-10,79.84887106593484,,,,
TG_edge_limit,gas_mix_hstar0p6,12.4,70.0,-1.0000000000000002,-1.0,0.6,0.0,15807.858896480124,37.713942222093586,1.0000000000000004,1.0,0.0,0.0,2.0000000000000004,15809.858896480124,,,,,1.0176782650088638,,,7.40587491452455e-05,1.179978853098866e-11,0.032190291620679864,derived Kcrit limiting curve; no finite normalization and no K prior
NFW,gas_mix_hstar0p6,12.4,70.0,-1.0000000000000002,-1.0,0.673211072581178,0.05,76.69593226003923,7.955473835831118,1.0000000000000004,1.0,0.25,0.0,2.2500000000000004,78.94593226003923,11.563089244224614,365669926291.58203,1.1456366404748726,13.984168248557793,1.0176782650088638,,,,,,
MOND,gas_mix_hstar0p6,12.4,70.0,-1.0000000000000002,-1.0,0.673211072581178,0.05,1271.9166225793601,10.13509175239532,1.0000000000000004,1.0,0.25,0.0,2.2500000000000004,1274.1666225793601,,,,,1.0176782650088638,1.2e-10,84.77015874894141,,,,
TG_edge_limit,gas_mix_hstar0p6,12.4,70.0,-1.0000000000000002,-1.0,0.673211072581178,0.05,11835.548738346388,32.55859043421542,1.0000000000000004,1.0,0.25,0.0,2.2500000000000004,11837.798738346388,,,,,1.0176782650088638,,,6.714228574378272e-05,7.948565016406487e-12,0.031419627362344084,derived Kcrit limiting curve; no finite normalization and no K prior
NFW,gas_mix_hstar0p6,12.4,70.0,-1.0000000000000002,-1.0,0.7553552470765004,0.1,68.76462567338717,7.503772947129599,1.0000000000000004,1.0,1.0,0.0,3.0000000000000004,71.76462567338717,11.571327883334192,372672960433.10144,1.1135969660949985,12.989635545348257,1.0176782650088638,,,,,,
MOND,gas_mix_hstar0p6,12.4,70.0,-1.0000000000000002,-1.0,0.7553552470765004,0.1,761.8934776357488,8.233330116908089,1.0000000000000004,1.0,1.0,0.0,3.0000000000000004,764.8934776357488,,,,,1.0176782650088638,1.2e-10,90.29193434820375,,,,
TG_edge_limit,gas_mix_hstar0p6,12.4,70.0,-1.0000000000000002,-1.0,0.7553552470765004,0.1,8267.441373791298,27.127593210623484,1.0000000000000004,1.0,1.0,0.0,3.0000000000000004,8270.441373791298,,,,,1.0176782650088638,,,6.076050429449439e-05,1.0144765201901827e-11,0.03073348230344404,derived Kcrit limiting curve; no finite normalization and no K prior
NFW,gas_mix_hstar0p6,12.4,70.0,-1.0000000000000002,-1.0,0.762,0.10380372095595687,68.15388676017857,7.468728993783405,1.0000000000000004,1.0,1.077521248430216,0.0,3.0775212484302163,71.23140800860878,11.572095644932325,373332367952.466,1.1108964830322412,12.909115396196487,1.0176782650088638,,,,,,
MOND,gas_mix_hstar0p6,12.4,70.0,-1.0000000000000002,-1.0,0.762,0.10380372095595687,734.9366893290354,8.13898582088486,1.0000000000000004,1.0,1.077521248430216,0.0,3.0775212484302163,738.0142105774656,,,,,1.0176782650088638,1.2e-10,90.73859821428468,,,,
TG_edge_limit,gas_mix_hstar0p6,12.4,70.0,-1.0000000000000002,-1.0,0.762,0.10380372095595687,8015.648251913483,26.703919558707966,1.0000000000000004,1.0,1.077521248430216,0.0,3.0775212484302163,8018.725773161914,,,,,1.0176782650088638,,,6.029641476474309e-05,6.417267695258551e-12,0.03068448933368137,derived Kcrit limiting curve; no finite normalization and no K prior
NFW,gas_mix_hstar0p3,12.4,73.0,-1.0000000000000002,0.0,0.4765969408345689,-0.1,90.97127716504451,9.319246665422476,1.0000000000000004,0.0,1.0,0.0,2.0000000000000004,92.97127716504451,11.528419867637824,337613549284.44293,1.2116193325186548,16.278685489738088,1.0,,,,,,
MOND,gas_mix_hstar0p3,12.4,73.0,-1.0000000000000002,0.0,0.4765969408345689,-0.1,4028.755016934572,17.682750619851134,1.0000000000000004,0.0,1.0,0.0,2.0000000000000004,4030.755016934572,,,,,1.0,1.2e-10,76.43491248913475,,,,
TG_edge_limit,gas_mix_hstar0p3,12.4,73.0,-1.0000000000000002,0.0,0.4765969408345689,-0.1,24275.98369962322,45.89233231538957,1.0000000000000004,0.0,1.0,0.0,2.0000000000000004,24277.98369962322,,,,,1.0,,,9.25325107035867e-05,6.967327315503166e-12,0.03261096416720997,derived Kcrit limiting curve; no finite normalization and no K prior
NFW,gas_mix_hstar0p3,12.4,73.0,-1.0000000000000002,0.0,0.5347505628802474,-0.05,84.07991109228715,8.986803589276834,1.0000000000000004,0.0,0.25,0.0,1.2500000000000004,85.32991109228715,11.530021031802901,338860565917.2802,1.1931240455510523,15.59998014313316,1.0,,,,,,
MOND,gas_mix_hstar0p3,12.4,73.0,-1.0000000000000002,0.0,0.5347505628802474,-0.05,2901.732069821685,14.987028298991053,1.0000000000000004,0.0,0.25,0.0,1.2500000000000004,2902.982069821685,,,,,1.0,1.2e-10,80.43703208062695,,,,
TG_edge_limit,gas_mix_hstar0p3,12.4,73.0,-1.0000000000000002,0.0,0.5347505628802474,-0.05,19703.90105366128,41.26952775137668,1.0000000000000004,0.0,0.25,0.0,1.2500000000000004,19705.15105366128,,,,,1.0,,,8.409679666895904e-05,4.867208703577459e-12,0.03163686079457467,derived Kcrit limiting curve; no finite normalization and no K prior
NFW,gas_mix_hstar0p3,12.4,73.0,-1.0000000000000002,0.0,0.6,0.0,76.96836421887429,8.630928808864917,1.0000000000000004,0.0,0.0,0.0,1.0000000000000004,77.96836421887429,11.532630400587365,340902668341.15424,1.1712780539848513,14.83467560829008,1.0,,,,,,
MOND,gas_mix_hstar0p3,12.4,73.0,-1.0000000000000002,0.0,0.6,0.0,1968.9558953680628,12.425125136637005,1.0000000000000004,0.0,0.0,0.0,1.0000000000000004,1969.9558953680628,,,,,1.0,1.2e-10,84.92748411860464,,,,
TG_edge_limit,gas_mix_hstar0p3,12.4,73.0,-1.0000000000000002,0.0,0.6,0.0,15375.873968016629,36.3687808554042,1.0000000000000004,0.0,0.0,0.0,1.0000000000000004,15376.873968016629,,,,,1.0,,,7.626909351415822e-05,5.685247033437749e-12,0.0307715515599468,derived Kcrit limiting curve; no finite normalization and no K prior
NFW,gas_mix_hstar0p3,12.4,73.0,-1.0000000000000002,0.0,0.673211072581178,0.05,69.69646531457806,8.254708541182923,1.0000000000000004,0.0,0.25,0.0,1.2500000000000004,70.94646531457806,11.536749361958346,344151258442.897,1.1452464289577575,13.971609183171923,1.0,,,,,,
MOND,gas_mix_hstar0p3,12.4,73.0,-1.0000000000000002,0.0,0.673211072581178,0.05,1268.1346004512811,10.26683568625289,1.0000000000000004,0.0,0.25,0.0,1.2500000000000004,1269.3846004512811,,,,,1.0,1.2e-10,89.96585417337347,,,,
TG_edge_limit,gas_mix_hstar0p3,12.4,73.0,-1.0000000000000002,0.0,0.673211072581178,0.05,11380.446385922367,31.188867664877947,1.0000000000000004,0.0,0.25,0.0,1.2500000000000004,11381.696385922367,,,,,1.0,,,6.903915657086334e-05,8.069271426272323e-12,0.03000358726130687,derived Kcrit limiting curve; no finite normalization and no K prior
NFW,gas_mix_hstar0p3,12.4,73.0,-1.0000000000000002,0.0,0.7553552470765004,0.1,62.32102878018967,7.863799227089606,1.0000000000000004,0.0,1.0,0.0,2.0000000000000004,64.32102878018968,11.543160725199273,349269550442.7303,1.113888592401693,12.998360941899438,1.0,,,,,,
MOND,gas_mix_hstar0p3,12.4,73.0,-1.0000000000000002,0.0,0.7553552470765004,0.1,842.1479267132639,9.031172458676535,1.0000000000000004,0.0,1.0,0.0,2.0000000000000004,844.1479267132639,,,,,1.0,1.2e-10,95.61899835442651,,,,
TG_edge_limit,gas_mix_hstar0p3,12.4,73.0,-1.0000000000000002,0.0,0.7553552470765004,0.1,7819.404084283871,25.742051002635424,1.0000000000000004,0.0,1.0,0.0,2.0000000000000004,7821.404084283871,,,,,1.0,,,6.238872398882993e-05,6.0882961051037734e-12,0.029322413489230252,derived Kcrit limiting curve; no finite normalization and no K prior
NFW,gas_mix_hstar0p3,12.4,73.0,-1.0000000000000002,0.0,0.762,0.10380372095595687,61.757045013103,7.833695236962737,1.0000000000000004,0.0,1.077521248430216,0.0,2.0775212484302163,63.83456626153322,11.543773750381867,349762907423.7966,1.1112434643937688,12.919433308226754,1.0,,,,,,
MOND,gas_mix_hstar0p3,12.4,73.0,-1.0000000000000002,0.0,0.762,0.10380372095595687,822.329638476037,8.994316744169508,1.0000000000000004,0.0,1.077521248430216,0.0,2.0775212484302163,824.4071597244672,,,,,1.0,1.2e-10,96.07628880204254,,,,
TG_edge_limit,gas_mix_hstar0p3,12.4,73.0,-1.0000000000000002,0.0,0.762,0.10380372095595687,7569.483502735569,25.317724410003258,1.0000000000000004,0.0,1.077521248430216,0.0,2.0775212484302163,7571.561023984,,,,,1.0,,,6.190586083708102e-05,5.364406787564166e-12,0.029273867528306317,derived Kcrit limiting curve; no finite normalization and no K prior
NFW,gas_thin_hstar0p3,12.4,73.0,-1.0000000000000002,0.0,0.4765969408345689,-0.1,91.41119012127506,9.338664971875732,1.0000000000000004,0.0,1.0,0.0,2.0000000000000004,93.41119012127506,11.526295082128922,335965809254.4543,1.2128131819017114,16.323496178778605,1.0,,,,,,
MOND,gas_thin_hstar0p3,12.4,73.0,-1.0000000000000002,0.0,0.4765969408345689,-0.1,4027.7290967982685,17.688146893594446,1.0000000000000004,0.0,1.0,0.0,2.0000000000000004,4029.7290967982685,,,,,1.0,1.2e-10,77.0655092885939,,,,
TG_edge_limit,gas_thin_hstar0p3,12.4,73.0,-1.0000000000000002,0.0,0.4765969408345689,-0.1,24072.19984013374,45.69092056182866,1.0000000000000004,0.0,1.0,0.0,2.0000000000000004,24074.19984013374,,,,,1.0,,,9.199222928560924e-05,6.807902403247676e-12,0.03264877010722347,derived Kcrit limiting curve; no finite normalization and no K prior
NFW,gas_thin_hstar0p3,12.4,73.0,-1.0000000000000002,0.0,0.5347505628802474,-0.05,84.50780597011834,9.005144097280883,1.0000000000000004,0.0,0.25,0.0,1.2500000000000004,85.75780597011834,11.527836514614968,337160364453.0189,1.1943303062824577,15.643369598044536,1.0,,,,,,
MOND,gas_thin_hstar0p3,12.4,73.0,-1.0000000000000002,0.0,0.5347505628802474,-0.05,2908.0648057625176,15.015374519359584,1.0000000000000004,0.0,0.25,0.0,1.2500000000000004,2909.3148057625176,,,,,1.0,1.2e-10,81.06762888008612,,,,
TG_edge_limit,gas_thin_hstar0p3,12.4,73.0,-1.0000000000000002,0.0,0.5347505628802474,-0.05,19532.525968693095,41.0815922590849,1.0000000000000004,0.0,0.25,0.0,1.2500000000000004,19533.775968693095,,,,,1.0,,,8.365393123957026e-05,6.530446059335946e-12,0.03167292608594369,derived Kcrit limiting curve; no finite normalization and no K prior
NFW,gas_thin_hstar0p3,12.4,73.0,-1.0000000000000002,0.0,0.6,0.0,77.38549150190875,8.648039417802686,1.0000000000000004,0.0,0.0,0.0,1.0000000000000004,78.38549150190875,11.530374769018488,339136683685.2744,1.1724982303349034,14.876413122196812,1.0,,,,,,
MOND,gas_thin_hstar0p3,12.4,73.0,-1.0000000000000002,0.0,0.6,0.0,1982.5313421338108,12.485549416780026,1.0000000000000004,0.0,0.0,0.0,1.0000000000000004,1983.5313421338108,,,,,1.0,1.2e-10,85.55808091806381,,,,
TG_edge_limit,gas_thin_hstar0p3,12.4,73.0,-1.0000000000000002,0.0,0.6,0.0,15235.67219745979,36.1949139109577,1.0000000000000004,0.0,0.0,0.0,1.0000000000000004,15236.67219745979,,,,,1.0,,,7.590746505910069e-05,6.8278174737502166e-12,0.030805459081816818,derived Kcrit limiting curve; no finite normalization and no K prior
NFW,gas_thin_hstar0p3,12.4,73.0,-1.0000000000000002,0.0,0.673211072581178,0.05,70.10433129592724,8.270414434432764,1.0000000000000004,0.0,0.25,0.0,1.2500000000000004,71.35433129592724,11.534408203413854,342301027999.10156,1.1464821298943488,14.011419303519004,1.0,,,,,,
MOND,gas_thin_hstar0p3,12.4,73.0,-1.0000000000000002,0.0,0.673211072581178,0.05,1288.7889940894147,10.37099976675104,1.0000000000000004,0.0,0.25,0.0,1.2500000000000004,1290.0389940894147,,,,,1.0,1.2e-10,90.59645097283263,,,,
TG_edge_limit,gas_thin_hstar0p3,12.4,73.0,-1.0000000000000002,0.0,0.673211072581178,0.05,11270.154155426622,31.030256716687852,1.0000000000000004,0.0,0.25,0.0,1.2500000000000004,11271.404155426622,,,,,1.0,,,6.874485205428785e-05,8.019189381966669e-12,0.03003511651611807,derived Kcrit limiting curve; no finite normalization and no K prior
NFW,gas_thin_hstar0p3,12.4,73.0,-1.0000000000000002,0.0,0.7553552470765004,0.1,62.720854788588575,7.877897347165484,1.0000000000000004,0.0,1.0,0.0,2.0000000000000004,64.72085478858858,11.540715402924194,347308492479.1628,1.115141458841305,13.035913164003576,1.0,,,,,,
MOND,gas_thin_hstar0p3,12.4,73.0,-1.0000000000000002,0.0,0.7553552470765004,0.1,869.6742842406717,9.183744241148299,1.0000000000000004,0.0,1.0,0.0,2.0000000000000004,871.6742842406717,,,,,1.0,1.2e-10,96.24959515388566,,,,
TG_edge_limit,gas_thin_hstar0p3,12.4,73.0,-1.0000000000000002,0.0,0.7553552470765004,0.1,7737.748378989219,25.601138136056985,1.0000000000000004,0.0,1.0,0.0,2.0000000000000004,7739.748378989219,,,,,1.0,,,6.214991208221914e-05,5.876640118554991e-12,0.029351483662277435,derived Kcrit limiting curve; no finite normalization and no K prior
NFW,gas_thin_hstar0p3,12.4,73.0,-1.0000000000000002,0.0,0.762,0.10380372095595687,62.15627673035856,7.847661791442126,1.0000000000000004,0.0,1.077521248430216,0.0,2.0775212484302163,64.23379797878879,11.541319581295788,347791994607.49963,1.1124977041159454,12.956798479283426,1.0,,,,,,
MOND,gas_thin_hstar0p3,12.4,73.0,-1.0000000000000002,0.0,0.762,0.10380372095595687,850.3691891134896,9.150079066864993,1.0000000000000004,0.0,1.077521248430216,0.0,2.0775212484302163,852.4467103619198,,,,,1.0,1.2e-10,96.70688560150171,,,,
TG_edge_limit,gas_thin_hstar0p3,12.4,73.0,-1.0000000000000002,0.0,0.762,0.10380372095595687,7489.954274371402,25.17832264837632,1.0000000000000004,0.0,1.077521248430216,0.0,2.0775212484302163,7492.031795619832,,,,,1.0,,,6.167084054314214e-05,6.001500697789856e-12,0.029302750283163637,derived Kcrit limiting curve; no finite normalization and no K prior
NFW,gas_mix_hstar0p6,12.4,73.0,-1.0000000000000002,0.0,0.4765969408345689,-0.1,93.73599111643495,9.202305409721642,1.0000000000000004,0.0,1.0,0.0,2.0000000000000004,95.73599111643495,11.521235343344639,332074359260.751,1.2247579521927816,16.778686214449817,1.0,,,,,,
MOND,gas_mix_hstar0p6,12.4,73.0,-1.0000000000000002,0.0,0.4765969408345689,-0.1,4720.415179293684,19.244094689986312,1.0000000000000004,0.0,1.0,0.0,2.0000000000000004,4722.415179293684,,,,,1.0,1.2e-10,76.4084091982691,,,,
TG_edge_limit,gas_mix_hstar0p6,12.4,73.0,-1.0000000000000002,0.0,0.4765969408345689,-0.1,27662.83289608035,49.17709355943836,1.0000000000000004,0.0,1.0,0.0,2.0000000000000004,27664.83289608035,,,,,1.0,,,9.627572248868042e-05,1.0989327221382574e-11,0.03647713037501856,derived Kcrit limiting curve; no finite normalization and no K prior
NFW,gas_mix_hstar0p6,12.4,73.0,-1.0000000000000002,0.0,0.5347505628802474,-0.05,87.07692568542538,8.83964598265426,1.0000000000000004,0.0,0.25,0.0,1.2500000000000004,88.32692568542538,11.521450149137085,332238646725.5013,1.2083741192075341,16.157498311414738,1.0,,,,,,
MOND,gas_mix_hstar0p6,12.4,73.0,-1.0000000000000002,0.0,0.5347505628802474,-0.05,3520.732848190531,16.56441655643816,1.0000000000000004,0.0,0.25,0.0,1.2500000000000004,3521.982848190531,,,,,1.0,1.2e-10,80.40729489917597,,,,
TG_edge_limit,gas_mix_hstar0p6,12.4,73.0,-1.0000000000000002,0.0,0.5347505628802474,-0.05,23007.403740902733,44.79944075306591,1.0000000000000004,0.0,0.25,0.0,1.2500000000000004,23008.653740902733,,,,,1.0,,,8.764172669299573e-05,6.601111461432168e-12,0.035437288289116575,derived Kcrit limiting curve; no finite normalization and no K prior
NFW,gas_mix_hstar0p6,12.4,73.0,-1.0000000000000002,0.0,0.6,0.0,80.22025962046469,8.444967066398485,1.0000000000000004,0.0,0.0,0.0,1.0000000000000004,81.22025962046469,11.522299863919262,332889321451.8202,1.189081176915703,15.455433004810704,1.0,,,,,,
MOND,gas_mix_hstar0p6,12.4,73.0,-1.0000000000000002,0.0,0.6,0.0,2501.3792589293685,13.958747136621863,1.0000000000000004,0.0,0.0,0.0,1.0000000000000004,2502.3792589293685,,,,,1.0,1.2e-10,84.8941184522377,,,,
TG_edge_limit,gas_mix_hstar0p6,12.4,73.0,-1.0000000000000002,0.0,0.6,0.0,18538.349938918247,40.15704645701583,1.0000000000000004,0.0,0.0,0.0,1.0000000000000004,18539.349938918247,,,,,1.0,,,7.960405083869665e-05,1.419805155550434e-11,0.03450948259870897,derived Kcrit limiting curve; no finite normalization and no K prior
NFW,gas_mix_hstar0p6,12.4,73.0,-1.0000000000000002,0.0,0.673211072581178,0.05,73.23255280466688,8.018721485832979,1.0000000000000004,0.0,0.25,0.0,1.2500000000000004,74.48255280466688,11.52413969841128,334302556993.6729,1.1661778433665153,14.66148104936985,1.0,,,,,,
MOND,gas_mix_hstar0p6,12.4,73.0,-1.0000000000000002,0.0,0.673211072581178,0.05,1698.082720423487,11.616409238389195,1.0000000000000004,0.0,0.25,0.0,1.2500000000000004,1699.332720423487,,,,,1.0,1.2e-10,89.9284172799697,,,,
TG_edge_limit,gas_mix_hstar0p6,12.4,73.0,-1.0000000000000002,0.0,0.673211072581178,0.05,14335.111563474098,35.24792001655171,1.0000000000000004,0.0,0.25,0.0,1.2500000000000004,14336.361563474098,,,,,1.0,,,7.215795290140186e-05,9.17450549146923e-12,0.03368278586411158,derived Kcrit limiting curve; no finite normalization and no K prior
NFW,gas_mix_hstar0p6,12.4,73.0,-1.0000000000000002,0.0,0.7553552470765004,0.1,66.17607942965421,7.563070534638549,1.0000000000000004,0.0,1.0,0.0,2.0000000000000004,68.17607942965421,11.527524723470469,336918395250.43744,1.1387172002138015,13.763129625372764,1.0,,,,,,
MOND,gas_mix_hstar0p6,12.4,73.0,-1.0000000000000002,0.0,0.7553552470765004,0.1,1151.4487449493759,9.914980100874383,1.0000000000000004,0.0,1.0,0.0,2.0000000000000004,1153.4487449493759,,,,,1.0,1.2e-10,95.57699346915572,,,,
TG_edge_limit,gas_mix_hstar0p6,12.4,73.0,-1.0000000000000002,0.0,0.7553552470765004,0.1,10489.212441301166,30.080028086887957,1.0000000000000004,0.0,1.0,0.0,2.0000000000000004,10491.212441301166,,,,,1.0,,,6.5289874380615e-05,1.1007849101377715e-11,0.0329469257314111,derived Kcrit limiting curve; no finite normalization and no K prior
NFW,gas_mix_hstar0p6,12.4,73.0,-1.0000000000000002,0.0,0.762,0.10380372095595687,65.6377685193299,7.527316023756516,1.0000000000000004,0.0,1.077521248430216,0.0,2.0775212484302163,67.71528976776011,11.527867722022199,337184592895.4306,1.136407430803351,13.690125543832176,1.0,,,,,,
MOND,gas_mix_hstar0p6,12.4,73.0,-1.0000000000000002,0.0,0.762,0.10380372095595687,1121.636871830549,9.82782664555562,1.0000000000000004,0.0,1.077521248430216,0.0,2.0775212484302163,1123.7143930789791,,,,,1.0,1.2e-10,96.03391440575655,,,,
TG_edge_limit,gas_mix_hstar0p6,12.4,73.0,-1.0000000000000002,0.0,0.762,0.10380372095595687,10214.149070181633,29.67693450996511,1.0000000000000004,0.0,1.077521248430216,0.0,2.0775212484302163,10216.226591430062,,,,,1.0,,,6.479050827387173e-05,5.909078178741505e-12,0.03289438897568866,derived Kcrit limiting curve; no finite normalization and no K prior
NFW,gas_mix_hstar0p3,12.4,76.0,-1.0000000000000002,1.0,0.4765969408345689,-0.1,90.59905676958107,9.390664951764979,1.0000000000000004,1.0,1.0,0.0,3.0000000000000004,93.59905676958107,11.504209587252806,319307843898.9213,1.2254678315070766,16.80613436897599,0.9855807153076326,,,,,,
MOND,gas_mix_hstar0p3,12.4,76.0,-1.0000000000000002,1.0,0.4765969408345689,-0.1,4893.910159251998,19.559273995746235,1.0000000000000004,1.0,1.0,0.0,3.0000000000000004,4896.910159251998,,,,,0.9855807153076326,1.2e-10,82.023408137603,,,,
TG_edge_limit,gas_mix_hstar0p3,12.4,76.0,-1.0000000000000002,1.0,0.4765969408345689,-0.1,28647.788380147613,49.33066463091073,1.0000000000000004,1.0,1.0,0.0,3.0000000000000004,28650.788380147613,,,,,0.9855807153076326,,,0.00010162916744029568,6.222255971290377e-12,0.035465876300503796,derived Kcrit limiting curve; no finite normalization and no K prior
NFW,gas_mix_hstar0p3,12.4,76.0,-1.0000000000000002,1.0,0.5347505628802474,-0.05,84.47490158233079,9.079988511388049,1.0000000000000004,1.0,0.25,0.0,2.2500000000000004,86.72490158233079,11.502962559903079,318392302704.528,1.2103423482581035,16.230890515710172,0.9855807153076326,,,,,,
MOND,gas_mix_hstar0p3,12.4,76.0,-1.0000000000000002,1.0,0.5347505628802474,-0.05,3684.3563759045396,17.01242542447174,1.0000000000000004,1.0,0.25,0.0,2.2500000000000004,3686.6063759045396,,,,,0.9855807153076326,1.2e-10,86.21482020496353,,,,
TG_edge_limit,gas_mix_hstar0p3,12.4,76.0,-1.0000000000000002,1.0,0.5347505628802474,-0.05,23864.437698798964,44.98082977093449,1.0000000000000004,1.0,0.25,0.0,2.2500000000000004,23866.687698798964,,,,,0.9855807153076326,,,9.23435683717985e-05,5.8756240772438145e-12,0.03442610461207999,derived Kcrit limiting curve; no finite normalization and no K prior
NFW,gas_mix_hstar0p3,12.4,76.0,-1.0000000000000002,1.0,0.6,0.0,78.21807910070007,8.743439230509594,1.0000000000000004,1.0,0.0,0.0,2.0000000000000004,80.21807910070007,11.502036219398354,317713902742.5648,1.1925429312480813,15.579120312672146,0.9855807153076326,,,,,,
MOND,gas_mix_hstar0p3,12.4,76.0,-1.0000000000000002,1.0,0.6,0.0,2665.386570289961,14.599269002377405,1.0000000000000004,1.0,0.0,0.0,2.0000000000000004,2667.386570289961,,,,,0.9855807153076326,1.2e-10,90.91766189412597,,,,
TG_edge_limit,gas_mix_hstar0p3,12.4,76.0,-1.0000000000000002,1.0,0.6,0.0,19271.505296862964,40.372597705825925,1.0000000000000004,1.0,0.0,0.0,2.0000000000000004,19273.505296862964,,,,,0.9855807153076326,,,8.373220122615006e-05,6.786469343948129e-12,0.03350190207064569,derived Kcrit limiting curve; no finite normalization and no K prior
NFW,gas_mix_hstar0p3,12.4,76.0,-1.0000000000000002,1.0,0.673211072581178,0.05,71.91925499345672,8.382198795701305,1.0000000000000004,1.0,0.25,0.0,2.2500000000000004,74.16925499345672,11.501688641880575,317459729512.3338,1.1714298025602172,14.839859957434001,0.9855807153076326,,,,,,
MOND,gas_mix_hstar0p3,12.4,76.0,-1.0000000000000002,1.0,0.673211072581178,0.05,1873.3559477556043,12.525576506901489,1.0000000000000004,1.0,0.25,0.0,2.2500000000000004,1875.6059477556043,,,,,0.9855807153076326,1.2e-10,96.19433705702684,,,,
TG_edge_limit,gas_mix_hstar0p3,12.4,76.0,-1.0000000000000002,1.0,0.673211072581178,0.05,14947.995251735569,35.503970652854676,1.0000000000000004,1.0,0.25,0.0,2.2500000000000004,14950.245251735569,,,,,0.9855807153076326,,,7.578230635215184e-05,6.857738867308659e-12,0.03268118873512182,derived Kcrit limiting curve; no finite normalization and no K prior
NFW,gas_mix_hstar0p3,12.4,76.0,-1.0000000000000002,1.0,0.7553552470765004,0.1,65.67837557543285,7.9992643130609755,1.0000000000000004,1.0,1.0,0.0,3.0000000000000004,68.67837557543285,11.502333668841642,317931580373.2608,1.1461415310561822,14.000435046344437,0.9855807153076326,,,,,,
MOND,gas_mix_hstar0p3,12.4,76.0,-1.0000000000000002,1.0,0.7553552470765004,0.1,1349.4669209930619,11.14793742739849,1.0000000000000004,1.0,1.0,0.0,3.0000000000000004,1352.4669209930619,,,,,0.9855807153076326,1.2e-10,102.11486396715847,,,,
TG_edge_limit,gas_mix_hstar0p3,12.4,76.0,-1.0000000000000002,1.0,0.7553552470765004,0.1,10984.90743749551,30.38250888907651,1.0000000000000004,1.0,1.0,0.0,3.0000000000000004,10987.90743749551,,,,,0.9855807153076326,,,6.847261374623509e-05,7.438983203134055e-12,0.03195281988354365,derived Kcrit limiting curve; no finite normalization and no K prior
NFW,gas_mix_hstar0p3,12.4,76.0,-1.0000000000000002,1.0,0.762,0.10380372095595687,65.20875451757682,7.969383688641846,1.0000000000000004,1.0,1.077521248430216,0.0,3.0775212484302163,68.28627576600704,11.502440192130209,318009571857.5575,1.144015828762158,13.93207580356647,0.9855807153076326,,,,,,
MOND,gas_mix_hstar0p3,12.4,76.0,-1.0000000000000002,1.0,0.762,0.10380372095595687,1321.871292905985,11.084898095524908,1.0000000000000004,1.0,1.077521248430216,0.0,3.0775212484302163,1324.9488141544152,,,,,0.9855807153076326,1.2e-10,102.59378336389543,,,,
TG_edge_limit,gas_mix_hstar0p3,12.4,76.0,-1.0000000000000002,1.0,0.762,0.10380372095595687,10701.03860898896,29.98315940394458,1.0000000000000004,1.0,1.077521248430216,0.0,3.0775212484302163,10704.11613023739,,,,,0.9855807153076326,,,6.794198910360572e-05,5.992560685917882e-12,0.03190089511930673,derived Kcrit limiting curve; no finite normalization and no K prior
NFW,gas_thin_hstar0p3,12.4,76.0,-1.0000000000000002,1.0,0.4765969408345689,-0.1,90.58390015448238,9.409797705156734,1.0000000000000004,1.0,1.0,0.0,3.0000000000000004,93.58390015448238,11.50233233936608,317930607112.8642,1.2266025377274032,16.850102138293394,0.9855807153076326,,,,,,
MOND,gas_thin_hstar0p3,12.4,76.0,-1.0000000000000002,1.0,0.4765969408345689,-0.1,4900.2726120422485,19.58360868992632,1.0000000000000004,1.0,1.0,0.0,3.0000000000000004,4903.2726120422485,,,,,0.9855807153076326,1.2e-10,83.05533841915937,,,,
TG_edge_limit,gas_thin_hstar0p3,12.4,76.0,-1.0000000000000002,1.0,0.4765969408345689,-0.1,28458.685739426925,49.15756303302117,1.0000000000000004,1.0,1.0,0.0,3.0000000000000004,28461.685739426925,,,,,0.9855807153076326,,,0.00010107801325349608,7.398027237437283e-12,0.03549780799544309,derived Kcrit limiting curve; no finite normalization and no K prior
NFW,gas_thin_hstar0p3,12.4,76.0,-1.0000000000000002,1.0,0.5347505628802474,-0.05,84.44051830415187,9.098228114133802,1.0000000000000004,1.0,0.25,0.0,2.2500000000000004,86.69051830415187,11.501032275381387,316980302394.5892,1.2114951720750655,16.2740322417526,0.9855807153076326,,,,,,
MOND,gas_thin_hstar0p3,12.4,76.0,-1.0000000000000002,1.0,0.5347505628802474,-0.05,3696.7490279050417,17.05694372526502,1.0000000000000004,1.0,0.25,0.0,2.2500000000000004,3698.9990279050417,,,,,0.9855807153076326,1.2e-10,87.2467504865199,,,,
TG_edge_limit,gas_thin_hstar0p3,12.4,76.0,-1.0000000000000002,1.0,0.5347505628802474,-0.05,23703.336836596103,44.81946303027761,1.0000000000000004,1.0,0.25,0.0,2.2500000000000004,23705.586836596103,,,,,0.9855807153076326,,,9.189164840124756e-05,4.53285484484382e-12,0.0344570429884342,derived Kcrit limiting curve; no finite normalization and no K prior
NFW,gas_thin_hstar0p3,12.4,76.0,-1.0000000000000002,1.0,0.6,0.0,78.16581503529554,8.760652836746669,1.0000000000000004,1.0,0.0,0.0,2.0000000000000004,80.16581503529554,11.500042721602927,316258874912.10913,1.193716840513822,15.621288044120137,0.9855807153076326,,,,,,
MOND,gas_thin_hstar0p3,12.4,76.0,-1.0000000000000002,1.0,0.6,0.0,2683.703251939428,14.670160540498616,1.0000000000000004,1.0,0.0,0.0,2.0000000000000004,2685.703251939428,,,,,0.9855807153076326,1.2e-10,91.94959217568234,,,,
TG_edge_limit,gas_thin_hstar0p3,12.4,76.0,-1.0000000000000002,1.0,0.6,0.0,19137.36510788646,40.2234015832362,1.0000000000000004,1.0,0.0,0.0,2.0000000000000004,19139.36510788646,,,,,0.9855807153076326,,,8.336305973488979e-05,6.944638587660599e-12,0.033531340175853706,derived Kcrit limiting curve; no finite normalization and no K prior
NFW,gas_thin_hstar0p3,12.4,76.0,-1.0000000000000002,1.0,0.673211072581178,0.05,71.85171103220081,8.398235886260597,1.0000000000000004,1.0,0.25,0.0,2.2500000000000004,74.10171103220081,11.499619026886466,315950485379.69586,1.1726284034426855,14.880872767110322,0.9855807153076326,,,,,,
MOND,gas_thin_hstar0p3,12.4,76.0,-1.0000000000000002,1.0,0.673211072581178,0.05,1897.4460201551453,12.629825815954266,1.0000000000000004,1.0,0.25,0.0,2.2500000000000004,1899.6960201551453,,,,,0.9855807153076326,1.2e-10,97.22626733858321,,,,
TG_edge_limit,gas_thin_hstar0p3,12.4,76.0,-1.0000000000000002,1.0,0.673211072581178,0.05,14839.74486275662,35.36776165858731,1.0000000000000004,1.0,0.25,0.0,2.2500000000000004,14841.99486275662,,,,,0.9855807153076326,,,7.54817903439399e-05,7.836811521754256e-12,0.03270882380232891,derived Kcrit limiting curve; no finite normalization and no K prior
NFW,gas_thin_hstar0p3,12.4,76.0,-1.0000000000000002,1.0,0.7553552470765004,0.1,65.59983406428356,8.013957818151356,1.0000000000000004,1.0,1.0,0.0,3.0000000000000004,68.59983406428356,11.500171231539838,316352471362.2058,1.147369270087223,14.040069903433473,0.9855807153076326,,,,,,
MOND,gas_thin_hstar0p3,12.4,76.0,-1.0000000000000002,1.0,0.7553552470765004,0.1,1379.1405085326282,11.28854913829655,1.0000000000000004,1.0,1.0,0.0,3.0000000000000004,1382.1405085326282,,,,,0.9855807153076326,1.2e-10,103.14679424871484,,,,
TG_edge_limit,gas_thin_hstar0p3,12.4,76.0,-1.0000000000000002,1.0,0.7553552470765004,0.1,10901.46330023586,30.260833555112406,1.0000000000000004,1.0,1.0,0.0,3.0000000000000004,10904.46330023586,,,,,0.9855807153076326,,,6.822868441053114e-05,7.27848551602638e-12,0.03197849708730854,derived Kcrit limiting curve; no finite normalization and no K prior
NFW,gas_thin_hstar0p3,12.4,76.0,-1.0000000000000002,1.0,0.762,0.10380372095595687,65.12960944401082,7.983967758023461,1.0000000000000004,1.0,1.077521248430216,0.0,3.0775212484302163,68.20713069244104,11.500269868223626,316424329292.1669,1.1452459965054698,13.97159527083456,0.9855807153076326,,,,,,
MOND,gas_thin_hstar0p3,12.4,76.0,-1.0000000000000002,1.0,0.762,0.10380372095595687,1351.9608784115658,11.228070755161387,1.0000000000000004,1.0,1.077521248430216,0.0,3.0775212484302163,1355.038399659996,,,,,0.9855807153076326,1.2e-10,103.62571364545178,,,,
TG_edge_limit,gas_thin_hstar0p3,12.4,76.0,-1.0000000000000002,1.0,0.762,0.10380372095595687,10619.437188431879,29.862687567258767,1.0000000000000004,1.0,1.077521248430216,0.0,3.0775212484302163,10622.514709680308,,,,,0.9855807153076326,,,6.770192695799904e-05,5.032322081300021e-12,0.031926420242636915,derived Kcrit limiting curve; no finite normalization and no K prior
NFW,gas_mix_hstar0p6,12.4,76.0,-1.0000000000000002,1.0,0.4765969408345689,-0.1,93.74011436778417,9.329404700894562,1.0000000000000004,1.0,1.0,0.0,3.0000000000000004,96.74011436778417,11.498278519253764,314976765749.84247,1.237181822579139,17.265605859368918,0.9855807153076326,,,,,,
MOND,gas_mix_hstar0p6,12.4,76.0,-1.0000000000000002,1.0,0.4765969408345689,-0.1,5647.564653254958,21.062305053674653,1.0000000000000004,1.0,1.0,0.0,3.0000000000000004,5650.564653254958,,,,,0.9855807153076326,1.2e-10,81.98323280525997,,,,
TG_edge_limit,gas_mix_hstar0p6,12.4,76.0,-1.0000000000000002,1.0,0.4765969408345689,-0.1,32071.310412917035,52.320157253426224,1.0000000000000004,1.0,1.0,0.0,3.0000000000000004,32074.310412917035,,,,,0.9855807153076326,,,0.00010540970950587685,7.767904283654777e-12,0.039502978694475596,derived Kcrit limiting curve; no finite normalization and no K prior
NFW,gas_mix_hstar0p6,12.4,76.0,-1.0000000000000002,1.0,0.5347505628802474,-0.05,87.8788548905681,8.999211649808913,1.0000000000000004,1.0,0.25,0.0,2.2500000000000004,90.1288548905681,11.495940012161485,313285296252.523,1.223901553895476,16.74563242112425,0.9855807153076326,,,,,,
MOND,gas_mix_hstar0p6,12.4,76.0,-1.0000000000000002,1.0,0.5347505628802474,-0.05,4370.016141448128,18.538700581307026,1.0000000000000004,1.0,0.25,0.0,2.2500000000000004,4372.266141448128,,,,,0.9855807153076326,1.2e-10,86.16974274066692,,,,
TG_edge_limit,gas_mix_hstar0p6,12.4,76.0,-1.0000000000000002,1.0,0.5347505628802474,-0.05,27240.689451510192,48.19306880114627,1.0000000000000004,1.0,0.25,0.0,2.2500000000000004,27242.939451510192,,,,,0.9855807153076326,,,9.592192575624624e-05,9.416354477300124e-12,0.03839896293097891,derived Kcrit limiting curve; no finite normalization and no K prior
NFW,gas_mix_hstar0p6,12.4,76.0,-1.0000000000000002,1.0,0.6,0.0,81.90759302676848,8.637016017255291,1.0000000000000004,1.0,0.0,0.0,2.0000000000000004,83.90759302676848,11.49364714728094,311635659836.63525,1.208318940443494,16.155445570270434,0.9855807153076326,,,,,,
MOND,gas_mix_hstar0p6,12.4,76.0,-1.0000000000000002,1.0,0.6,0.0,3270.0257985333956,16.105012879089447,1.0000000000000004,1.0,0.0,0.0,2.0000000000000004,3272.0257985333956,,,,,0.9855807153076326,1.2e-10,90.86708414731204,,,,
TG_edge_limit,gas_mix_hstar0p6,12.4,76.0,-1.0000000000000002,1.0,0.6,0.0,22551.17077950368,43.82001188640191,1.0000000000000004,1.0,0.0,0.0,2.0000000000000004,22553.17077950368,,,,,0.9855807153076326,,,8.709710688320832e-05,1.027426729931009e-11,0.03741354793624552,derived Kcrit limiting curve; no finite normalization and no K prior
NFW,gas_mix_hstar0p6,12.4,76.0,-1.0000000000000002,1.0,0.673211072581178,0.05,75.92776847309514,8.242033040375544,1.0000000000000004,1.0,0.25,0.0,2.2500000000000004,78.17776847309514,11.491558210851725,310140305859.62775,1.1899004099298758,15.484614933514898,0.9855807153076326,,,,,,
MOND,gas_mix_hstar0p6,12.4,76.0,-1.0000000000000002,1.0,0.673211072581178,0.05,2382.116252273395,13.917130046831229,1.0000000000000004,1.0,0.25,0.0,2.2500000000000004,2384.366252273395,,,,,0.9855807153076326,1.2e-10,96.13758789172462,,,,
TG_edge_limit,gas_mix_hstar0p6,12.4,76.0,-1.0000000000000002,1.0,0.673211072581178,0.05,18073.815504245544,39.19879153008603,1.0000000000000004,1.0,0.25,0.0,2.2500000000000004,18076.065504245544,,,,,0.9855807153076326,,,7.89279536945897e-05,9.777941750453683e-12,0.03653519364714473,derived Kcrit limiting curve; no finite normalization and no K prior
NFW,gas_mix_hstar0p6,12.4,76.0,-1.0000000000000002,1.0,0.7553552470765004,0.1,70.05817265241855,7.814669344172969,1.0000000000000004,1.0,1.0,0.0,3.0000000000000004,73.05817265241855,11.489936025557597,308984024513.5312,1.1679351712595385,14.720927413132944,0.9855807153076326,,,,,,
MOND,gas_mix_hstar0p6,12.4,76.0,-1.0000000000000002,1.0,0.7553552470765004,0.1,1745.3881539534386,12.248583336009307,1.0000000000000004,1.0,1.0,0.0,3.0000000000000004,1748.3881539534386,,,,,0.9855807153076326,1.2e-10,102.05119035642312,,,,
TG_edge_limit,gas_mix_hstar0p6,12.4,76.0,-1.0000000000000002,1.0,0.7553552470765004,0.1,13890.66361893089,34.33482916546214,1.0000000000000004,1.0,1.0,0.0,3.0000000000000004,13893.66361893089,,,,,0.9855807153076326,,,7.13978564765632e-05,7.648031478100414e-12,0.035753058077048025,derived Kcrit limiting curve; no finite normalization and no K prior
NFW,gas_mix_hstar0p6,12.4,76.0,-1.0000000000000002,1.0,0.762,0.10380372095595687,69.61971553709816,7.780881541991353,1.0000000000000004,1.0,1.077521248430216,0.0,3.0775212484302163,72.69723678552837,11.489842588357114,308917554645.833,1.166093644715084,14.658638836713061,0.9855807153076326,,,,,,
MOND,gas_mix_hstar0p6,12.4,76.0,-1.0000000000000002,1.0,0.762,0.10380372095595687,1708.4480520314644,12.153758463123168,1.0000000000000004,1.0,1.077521248430216,0.0,3.0775212484302163,1711.5255732798946,,,,,0.9855807153076326,1.2e-10,102.52954962544175,,,,
TG_edge_limit,gas_mix_hstar0p6,12.4,76.0,-1.0000000000000002,1.0,0.762,0.10380372095595687,13587.064560249506,33.95532127502723,1.0000000000000004,1.0,1.077521248430216,0.0,3.0775212484302163,13590.142081497936,,,,,0.9855807153076326,,,7.08505317013593e-05,8.571618674748042e-12,0.035697206052075166,derived Kcrit limiting curve; no finite normalization and no K prior
NFW,gas_mix_hstar0p3,12.4,79.0,-1.0000000000000002,2.0,0.4765969408345689,-0.1,96.95958154995432,9.592040083832318,1.0000000000000004,4.0,1.0,0.0,6.0,102.95958154995432,11.48945397693178,308641255494.65375,1.2412598522969343,17.428493640725332,0.9742036203646162,,,,,,
MOND,gas_mix_hstar0p3,12.4,79.0,-1.0000000000000002,2.0,0.4765969408345689,-0.1,6519.000478245881,22.630351871771143,1.0000000000000004,4.0,1.0,0.0,6.0,6525.000478245881,,,,,0.9742036203646162,1.2e-10,77.95927200413331,,,,
TG_edge_limit,gas_mix_hstar0p3,12.4,79.0,-1.0000000000000002,2.0,0.4765969408345689,-0.1,35403.59246979407,54.412722612961545,1.0000000000000004,4.0,1.0,0.0,6.0,35409.59246979407,,,,,0.9742036203646162,,,0.00011649036870238292,7.330139785024008e-12,0.03849913194730684,derived Kcrit limiting curve; no finite normalization and no K prior
NFW,gas_mix_hstar0p3,12.4,79.0,-1.0000000000000002,2.0,0.5347505628802474,-0.05,91.83325495403975,9.324166664964554,1.0000000000000004,4.0,0.25,0.0,5.25,97.08325495403975,11.485981101671532,306183019522.19977,1.2299792381397998,16.981624682515065,0.9742036203646162,,,,,,
MOND,gas_mix_hstar0p3,12.4,79.0,-1.0000000000000002,2.0,0.5347505628802474,-0.05,5142.10080509091,20.152838832847504,1.0000000000000004,4.0,0.25,0.0,5.25,5147.35080509091,,,,,0.9742036203646162,1.2e-10,82.12301628762404,,,,
TG_edge_limit,gas_mix_hstar0p3,12.4,79.0,-1.0000000000000002,2.0,0.5347505628802474,-0.05,30415.605597573696,50.413682192344815,1.0000000000000004,4.0,0.25,0.0,5.25,30420.855597573696,,,,,0.9742036203646162,,,0.00010578553816311992,1.0084190303508636e-11,0.03743398554358399,derived Kcrit limiting curve; no finite normalization and no K prior
NFW,gas_mix_hstar0p3,12.4,79.0,-1.0000000000000002,2.0,0.6,0.0,86.67435366937517,9.031363322051698,1.0000000000000004,4.0,0.0,0.0,5.0,91.67435366937517,11.482278643982513,303583835785.7336,1.216789843204788,16.473650322482683,0.9742036203646162,,,,,,
MOND,gas_mix_hstar0p3,12.4,79.0,-1.0000000000000002,2.0,0.6,0.0,3937.774610683844,17.748404883253666,1.0000000000000004,4.0,0.0,0.0,5.0,3942.774610683844,,,,,0.9742036203646162,1.2e-10,86.79481421269493,,,,
TG_edge_limit,gas_mix_hstar0p3,12.4,79.0,-1.0000000000000002,2.0,0.6,0.0,25543.780860645802,46.178249186095506,1.0000000000000004,4.0,0.0,0.0,5.0,25548.780860645802,,,,,0.9742036203646162,,,9.587209709669449e-05,4.875736884522806e-12,0.03648605872912601,derived Kcrit limiting curve; no finite normalization and no K prior
NFW,gas_mix_hstar0p3,12.4,79.0,-1.0000000000000002,2.0,0.673211072581178,0.05,81.60658484905484,8.713445157550519,1.0000000000000004,4.0,0.25,0.0,5.25,86.85658484905484,11.478410063828214,300891600090.9233,1.2012663747468717,15.895213834399753,0.9742036203646162,,,,,,
MOND,gas_mix_hstar0p3,12.4,79.0,-1.0000000000000002,2.0,0.673211072581178,0.05,2939.204567833611,15.542396382197772,1.0000000000000004,4.0,0.25,0.0,5.25,2944.454567833611,,,,,0.9742036203646162,1.2e-10,92.0366576993941,,,,
TG_edge_limit,gas_mix_hstar0p3,12.4,79.0,-1.0000000000000002,2.0,0.673211072581178,0.05,20853.800445895737,41.70259763462142,1.0000000000000004,4.0,0.25,0.0,5.25,20859.050445895737,,,,,0.9742036203646162,,,8.673129318346613e-05,8.725298925499841e-12,0.0356432480095327,derived Kcrit limiting curve; no finite normalization and no K prior
NFW,gas_mix_hstar0p3,12.4,79.0,-1.0000000000000002,2.0,0.7553552470765004,0.1,76.78604401756628,8.371360071199938,1.0000000000000004,4.0,1.0,0.0,6.0,82.78604401756628,11.47449762307068,298193122752.6757,1.1828493435952014,15.235241528195843,0.9742036203646162,,,,,,
MOND,gas_mix_hstar0p3,12.4,79.0,-1.0000000000000002,2.0,0.7553552470765004,0.1,2183.8629469474995,13.748014345839731,1.0000000000000004,4.0,1.0,0.0,6.0,2189.8629469474995,,,,,0.9742036203646162,1.2e-10,97.91810282603312,,,,
TG_edge_limit,gas_mix_hstar0p3,12.4,79.0,-1.0000000000000002,2.0,0.7553552470765004,0.1,16421.611703884508,36.98842727478472,1.0000000000000004,4.0,1.0,0.0,6.0,16427.611703884508,,,,,0.9742036203646162,,,7.833536503109497e-05,5.690389032673436e-12,0.034894379018736654,derived Kcrit limiting curve; no finite normalization and no K prior
NFW,gas_mix_hstar0p3,12.4,79.0,-1.0000000000000002,2.0,0.762,0.10380372095595687,76.43455270325431,8.344408971731045,1.0000000000000004,4.0,1.077521248430216,0.0,6.077521248430216,82.51207395168453,11.47420359981816,297991310288.192,1.1813100909185816,15.181339444912703,0.9742036203646162,,,,,,
MOND,gas_mix_hstar0p3,12.4,79.0,-1.0000000000000002,2.0,0.762,0.10380372095595687,2137.5207043326773,13.636838019471089,1.0000000000000004,4.0,1.077521248430216,0.0,6.077521248430216,2143.5982255811073,,,,,0.9742036203646162,1.2e-10,98.39386084466003,,,,
TG_edge_limit,gas_mix_hstar0p3,12.4,79.0,-1.0000000000000002,2.0,0.762,0.10380372095595687,16097.387424957884,36.62029554410493,1.0000000000000004,4.0,1.077521248430216,0.0,6.077521248430216,16103.464946206313,,,,,0.9742036203646162,,,7.77261995163346e-05,5.5532545146400655e-12,0.03484095902786864,derived Kcrit limiting curve; no finite normalization and no K prior
NFW,gas_thin_hstar0p3,12.4,79.0,-1.0000000000000002,2.0,0.4765969408345689,-0.1,96.86962207129366,9.609910409874422,1.0000000000000004,4.0,1.0,0.0,6.0,102.86962207129366,11.487901685842994,307540053687.04297,1.2422300174836867,17.46747046044229,0.9742036203646162,,,,,,
MOND,gas_thin_hstar0p3,12.4,79.0,-1.0000000000000002,2.0,0.4765969408345689,-0.1,6524.486310038851,22.650917403768904,1.0000000000000004,4.0,1.0,0.0,6.0,6530.486310038851,,,,,0.9742036203646162,1.2e-10,79.02078509909168,,,,
TG_edge_limit,gas_thin_hstar0p3,12.4,79.0,-1.0000000000000002,2.0,0.4765969408345689,-0.1,35223.36468638603,54.265756687293376,1.0000000000000004,4.0,1.0,0.0,6.0,35229.36468638603,,,,,0.9742036203646162,,,0.00011590866073967608,7.675441000557463e-12,0.03852466302638512,derived Kcrit limiting curve; no finite normalization and no K prior
NFW,gas_thin_hstar0p3,12.4,79.0,-1.0000000000000002,2.0,0.5347505628802474,-0.05,91.7159328582237,9.341426710686926,1.0000000000000004,4.0,0.25,0.0,5.25,96.9659328582237,11.484389139951048,305062721231.47095,1.2309666159061068,17.020276689810792,0.9742036203646162,,,,,,
MOND,gas_thin_hstar0p3,12.4,79.0,-1.0000000000000002,2.0,0.5347505628802474,-0.05,5152.980757804652,20.188260725364458,1.0000000000000004,4.0,0.25,0.0,5.25,5158.230757804652,,,,,0.9742036203646162,1.2e-10,83.1845293825824,,,,
TG_edge_limit,gas_thin_hstar0p3,12.4,79.0,-1.0000000000000002,2.0,0.5347505628802474,-0.05,30259.39639491133,50.27650051971979,1.0000000000000004,4.0,0.25,0.0,5.25,30264.64639491133,,,,,0.9742036203646162,,,0.0001053087135145884,7.442492965898605e-12,0.03745913939774419,derived Kcrit limiting curve; no finite normalization and no K prior
NFW,gas_thin_hstar0p3,12.4,79.0,-1.0000000000000002,2.0,0.6,0.0,86.52884935230561,9.047912244876839,1.0000000000000004,4.0,0.0,0.0,5.0,91.52884935230561,11.48063971116772,302440335507.0941,1.2177973290908737,16.5119106200174,0.9742036203646162,,,,,,
MOND,gas_thin_hstar0p3,12.4,79.0,-1.0000000000000002,2.0,0.6,0.0,3953.9234771351394,17.802392453929937,1.0000000000000004,4.0,0.0,0.0,5.0,3958.9234771351394,,,,,0.9742036203646162,1.2e-10,87.85632730765329,,,,
TG_edge_limit,gas_thin_hstar0p3,12.4,79.0,-1.0000000000000002,2.0,0.6,0.0,25410.72157530048,46.05107948738635,1.0000000000000004,4.0,0.0,0.0,5.0,25415.72157530048,,,,,0.9742036203646162,,,9.548269179114743e-05,7.755494371462268e-12,0.03651030107538982,derived Kcrit limiting curve; no finite normalization and no K prior
NFW,gas_thin_hstar0p3,12.4,79.0,-1.0000000000000002,2.0,0.673211072581178,0.05,81.43285956586709,8.729164472432267,1.0000000000000004,4.0,0.25,0.0,5.25,86.68285956586709,11.476715023880688,299719516877.5116,1.2022975142223309,15.932998462206886,0.9742036203646162,,,,,,
MOND,gas_thin_hstar0p3,12.4,79.0,-1.0000000000000002,2.0,0.673211072581178,0.05,2960.4590109109727,15.619351120837875,1.0000000000000004,4.0,0.25,0.0,5.25,2965.7090109109727,,,,,0.9742036203646162,1.2e-10,93.09817079435246,,,,
TG_edge_limit,gas_thin_hstar0p3,12.4,79.0,-1.0000000000000002,2.0,0.673211072581178,0.05,20742.99372869625,41.58585954383857,1.0000000000000004,4.0,0.25,0.0,5.25,20748.24372869625,,,,,0.9742036203646162,,,8.64143183792767e-05,6.1639200921058405e-12,0.03566623778260949,derived Kcrit limiting curve; no finite normalization and no K prior
NFW,gas_thin_hstar0p3,12.4,79.0,-1.0000000000000002,2.0,0.7553552470765004,0.1,76.58527688524703,8.386111500695513,1.0000000000000004,4.0,1.0,0.0,6.0,82.58527688524703,11.47273485740559,296985234354.5481,1.183908531140279,15.272443640459976,0.9742036203646162,,,,,,
MOND,gas_thin_hstar0p3,12.4,79.0,-1.0000000000000002,2.0,0.7553552470765004,0.1,2210.0267017327096,13.851692032472744,1.0000000000000004,4.0,1.0,0.0,6.0,2216.0267017327096,,,,,0.9742036203646162,1.2e-10,98.97961592099148,,,,
TG_edge_limit,gas_thin_hstar0p3,12.4,79.0,-1.0000000000000002,2.0,0.7553552470765004,0.1,16332.145957926263,36.88287782183212,1.0000000000000004,4.0,1.0,0.0,6.0,16338.145957926263,,,,,0.9742036203646162,,,7.807809037756338e-05,8.356922071613048e-12,0.03491591740237471,derived Kcrit limiting curve; no finite normalization and no K prior
NFW,gas_thin_hstar0p3,12.4,79.0,-1.0000000000000002,2.0,0.762,0.10380372095595687,76.23182397007747,8.359080536608067,1.0000000000000004,4.0,1.077521248430216,0.0,6.077521248430216,82.30934521850769,11.472435116338577,296780332007.4452,1.1823716223084297,15.218492069084146,0.9742036203646162,,,,,,
MOND,gas_thin_hstar0p3,12.4,79.0,-1.0000000000000002,2.0,0.762,0.10380372095595687,2164.049081499042,13.742611080821172,1.0000000000000004,4.0,1.077521248430216,0.0,6.077521248430216,2170.126602747472,,,,,0.9742036203646162,1.2e-10,99.45537393961838,,,,
TG_edge_limit,gas_thin_hstar0p3,12.4,79.0,-1.0000000000000002,2.0,0.762,0.10380372095595687,16009.507726513111,36.51564295281276,1.0000000000000004,4.0,1.077521248430216,0.0,6.077521248430216,16015.58524776154,,,,,0.9742036203646162,,,7.74730041578114e-05,7.415462020497952e-12,0.03486238198531048,derived Kcrit limiting curve; no finite normalization and no K prior
NFW,gas_mix_hstar0p6,12.4,79.0,-1.0000000000000002,2.0,0.4765969408345689,-0.1,100.39795904445248,9.572098198060022,1.0000000000000004,4.0,1.0,0.0,6.0,106.39795904445248,11.485042991990046,305522354312.07666,1.2508133309344254,17.81612827517665,0.9742036203646162,,,,,,
MOND,gas_mix_hstar0p6,12.4,79.0,-1.0000000000000002,2.0,0.4765969408345689,-0.1,7345.211025306124,24.04233069137228,1.0000000000000004,4.0,1.0,0.0,6.0,7351.211025306124,,,,,0.9742036203646162,1.2e-10,77.90542853901991,,,,
TG_edge_limit,gas_mix_hstar0p6,12.4,79.0,-1.0000000000000002,2.0,0.4765969408345689,-0.1,38810.69698562429,57.047781518689334,1.0000000000000004,4.0,1.0,0.0,6.0,38816.69698562429,,,,,0.9742036203646162,,,0.00012047491824108404,8.197924566442658e-12,0.042612671838162544,derived Kcrit limiting curve; no finite normalization and no K prior
NFW,gas_mix_hstar0p6,12.4,79.0,-1.0000000000000002,2.0,0.5347505628802474,-0.05,95.5502268233833,9.294014413555397,1.0000000000000004,4.0,0.25,0.0,5.25,100.8002268233833,11.4808083005005,302557763000.10864,1.2409912806318004,17.41771903334117,0.9742036203646162,,,,,,
MOND,gas_mix_hstar0p6,12.4,79.0,-1.0000000000000002,2.0,0.5347505628802474,-0.05,5910.903357204446,21.601822956942577,1.0000000000000004,4.0,0.25,0.0,5.25,5916.153357204446,,,,,0.9742036203646162,1.2e-10,82.06260292612323,,,,
TG_edge_limit,gas_mix_hstar0p6,12.4,79.0,-1.0000000000000002,2.0,0.5347505628802474,-0.05,33819.839666152366,53.243457415430946,1.0000000000000004,4.0,0.25,0.0,5.25,33825.089666152366,,,,,0.9742036203646162,,,0.00010954889554719122,1.1674841012680961e-11,0.04148975702567109,derived Kcrit limiting curve; no finite normalization and no K prior
NFW,gas_mix_hstar0p6,12.4,79.0,-1.0000000000000002,2.0,0.6,0.0,90.68203250854016,8.987324429768439,1.0000000000000004,4.0,0.0,0.0,5.0,95.68203250854016,11.476169381163212,299343189093.66034,1.2295373980671165,16.964356798330385,0.9742036203646162,,,,,,
MOND,gas_mix_hstar0p6,12.4,79.0,-1.0000000000000002,2.0,0.6,0.0,4637.8392240910225,19.21192392862703,1.0000000000000004,4.0,0.0,0.0,5.0,4642.8392240910225,,,,,0.9742036203646162,1.2e-10,86.72702930620461,,,,
TG_edge_limit,gas_mix_hstar0p6,12.4,79.0,-1.0000000000000002,2.0,0.6,0.0,28906.51438216723,49.21383398986391,1.0000000000000004,4.0,0.0,0.0,5.0,28911.51438216723,,,,,0.9742036203646162,,,9.940436281452444e-05,1.0982386252230215e-11,0.04048664951042488,derived Kcrit limiting curve; no finite normalization and no K prior
NFW,gas_mix_hstar0p6,12.4,79.0,-1.0000000000000002,2.0,0.673211072581178,0.05,85.92083654055297,8.650593537196274,1.0000000000000004,4.0,0.25,0.0,5.25,91.17083654055297,11.471133075114686,295891899007.2831,1.2160988363970149,16.44745990626028,0.9742036203646162,,,,,,
MOND,gas_mix_hstar0p6,12.4,79.0,-1.0000000000000002,2.0,0.673211072581178,0.05,3557.63520205446,16.973428699615717,1.0000000000000004,4.0,0.25,0.0,5.25,3562.88520205446,,,,,0.9742036203646162,1.2e-10,91.96060178338882,,,,
TG_edge_limit,gas_mix_hstar0p6,12.4,79.0,-1.0000000000000002,2.0,0.673211072581178,0.05,24129.95367660284,44.95530053925298,1.0000000000000004,4.0,0.25,0.0,5.25,24135.20367660284,,,,,0.9742036203646162,,,9.00280483475908e-05,1.1885803119450127e-11,0.0395917556322777,derived Kcrit limiting curve; no finite normalization and no K prior
NFW,gas_mix_hstar0p6,12.4,79.0,-1.0000000000000002,2.0,0.7553552470765004,0.1,81.43219107457534,8.283104603636579,1.0000000000000004,4.0,1.0,0.0,6.0,87.43219107457534,11.46573931773295,292239770221.7651,1.200215695811174,15.856805377844731,0.9742036203646162,,,,,,
MOND,gas_mix_hstar0p6,12.4,79.0,-1.0000000000000002,2.0,0.7553552470765004,0.1,2705.9706749235593,15.055437091865322,1.0000000000000004,4.0,1.0,0.0,6.0,2711.9706749235593,,,,,0.9742036203646162,1.2e-10,97.83276668471638,,,,
TG_edge_limit,gas_mix_hstar0p6,12.4,79.0,-1.0000000000000002,2.0,0.7553552470765004,0.1,19558.81953026039,40.46895777277768,1.0000000000000004,4.0,1.0,0.0,6.0,19564.81953026039,,,,,0.9742036203646162,,,8.139682512341838e-05,9.627611142880396e-12,0.03879419731430223,derived Kcrit limiting curve; no finite normalization and no K prior
NFW,gas_mix_hstar0p6,12.4,79.0,-1.0000000000000002,2.0,0.762,0.10380372095595687,81.10745744669099,8.253892946704086,1.0000000000000004,4.0,1.077521248430216,0.0,6.077521248430216,87.1849786951212,11.465316624009596,291955475055.4797,1.198891227268171,15.808520518957254,0.9742036203646162,,,,,,
MOND,gas_mix_hstar0p6,12.4,79.0,-1.0000000000000002,2.0,0.762,0.10380372095595687,2651.643163123978,14.92943041971996,1.0000000000000004,4.0,1.077521248430216,0.0,6.077521248430216,2657.720684372408,,,,,0.9742036203646162,1.2e-10,98.30777401341732,,,,
TG_edge_limit,gas_mix_hstar0p6,12.4,79.0,-1.0000000000000002,2.0,0.762,0.10380372095595687,19221.65497878374,40.11854053852397,1.0000000000000004,4.0,1.077521248430216,0.0,6.077521248430216,19227.73250003217,,,,,0.9742036203646162,,,8.076988099819063e-05,9.450211346429859e-12,0.03873721686608608,derived Kcrit limiting curve; no finite normalization and no K prior
NFW,gas_mix_hstar0p3,13.8,67.0,0.0,-2.0,0.4765969408345689,-0.1,96.86434135445445,9.282948216910357,0.0,4.0,1.0,0.0,5.0,101.86434135445445,11.619638260673305,416522302696.161,1.1347015937579794,13.636458456954534,1.038891595602483,,,,,,
MOND,gas_mix_hstar0p3,13.8,67.0,0.0,-2.0,0.4765969408345689,-0.1,1729.3864954749629,12.142147742321622,0.0,4.0,1.0,0.0,5.0,1734.3864954749629,,,,,1.038891595602483,1.2e-10,68.11509462816285,,,,
TG_edge_limit,gas_mix_hstar0p3,13.8,67.0,0.0,-2.0,0.4765969408345689,-0.1,14721.883051189177,36.96164768369341,0.0,4.0,1.0,0.0,5.0,14726.883051189177,,,,,1.038891595602483,,,7.201192158392141e-05,7.93365079362456e-12,0.031055672349321103,derived Kcrit limiting curve; no finite normalization and no K prior
NFW,gas_mix_hstar0p3,13.8,67.0,0.0,-2.0,0.5347505628802474,-0.05,89.23815079965553,8.961469163679379,0.0,4.0,0.25,0.0,4.25,93.48815079965553,11.627828876294435,424452285376.90735,1.1068621610034062,12.789753108505913,1.038891595602483,,,,,,
MOND,gas_mix_hstar0p3,13.8,67.0,0.0,-2.0,0.5347505628802474,-0.05,1045.6987052146576,9.811205388203632,0.0,4.0,0.25,0.0,4.25,1049.9487052146576,,,,,1.038891595602483,1.2e-10,71.99642920827435,,,,
TG_edge_limit,gas_mix_hstar0p3,13.8,67.0,0.0,-2.0,0.5347505628802474,-0.05,10851.739108947113,31.633765363256607,0.0,4.0,0.25,0.0,4.25,10855.989108947113,,,,,1.038891595602483,,,6.544579377986467e-05,8.259320658951798e-12,0.03012339573094505,derived Kcrit limiting curve; no finite normalization and no K prior
NFW,gas_mix_hstar0p3,13.8,67.0,0.0,-2.0,0.6,0.0,81.56692570526877,8.640644853692827,0.0,4.0,0.0,0.0,4.0,85.56692570526877,11.63903562914935,435547604174.3321,1.073552880799349,11.845485918620334,1.038891595602483,,,,,,
MOND,gas_mix_hstar0p3,13.8,67.0,0.0,-2.0,0.6,0.0,605.1214771238762,8.330688854271703,0.0,4.0,0.0,0.0,4.0,609.1214771238762,,,,,1.038891595602483,1.2e-10,76.35135823447978,,,,
TG_edge_limit,gas_mix_hstar0p3,13.8,67.0,0.0,-2.0,0.6,0.0,7391.693104264356,26.000194149802848,0.0,4.0,0.0,0.0,4.0,7395.693104264356,,,,,1.038891595602483,,,5.9352839970688874e-05,5.494450224475211e-12,0.029295466329204357,derived Kcrit limiting curve; no finite normalization and no K prior
NFW,gas_mix_hstar0p3,13.8,67.0,0.0,-2.0,0.673211072581178,0.05,74.11455875419384,8.334619385555579,0.0,4.0,0.25,0.0,4.25,78.36455875419384,11.654671922509277,451514729390.50793,1.0332150691951327,10.794811652844567,1.038891595602483,,,,,,
MOND,gas_mix_hstar0p3,13.8,67.0,0.0,-2.0,0.673211072581178,0.05,452.9323399255227,8.44377356228838,0.0,4.0,0.25,0.0,4.25,457.1823399255227,,,,,1.038891595602483,1.2e-10,81.23766896905757,,,,
TG_edge_limit,gas_mix_hstar0p3,13.8,67.0,0.0,-2.0,0.673211072581178,0.05,4457.987141598851,20.089314241837652,0.0,4.0,0.25,0.0,4.25,4462.237141598851,,,,,1.038891595602483,,,5.372519293401533e-05,7.1297819882260354e-12,0.028560866955682693,derived Kcrit limiting curve; no finite normalization and no K prior
NFW,gas_mix_hstar0p3,13.8,67.0,0.0,-2.0,0.7553552470765004,0.1,67.38589693693035,8.065178671816287,0.0,4.0,1.0,0.0,5.0,72.38589693693035,11.677035226647261,475373783065.0868,0.9836084076301321,9.629603550139171,1.038891595602483,,,,,,
MOND,gas_mix_hstar0p3,13.8,67.0,0.0,-2.0,0.7553552470765004,0.1,640.717263352551,10.344844978648185,0.0,4.0,1.0,0.0,5.0,645.717263352551,,,,,1.038891595602483,1.2e-10,86.72019978670762,,,,
TG_edge_limit,gas_mix_hstar0p3,13.8,67.0,0.0,-2.0,0.7553552470765004,0.1,2183.741039301985,14.019477701942467,0.0,4.0,1.0,0.0,5.0,2188.741039301985,,,,,1.038891595602483,,,4.8548699759604506e-05,4.804033912862116e-12,0.027909446607905928,derived Kcrit limiting curve; no finite normalization and no K prior
NFW,gas_mix_hstar0p3,13.8,67.0,0.0,-2.0,0.762,0.10380372095595687,66.92786197354825,8.047033349532255,0.0,4.0,1.077521248430216,0.0,5.077521248430216,72.00538322197846,11.679107910371062,477647941441.27576,0.9793698647153273,9.536079537228911,1.038891595602483,,,,,,
MOND,gas_mix_hstar0p3,13.8,67.0,0.0,-2.0,0.762,0.10380372095595687,670.5317638784054,10.548738146279197,0.0,4.0,1.077521248430216,0.0,5.077521248430216,675.6092851268356,,,,,1.038891595602483,1.2e-10,87.16368908954105,,,,
TG_edge_limit,gas_mix_hstar0p3,13.8,67.0,0.0,-2.0,0.762,0.10380372095595687,2041.9001504898786,13.560414046792141,0.0,4.0,1.077521248430216,0.0,5.077521248430216,2046.9776717383088,,,,,1.038891595602483,,,4.817285834112584e-05,5.603105288280923e-12,0.027863027054060192,derived Kcrit limiting curve; no finite normalization and no K prior
NFW,gas_thin_hstar0p3,13.8,67.0,0.0,-2.0,0.4765969408345689,-0.1,98.09678127604178,9.290217142480302,0.0,4.0,1.0,0.0,5.0,103.09678127604178,11.617536663941651,414511576393.1176,1.1356068380012119,13.664911960838165,1.038891595602483,,,,,,
MOND,gas_thin_hstar0p3,13.8,67.0,0.0,-2.0,0.4765969408345689,-0.1,1730.2280158531555,12.161549396365755,0.0,4.0,1.0,0.0,5.0,1735.2280158531555,,,,,1.038891595602483,1.2e-10,68.29256476545861,,,,
TG_edge_limit,gas_thin_hstar0p3,13.8,67.0,0.0,-2.0,0.4765969408345689,-0.1,14525.310499957957,36.713561217288245,0.0,4.0,1.0,0.0,5.0,14530.310499957957,,,,,1.038891595602483,,,7.157893447984126e-05,6.249835562459936e-12,0.031098515203654423,derived Kcrit limiting curve; no finite normalization and no K prior
NFW,gas_thin_hstar0p3,13.8,67.0,0.0,-2.0,0.5347505628802474,-0.05,90.40526085261779,8.967015123496662,0.0,4.0,0.25,0.0,4.25,94.65526085261779,11.625679239790074,422356555915.85034,1.107747480600803,12.815851915911537,1.038891595602483,,,,,,
MOND,gas_thin_hstar0p3,13.8,67.0,0.0,-2.0,0.5347505628802474,-0.05,1055.4080240096773,9.873094813190635,0.0,4.0,0.25,0.0,4.25,1059.6580240096773,,,,,1.038891595602483,1.2e-10,72.17389934557008,,,,
TG_edge_limit,gas_thin_hstar0p3,13.8,67.0,0.0,-2.0,0.5347505628802474,-0.05,10694.458055638228,31.40246354607707,0.0,4.0,0.25,0.0,4.25,10698.708055638228,,,,,1.038891595602483,,,6.509111000333221e-05,7.606681671311005e-12,0.03016378126178363,derived Kcrit limiting curve; no finite normalization and no K prior
NFW,gas_thin_hstar0p3,13.8,67.0,0.0,-2.0,0.6,0.0,82.64432134822569,8.644117967152829,0.0,4.0,0.0,0.0,4.0,86.64432134822569,11.636831711944739,433342926519.2954,1.0744103563042036,11.868896872013956,1.038891595602483,,,,,,
MOND,gas_thin_hstar0p3,13.8,67.0,0.0,-2.0,0.6,0.0,623.4981306699415,8.447380188890742,0.0,4.0,0.0,0.0,4.0,627.4981306699415,,,,,1.038891595602483,1.2e-10,76.52882837177552,,,,
TG_edge_limit,gas_thin_hstar0p3,13.8,67.0,0.0,-2.0,0.6,0.0,7272.141379815895,25.787327596377867,0.0,4.0,0.0,0.0,4.0,7276.141379815895,,,,,1.038891595602483,,,5.906339593462348e-05,8.529055471464748e-12,0.029333082607878518,derived Kcrit limiting curve; no finite normalization and no K prior
NFW,gas_thin_hstar0p3,13.8,67.0,0.0,-2.0,0.673211072581178,0.05,75.06447232386809,8.33553835067145,0.0,4.0,0.25,0.0,4.25,79.31447232386809,11.652407712201644,449166866340.565,1.0340325507067567,10.815150086452284,1.038891595602483,,,,,,
MOND,gas_thin_hstar0p3,13.8,67.0,0.0,-2.0,0.673211072581178,0.05,479.7364468656227,8.601288828688427,0.0,4.0,0.25,0.0,4.25,483.9864468656227,,,,,1.038891595602483,1.2e-10,81.4151391063533,,,,
TG_edge_limit,gas_thin_hstar0p3,13.8,67.0,0.0,-2.0,0.673211072581178,0.05,4374.581220318684,19.898970403819888,0.0,4.0,0.25,0.0,4.25,4378.831220318684,,,,,1.038891595602483,,,5.348976940846869e-05,7.203315389098447e-12,0.02859558408549052,derived Kcrit limiting curve; no finite normalization and no K prior
NFW,gas_thin_hstar0p3,13.8,67.0,0.0,-2.0,0.7553552470765004,0.1,68.14834741063316,8.062857274154549,0.0,4.0,1.0,0.0,5.0,73.14834741063316,11.674706751816144,472831881397.53705,0.9843663732955651,9.646424583322004,1.038891595602483,,,,,,
MOND,gas_thin_hstar0p3,13.8,67.0,0.0,-2.0,0.7553552470765004,0.1,675.6730701495245,10.507620631744338,0.0,4.0,1.0,0.0,5.0,680.6730701495245,,,,,1.038891595602483,1.2e-10,86.89766992400335,,,,
TG_edge_limit,gas_thin_hstar0p3,13.8,67.0,0.0,-2.0,0.7553552470765004,0.1,2134.897374940428,13.86366337888527,0.0,4.0,1.0,0.0,5.0,2139.897374940428,,,,,1.038891595602483,,,4.835776790624642e-05,7.993632065145161e-12,0.02794126124638769,derived Kcrit limiting curve; no finite normalization and no K prior
NFW,gas_thin_hstar0p3,13.8,67.0,0.0,-2.0,0.762,0.10380372095595687,67.67267184756804,8.044429364124023,0.0,4.0,1.077521248430216,0.0,5.077521248430216,72.75019309599826,11.676774527578903,475088510470.8926,0.9801221779096974,9.552612871371531,1.038891595602483,,,,,,
MOND,gas_thin_hstar0p3,13.8,67.0,0.0,-2.0,0.762,0.10380372095595687,706.095491839668,10.71089489981359,0.0,4.0,1.077521248430216,0.0,5.077521248430216,711.1730130880982,,,,,1.038891595602483,1.2e-10,87.34115922683678,,,,
TG_edge_limit,gas_thin_hstar0p3,13.8,67.0,0.0,-2.0,0.762,0.10380372095595687,1995.621345765751,13.408311751465884,0.0,4.0,1.077521248430216,0.0,5.077521248430216,2000.6988670141811,,,,,1.038891595602483,,,4.7984965170876584e-05,5.053633667333385e-12,0.027894623375265524,derived Kcrit limiting curve; no finite normalization and no K prior
NFW,gas_mix_hstar0p6,13.8,67.0,0.0,-2.0,0.4765969408345689,-0.1,98.44356061511976,8.996265806048392,0.0,4.0,1.0,0.0,5.0,103.44356061511976,11.609262693527043,406689250616.8138,1.1516910612742153,14.180484231452754,1.038891595602483,,,,,,
MOND,gas_mix_hstar0p6,13.8,67.0,0.0,-2.0,0.4765969408345689,-0.1,2185.017335618048,13.469663772985319,0.0,4.0,1.0,0.0,5.0,2190.017335618048,,,,,1.038891595602483,1.2e-10,68.09862607689114,,,,
TG_edge_limit,gas_mix_hstar0p6,13.8,67.0,0.0,-2.0,0.4765969408345689,-0.1,17627.23693938394,40.66603836992471,0.0,4.0,1.0,0.0,5.0,17632.23693938394,,,,,1.038891595602483,,,7.505703522150349e-05,8.837463550776776e-12,0.03487312922059914,derived Kcrit limiting curve; no finite normalization and no K prior
NFW,gas_mix_hstar0p6,13.8,67.0,0.0,-2.0,0.5347505628802474,-0.05,90.55529744527207,8.607423342948694,0.0,4.0,0.25,0.0,4.25,94.80529744527207,11.615207158721834,412294136744.56354,1.1267542032979188,13.389186880506697,1.038891595602483,,,,,,
MOND,gas_mix_hstar0p6,13.8,67.0,0.0,-2.0,0.5347505628802474,-0.05,1409.3956307293402,10.911883177105086,0.0,4.0,0.25,0.0,4.25,1413.6456307293402,,,,,1.038891595602483,1.2e-10,71.97795118983184,,,,
TG_edge_limit,gas_mix_hstar0p6,13.8,67.0,0.0,-2.0,0.5347505628802474,-0.05,13568.829342568297,35.60430427066662,0.0,4.0,0.25,0.0,4.25,13573.079342568297,,,,,1.038891595602483,,,6.833004285999908e-05,9.956584262236796e-12,0.033875041787527364,derived Kcrit limiting curve; no finite normalization and no K prior
NFW,gas_mix_hstar0p6,13.8,67.0,0.0,-2.0,0.6,0.0,82.39611829948834,8.200806650265074,0.0,4.0,0.0,0.0,4.0,86.39611829948834,11.623453195032441,420197239563.32294,1.0970292568169286,12.503432583928296,1.038891595602483,,,,,,
MOND,gas_mix_hstar0p6,13.8,67.0,0.0,-2.0,0.6,0.0,860.1719481788526,8.894614816517281,0.0,4.0,0.0,0.0,4.0,864.1719481788526,,,,,1.038891595602483,1.2e-10,76.33062555678836,,,,
TG_edge_limit,gas_mix_hstar0p6,13.8,67.0,0.0,-2.0,0.6,0.0,9844.363591297575,30.240728307970343,0.0,4.0,0.0,0.0,4.0,9848.363591297575,,,,,1.038891595602483,,,6.206658966416785e-05,8.528804313299589e-12,0.03298456595801575,derived Kcrit limiting curve; no finite normalization and no K prior
NFW,gas_mix_hstar0p6,13.8,67.0,0.0,-2.0,0.673211072581178,0.05,74.06159907058809,7.784691027588082,0.0,4.0,0.25,0.0,4.25,78.31159907058809,11.635071516650932,431590142295.0606,1.0612021244487113,11.51336106160428,1.038891595602483,,,,,,
MOND,gas_mix_hstar0p6,13.8,67.0,0.0,-2.0,0.673211072581178,0.05,580.2419445174611,8.107680293963618,0.0,4.0,0.25,0.0,4.25,584.4919445174611,,,,,1.038891595602483,1.2e-10,81.21440652208071,,,,
TG_edge_limit,gas_mix_hstar0p6,13.8,67.0,0.0,-2.0,0.673211072581178,0.05,6558.525376742108,24.58671322051655,0.0,4.0,0.25,0.0,4.25,6562.775376742108,,,,,1.038891595602483,,,5.626330655741607e-05,9.83871751334257e-12,0.03219120379058568,derived Kcrit limiting curve; no finite normalization and no K prior
NFW,gas_mix_hstar0p6,13.8,67.0,0.0,-2.0,0.7553552470765004,0.1,65.72463151136184,7.372662261733323,0.0,4.0,1.0,0.0,5.0,70.72463151136184,11.651776245312325,448514249480.8525,1.0174112494627165,10.409053709787132,1.038891595602483,,,,,,
MOND,gas_mix_hstar0p6,13.8,67.0,0.0,-2.0,0.7553552470765004,0.1,618.4525251314208,9.147596787136587,0.0,4.0,1.0,0.0,5.0,623.4525251314208,,,,,1.038891595602483,1.2e-10,86.69409889190737,,,,
TG_edge_limit,gas_mix_hstar0p6,13.8,67.0,0.0,-2.0,0.7553552470765004,0.1,3831.422759965081,18.694169311579312,0.0,4.0,1.0,0.0,5.0,3836.422759965081,,,,,1.038891595602483,,,5.090988750699654e-05,6.6969308192949465e-12,0.03148508347575188,derived Kcrit limiting curve; no finite normalization and no K prior
NFW,gas_mix_hstar0p6,13.8,67.0,0.0,-2.0,0.762,0.10380372095595687,65.09866090516724,7.342035669130132,0.0,4.0,1.077521248430216,0.0,5.077521248430216,70.17618215359745,11.653325916799435,450117519393.419,1.013683870880691,10.320099176140566,1.038891595602483,,,,,,
MOND,gas_mix_hstar0p6,13.8,67.0,0.0,-2.0,0.762,0.10380372095595687,635.9082803327276,9.299150214839594,0.0,4.0,1.077521248430216,0.0,5.077521248430216,640.9858015811578,,,,,1.038891595602483,1.2e-10,87.13735858887296,,,,
TG_edge_limit,gas_mix_hstar0p6,13.8,67.0,0.0,-2.0,0.762,0.10380372095595687,3650.604348980689,18.239807155438772,0.0,4.0,1.077521248430216,0.0,5.077521248430216,3655.681870229119,,,,,1.038891595602483,,,5.0520627948774146e-05,9.788965529264797e-12,0.031434672693980745,derived Kcrit limiting curve; no finite normalization and no K prior
NFW,gas_mix_hstar0p3,13.8,70.0,0.0,-1.0,0.4765969408345689,-0.1,92.77088202393952,9.162128892295724,0.0,1.0,1.0,0.0,2.0,94.77088202393952,11.582449512288818,382339803211.604,1.1452880946463555,13.972949666800744,1.0176782650088638,,,,,,
MOND,gas_mix_hstar0p3,13.8,70.0,0.0,-1.0,0.4765969408345689,-0.1,1965.290246029336,12.667861964819043,0.0,1.0,1.0,0.0,2.0,1967.290246029336,,,,,1.0176782650088638,1.2e-10,69.86684082267398,,,,
TG_edge_limit,gas_mix_hstar0p3,13.8,70.0,0.0,-1.0,0.4765969408345689,-0.1,16494.436619545482,38.33848390489782,0.0,1.0,1.0,0.0,2.0,16496.436619545482,,,,,1.0176782650088638,,,7.665857101573255e-05,8.545395528029167e-12,0.03305575275529466,derived Kcrit limiting curve; no finite normalization and no K prior
NFW,gas_mix_hstar0p3,13.8,70.0,0.0,-1.0,0.5347505628802474,-0.05,85.09297267399067,8.815771760621042,0.0,1.0,0.25,0.0,1.25,86.34297267399067,11.587843818561272,387118403958.20746,1.1198250692378697,13.177258609398681,1.0176782650088638,,,,,,
MOND,gas_mix_hstar0p3,13.8,70.0,0.0,-1.0,0.5347505628802474,-0.05,1293.8931476472055,10.603678769362864,0.0,1.0,0.25,0.0,1.25,1295.1431476472055,,,,,1.0176782650088638,1.2e-10,73.78070757786203,,,,
TG_edge_limit,gas_mix_hstar0p3,13.8,70.0,0.0,-1.0,0.5347505628802474,-0.05,12455.26419015609,33.215759695940676,0.0,1.0,0.25,0.0,1.25,12456.51419015609,,,,,1.0176782650088638,,,6.966493030330061e-05,6.462632107004528e-12,0.03206294962968068,derived Kcrit limiting curve; no finite normalization and no K prior
NFW,gas_mix_hstar0p3,13.8,70.0,0.0,-1.0,0.6,0.0,77.25999665682966,8.45904324549963,0.0,1.0,0.0,0.0,1.0,78.25999665682966,11.595521032817778,394022509634.76715,1.0893887881165951,12.285385485010996,1.0176782650088638,,,,,,
MOND,gas_mix_hstar0p3,13.8,70.0,0.0,-1.0,0.6,0.0,870.868978028947,9.385565882238518,0.0,1.0,0.0,0.0,1.0,871.868978028947,,,,,1.0176782650088638,1.2e-10,78.17213830486196,,,,
TG_edge_limit,gas_mix_hstar0p3,13.8,70.0,0.0,-1.0,0.6,0.0,8795.056113234934,27.799803860658663,0.0,1.0,0.0,0.0,1.0,8796.056113234934,,,,,1.0176782650088638,,,6.317606619481247e-05,5.3150400248023575e-12,0.03118142217861169,derived Kcrit limiting curve; no finite normalization and no K prior
NFW,gas_mix_hstar0p3,13.8,70.0,0.0,-1.0,0.673211072581178,0.05,69.38804811729503,8.101796474646166,0.0,1.0,0.25,0.0,1.25,70.63804811729503,11.606593225866842,404197130356.2041,1.0525788435899919,11.287008278766256,1.0176782650088638,,,,,,
MOND,gas_mix_hstar0p3,13.8,70.0,0.0,-1.0,0.673211072581178,0.05,741.1697338018622,9.573279414059664,0.0,1.0,0.25,0.0,1.25,742.4197338018622,,,,,1.0176782650088638,1.2e-10,83.09940462134456,,,,
TG_edge_limit,gas_mix_hstar0p3,13.8,70.0,0.0,-1.0,0.673211072581178,0.05,5624.605964575651,22.112370960803638,0.0,1.0,0.25,0.0,1.25,5625.855964575651,,,,,1.0176782650088638,,,5.718339672163142e-05,6.036473299886272e-12,0.030399384042987525,derived Kcrit limiting curve; no finite normalization and no K prior
NFW,gas_mix_hstar0p3,13.8,70.0,0.0,-1.0,0.7553552470765004,0.1,61.666469999310024,7.75944729395663,0.0,1.0,1.0,0.0,2.0,63.666469999310024,11.622864736636247,419628268143.779,1.0073929077097288,10.171685125735836,1.0176782650088638,,,,,,
MOND,gas_mix_hstar0p3,13.8,70.0,0.0,-1.0,0.7553552470765004,0.1,955.913844644649,11.309961138036275,0.0,1.0,1.0,0.0,2.0,957.913844644649,,,,,1.0176782650088638,1.2e-10,88.62788835769851,,,,
TG_edge_limit,gas_mix_hstar0p3,13.8,70.0,0.0,-1.0,0.7553552470765004,0.1,3070.8881650563153,16.23864040940312,0.0,1.0,1.0,0.0,2.0,3072.8881650563153,,,,,1.0176782650088638,,,5.1671675832818095e-05,6.191006372957852e-12,0.029705985655743127,derived Kcrit limiting curve; no finite normalization and no K prior
NFW,gas_mix_hstar0p3,13.8,70.0,0.0,-1.0,0.762,0.10380372095595687,61.09390377941054,7.734618578174117,0.0,1.0,1.077521248430216,0.0,2.077521248430216,63.171425027840755,11.624390586212899,421105182442.14764,1.0035366257874379,10.081766293391766,1.0176782650088638,,,,,,
MOND,gas_mix_hstar0p3,13.8,70.0,0.0,-1.0,0.762,0.10380372095595687,987.9453925202197,11.496216711640411,0.0,1.0,1.077521248430216,0.0,2.077521248430216,990.0229137686499,,,,,1.0176782650088638,1.2e-10,89.07509485402468,,,,
TG_edge_limit,gas_mix_hstar0p3,13.8,70.0,0.0,-1.0,0.762,0.10380372095595687,2905.846968406519,15.790287173311228,0.0,1.0,1.077521248430216,0.0,2.077521248430216,2907.924489654949,,,,,1.0176782650088638,,,5.127151435872543e-05,4.854863711271617e-12,0.029656577911552434,derived Kcrit limiting curve; no finite normalization and no K prior
NFW,gas_thin_hstar0p3,13.8,70.0,0.0,-1.0,0.4765969408345689,-0.1,93.87837005999565,9.17836427497048,0.0,1.0,1.0,0.0,2.0,95.87837005999565,11.580201253963578,380365618578.62164,1.1464298277864797,14.00973200913942,1.0176782650088638,,,,,,
MOND,gas_thin_hstar0p3,13.8,70.0,0.0,-1.0,0.4765969408345689,-0.1,1979.938972817797,12.735832560889964,0.0,1.0,1.0,0.0,2.0,1981.938972817797,,,,,1.0176782650088638,1.2e-10,70.08128745347696,,,,
TG_edge_limit,gas_thin_hstar0p3,13.8,70.0,0.0,-1.0,0.4765969408345689,-0.1,16309.141503021387,38.119446832419115,0.0,1.0,1.0,0.0,2.0,16311.141503021387,,,,,1.0176782650088638,,,7.622101798788202e-05,7.187889171301544e-12,0.03309534636628358,derived Kcrit limiting curve; no finite normalization and no K prior
NFW,gas_thin_hstar0p3,13.8,70.0,0.0,-1.0,0.5347505628802474,-0.05,86.1738311254157,8.830565345707335,0.0,1.0,0.25,0.0,1.25,87.4238311254157,11.585528987516,385060515155.61475,1.1209666807442422,13.211942677169278,1.0176782650088638,,,,,,
MOND,gas_thin_hstar0p3,13.8,70.0,0.0,-1.0,0.5347505628802474,-0.05,1316.1295921671829,10.714587132150077,0.0,1.0,0.25,0.0,1.25,1317.3795921671829,,,,,1.0176782650088638,1.2e-10,73.995154208665,,,,
TG_edge_limit,gas_thin_hstar0p3,13.8,70.0,0.0,-1.0,0.5347505628802474,-0.05,12305.795934045544,33.01254803975994,0.0,1.0,0.25,0.0,1.25,12307.045934045544,,,,,1.0176782650088638,,,6.930642709627252e-05,5.3446190336012915e-12,0.03210049124399119,derived Kcrit limiting curve; no finite normalization and no K prior
NFW,gas_thin_hstar0p3,13.8,70.0,0.0,-1.0,0.6,0.0,78.30607554028462,8.472149356609389,0.0,1.0,0.0,0.0,1.0,79.30607554028462,11.5931272739402,391856697444.6281,1.0905279008515045,12.317651168170404,1.0176782650088638,,,,,,
MOND,gas_thin_hstar0p3,13.8,70.0,0.0,-1.0,0.6,0.0,900.5465416057299,9.543908310385499,0.0,1.0,0.0,0.0,1.0,901.5465416057299,,,,,1.0176782650088638,1.2e-10,78.38658493566493,,,,
TG_edge_limit,gas_thin_hstar0p3,13.8,70.0,0.0,-1.0,0.6,0.0,8680.034222200686,27.614084391087612,0.0,1.0,0.0,0.0,1.0,8681.034222200686,,,,,1.0176782650088638,,,6.288344364018777e-05,5.418477565661953e-12,0.0312165483087534,derived Kcrit limiting curve; no finite normalization and no K prior
NFW,gas_thin_hstar0p3,13.8,70.0,0.0,-1.0,0.673211072581178,0.05,70.38520705629062,8.112891809820306,0.0,1.0,0.25,0.0,1.25,71.63520705629062,11.604105203467665,401888152418.9282,1.0537113408780043,11.316479496068862,1.0176782650088638,,,,,,
MOND,gas_thin_hstar0p3,13.8,70.0,0.0,-1.0,0.673211072581178,0.05,778.0993993745304,9.760532427305607,0.0,1.0,0.25,0.0,1.25,779.3493993745304,,,,,1.0176782650088638,1.2e-10,83.31385125214754,,,,
TG_edge_limit,gas_thin_hstar0p3,13.8,70.0,0.0,-1.0,0.673211072581178,0.05,5542.622545758926,21.947824202366977,0.0,1.0,0.25,0.0,1.25,5543.872545758926,,,,,1.0176782650088638,,,5.694534049775496e-05,5.700435490895096e-12,0.03043191948181456,derived Kcrit limiting curve; no finite normalization and no K prior
NFW,gas_thin_hstar0p3,13.8,70.0,0.0,-1.0,0.7553552470765004,0.1,62.58945051882377,7.768079708017915,0.0,1.0,1.0,0.0,2.0,64.58945051882377,11.620263327857137,417122222528.73987,1.0085115372537776,10.197918509740221,1.0176782650088638,,,,,,
MOND,gas_thin_hstar0p3,13.8,70.0,0.0,-1.0,0.7553552470765004,0.1,999.8679914416036,11.495378529740053,0.0,1.0,1.0,0.0,2.0,1001.8679914416036,,,,,1.0176782650088638,1.2e-10,88.84233498850149,,,,
TG_edge_limit,gas_thin_hstar0p3,13.8,70.0,0.0,-1.0,0.7553552470765004,0.1,3020.528227909491,16.104594321508806,0.0,1.0,1.0,0.0,2.0,3022.528227909491,,,,,1.0176782650088638,,,5.1478572719181986e-05,4.520221394516309e-12,0.02973588742347949,derived Kcrit limiting curve; no finite normalization and no K prior
NFW,gas_thin_hstar0p3,13.8,70.0,0.0,-1.0,0.762,0.10380372095595687,62.009708215993214,7.743039652965076,0.0,1.0,1.077521248430216,0.0,2.077521248430216,64.08722946442343,11.62177964507894,418581129042.4444,1.004653761361754,10.107733000767304,1.0176782650088638,,,,,,
MOND,gas_thin_hstar0p3,13.8,70.0,0.0,-1.0,0.762,0.10380372095595687,1032.423605423256,11.680626851984378,0.0,1.0,1.077521248430216,0.0,2.077521248430216,1034.5011266716863,,,,,1.0176782650088638,1.2e-10,89.28954148482767,,,,
TG_edge_limit,gas_thin_hstar0p3,13.8,70.0,0.0,-1.0,0.762,0.10380372095595687,2857.8350096025233,15.659316621411367,0.0,1.0,1.077521248430216,0.0,2.077521248430216,2859.9125308509533,,,,,1.0176782650088638,,,5.108148187756408e-05,6.173814048361611e-12,0.029686280337787262,derived Kcrit limiting curve; no finite normalization and no K prior
NFW,gas_mix_hstar0p6,13.8,70.0,0.0,-1.0,0.4765969408345689,-0.1,95.1147664197901,8.942799628557959,0.0,1.0,1.0,0.0,2.0,97.1147664197901,11.57331787665238,374384514279.4219,1.1611269109919315,14.491952803856037,1.0176782650088638,,,,,,
MOND,gas_mix_hstar0p6,13.8,70.0,0.0,-1.0,0.4765969408345689,-0.1,2436.2153833268435,13.9976077686604,0.0,1.0,1.0,0.0,2.0,2438.2153833268435,,,,,1.0176782650088638,1.2e-10,69.84870248218364,,,,
TG_edge_limit,gas_mix_hstar0p6,13.8,70.0,0.0,-1.0,0.4765969408345689,-0.1,19427.645350081104,41.82149766452242,0.0,1.0,1.0,0.0,2.0,19429.645350081104,,,,,1.0176782650088638,,,7.971115859440606e-05,7.695287438559444e-12,0.03696706171756472,derived Kcrit limiting curve; no finite normalization and no K prior
NFW,gas_mix_hstar0p6,13.8,70.0,0.0,-1.0,0.5347505628802474,-0.05,87.4545561065666,8.54333957166035,0.0,1.0,0.25,0.0,1.25,88.7045561065666,11.576767888809997,377370449206.702,1.1383576560964836,13.751740108122789,1.0176782650088638,,,,,,
MOND,gas_mix_hstar0p6,13.8,70.0,0.0,-1.0,0.5347505628802474,-0.05,1674.9491771727241,11.732154445193842,0.0,1.0,0.25,0.0,1.25,1676.1991771727241,,,,,1.0176782650088638,1.2e-10,73.76035602510146,,,,
TG_edge_limit,gas_mix_hstar0p6,13.8,70.0,0.0,-1.0,0.5347505628802474,-0.05,15226.506376155507,36.95457034204962,0.0,1.0,0.25,0.0,1.25,15227.756376155507,,,,,1.0176782650088638,,,7.255605790215371e-05,1.0367370219985832e-11,0.03590746028784486,derived Kcrit limiting curve; no finite normalization and no K prior
NFW,gas_mix_hstar0p6,13.8,70.0,0.0,-1.0,0.6,0.0,79.56095229829714,8.118804441298582,0.0,1.0,0.0,0.0,1.0,80.56095229829714,11.581897428749302,381854074263.2555,1.1112411525080452,12.919364534214726,1.0176782650088638,,,,,,
MOND,gas_mix_hstar0p6,13.8,70.0,0.0,-1.0,0.6,0.0,1146.0382981283865,10.06561017713993,0.0,1.0,0.0,0.0,1.0,1147.0382981283865,,,,,1.0176782650088638,1.2e-10,78.1493034870909,,,,
TG_edge_limit,gas_mix_hstar0p6,13.8,70.0,0.0,-1.0,0.6,0.0,11334.317435771178,31.80279769353213,0.0,1.0,0.0,0.0,1.0,11335.317435771178,,,,,1.0176782650088638,,,6.589609790733482e-05,9.062249820085657e-12,0.03496247607621932,derived Kcrit limiting curve; no finite normalization and no K prior
NFW,gas_mix_hstar0p6,13.8,70.0,0.0,-1.0,0.673211072581178,0.05,71.48461622088152,7.674437915064103,0.0,1.0,0.25,0.0,1.25,72.73461622088152,11.589538029243403,388631527205.2713,1.0785977737663381,11.983888890092953,1.0176782650088638,,,,,,
MOND,gas_mix_hstar0p6,13.8,70.0,0.0,-1.0,0.673211072581178,0.05,892.1706565650837,9.535467713484667,0.0,1.0,0.25,0.0,1.25,893.4206565650837,,,,,1.0176782650088638,1.2e-10,83.07378353440481,,,,
TG_edge_limit,gas_mix_hstar0p6,13.8,70.0,0.0,-1.0,0.673211072581178,0.05,7851.180823943692,26.37807848309923,0.0,1.0,0.25,0.0,1.25,7852.430823943692,,,,,1.0176782650088638,,,5.972721272810146e-05,6.986564337968932e-12,0.03412084205813807,derived Kcrit limiting curve; no finite normalization and no K prior
NFW,gas_mix_hstar0p6,13.8,70.0,0.0,-1.0,0.7553552470765004,0.1,63.27388864495503,7.219286739204941,0.0,1.0,1.0,0.0,2.0,65.27388864495504,11.601023079750764,399046108341.9347,1.0387648741270816,10.93364261512733,1.0176782650088638,,,,,,
MOND,gas_mix_hstar0p6,13.8,70.0,0.0,-1.0,0.7553552470765004,0.1,961.8634935146606,10.534996153421211,0.0,1.0,1.0,0.0,2.0,963.8634935146606,,,,,1.0176782650088638,1.2e-10,88.59914102533286,,,,
TG_edge_limit,gas_mix_hstar0p6,13.8,70.0,0.0,-1.0,0.7553552470765004,0.1,4892.027996526636,20.727454378702472,0.0,1.0,1.0,0.0,2.0,4894.027996526636,,,,,1.0176782650088638,,,5.403801507345642e-05,1.0477953597653774e-11,0.033371985505455636,derived Kcrit limiting curve; no finite normalization and no K prior
NFW,gas_mix_hstar0p6,13.8,70.0,0.0,-1.0,0.762,0.10380372095595687,62.64528459721609,7.184590404626076,0.0,1.0,1.077521248430216,0.0,2.077521248430216,64.7228058456463,11.602109075667189,400045210901.9602,1.035378047040864,10.84870867451318,1.0176782650088638,,,,,,
MOND,gas_mix_hstar0p6,13.8,70.0,0.0,-1.0,0.762,0.10380372095595687,981.9236884967127,10.672381757894124,0.0,1.0,1.077521248430216,0.0,2.077521248430216,984.0012097451429,,,,,1.0176782650088638,1.2e-10,89.04609463545543,,,,
TG_edge_limit,gas_mix_hstar0p6,13.8,70.0,0.0,-1.0,0.762,0.10380372095595687,4691.9732591162265,20.29143719907007,0.0,1.0,1.077521248430216,0.0,2.077521248430216,4694.050780364657,,,,,1.0176782650088638,,,5.3624394955640404e-05,8.684389521590422e-12,0.03331853181707504,derived Kcrit limiting curve; no finite normalization and no K prior
NFW,gas_mix_hstar0p3,13.8,73.0,0.0,0.0,0.4765969408345689,-0.1,89.7488734205344,9.2027984697158,0.0,0.0,1.0,0.0,1.0,90.7488734205344,11.548826741662557,353856144819.60394,1.161240271808759,14.495736029527057,1.0,,,,,,
MOND,gas_mix_hstar0p3,13.8,73.0,0.0,0.0,0.4765969408345689,-0.1,2469.854850142434,13.98723056594754,0.0,0.0,1.0,0.0,1.0,2470.854850142434,,,,,1.0,1.2e-10,71.84346756330223,,,,
TG_edge_limit,gas_mix_hstar0p3,13.8,73.0,0.0,0.0,0.4765969408345689,-0.1,19314.172043986186,40.79361888181288,0.0,0.0,1.0,0.0,1.0,19315.172043986186,,,,,1.0,,,8.265248807958022e-05,7.160667042651802e-12,0.03541865958516062,derived Kcrit limiting curve; no finite normalization and no K prior
NFW,gas_mix_hstar0p3,13.8,73.0,0.0,0.0,0.5347505628802474,-0.05,82.46715231023448,8.855024617617747,0.0,0.0,0.25,0.0,0.25,82.71715231023448,11.550827073306417,355489742038.2584,1.1392674700174186,13.78057915538702,1.0,,,,,,
MOND,gas_mix_hstar0p3,13.8,73.0,0.0,0.0,0.5347505628802474,-0.05,1757.8008999038345,12.078821920617441,0.0,0.0,0.25,0.0,0.25,1758.0508999038345,,,,,1.0,1.2e-10,75.85744749370211,,,,
TG_edge_limit,gas_mix_hstar0p3,13.8,73.0,0.0,0.0,0.5347505628802474,-0.05,15047.592951739904,35.91352124664725,0.0,0.0,0.25,0.0,0.25,15047.842951739904,,,,,1.0,,,7.510000578265304e-05,6.390729316004875e-12,0.03436423881649464,derived Kcrit limiting curve; no finite normalization and no K prior
NFW,gas_mix_hstar0p3,13.8,73.0,0.0,0.0,0.6,0.0,75.02275617577256,8.488301994988623,0.0,0.0,0.0,0.0,0.0,75.02275617577256,11.554198295009527,358259978093.40106,1.1130796303722779,12.974171380142657,1.0,,,,,,
MOND,gas_mix_hstar0p3,13.8,73.0,0.0,0.0,0.6,0.0,1293.426853970241,10.904172235689757,0.0,0.0,0.0,0.0,0.0,1293.426853970241,,,,,1.0,1.2e-10,80.36120705080847,,,,
TG_edge_limit,gas_mix_hstar0p3,13.8,73.0,0.0,0.0,0.6,0.0,11112.158064734067,30.755583616708375,0.0,0.0,0.0,0.0,0.0,11112.158064734067,,,,,1.0,,,6.80953735734975e-05,5.0697709708318945e-12,0.03342785187295505,derived Kcrit limiting curve; no finite normalization and no K prior
NFW,gas_mix_hstar0p3,13.8,73.0,0.0,0.0,0.673211072581178,0.05,67.47863998398095,8.108537451463963,0.0,0.0,0.25,0.0,0.25,67.72863998398095,11.559675594322265,362806947013.93036,1.0815261221641919,12.064966549857159,1.0,,,,,,
MOND,gas_mix_hstar0p3,13.8,73.0,0.0,0.0,0.673211072581178,0.05,1120.5778305634265,10.89154594750754,0.0,0.0,0.25,0.0,0.25,1120.8278305634265,,,,,1.0,1.2e-10,85.41450838762064,,,,
TG_edge_limit,gas_mix_hstar0p3,13.8,73.0,0.0,0.0,0.673211072581178,0.05,7610.442312988861,25.33536347757807,0.0,0.0,0.25,0.0,0.25,7610.692312988861,,,,,1.0,,,6.16285453231366e-05,6.031833385675679e-12,0.03259700657837685,derived Kcrit limiting curve; no finite normalization and no K prior
NFW,gas_mix_hstar0p3,13.8,73.0,0.0,0.0,0.7553552470765004,0.1,59.88561254573223,7.725372773163567,0.0,0.0,1.0,0.0,1.0,60.88561254573223,11.568450127470912,370211689424.94275,1.042982502370739,11.040341377131394,1.0,,,,,,
MOND,gas_mix_hstar0p3,13.8,73.0,0.0,0.0,0.7553552470765004,0.1,1288.9947384531483,12.230325433586223,0.0,0.0,1.0,0.0,1.0,1289.9947384531483,,,,,1.0,1.2e-10,91.08440574267269,,,,
TG_edge_limit,gas_mix_hstar0p3,13.8,73.0,0.0,0.0,0.7553552470765004,0.1,4660.143319523312,19.709781103968737,0.0,0.0,1.0,0.0,1.0,4661.143319523312,,,,,1.0,,,5.568243066077486e-05,7.256037422102501e-12,0.031860207374458875,derived Kcrit limiting curve; no finite normalization and no K prior
NFW,gas_mix_hstar0p3,13.8,73.0,0.0,0.0,0.762,0.10380372095595687,59.307002138842044,7.696465943626498,0.0,0.0,1.077521248430216,0.0,1.077521248430216,60.38452338727226,11.569301984796484,370938562658.97314,1.039703267687963,10.957292817599924,1.0,,,,,,
MOND,gas_mix_hstar0p3,13.8,73.0,0.0,0.0,0.762,0.10380372095595687,1317.326194916402,12.383641904506396,0.0,0.0,1.077521248430216,0.0,1.077521248430216,1318.4037161648323,,,,,1.0,1.2e-10,91.54305137710013,,,,
TG_edge_limit,gas_mix_hstar0p3,13.8,73.0,0.0,0.0,0.762,0.10380372095595687,4461.970813623528,19.277144069583123,0.0,0.0,1.077521248430216,0.0,1.077521248430216,4463.048334871958,,,,,1.0,,,5.525079215329918e-05,8.116758458661755e-12,0.031807702231506765,derived Kcrit limiting curve; no finite normalization and no K prior
NFW,gas_thin_hstar0p3,13.8,73.0,0.0,0.0,0.4765969408345689,-0.1,90.43814965538755,9.224746991673479,0.0,0.0,1.0,0.0,1.0,91.43814965538755,11.546566770040151,352019539150.7223,1.1625265350323037,14.538732133403494,1.0,,,,,,
MOND,gas_thin_hstar0p3,13.8,73.0,0.0,0.0,0.4765969408345689,-0.1,2495.117694685706,14.079570663226887,0.0,0.0,1.0,0.0,1.0,2496.117694685706,,,,,1.0,1.2e-10,72.11054714686117,,,,
TG_edge_limit,gas_thin_hstar0p3,13.8,73.0,0.0,0.0,0.4765969408345689,-0.1,19138.57385686434,40.601492122269164,0.0,0.0,1.0,0.0,1.0,19139.57385686434,,,,,1.0,,,8.220942012180682e-05,7.78491480888318e-12,0.03545439117598091,derived Kcrit limiting curve; no finite normalization and no K prior
NFW,gas_thin_hstar0p3,13.8,73.0,0.0,0.0,0.5347505628802474,-0.05,83.14204918004879,8.875754837600098,0.0,0.0,0.25,0.0,0.25,83.39204918004879,11.548493328685728,353584589550.748,1.1405692013838118,13.821946301154496,1.0,,,,,,
MOND,gas_thin_hstar0p3,13.8,73.0,0.0,0.0,0.5347505628802474,-0.05,1789.4631493392205,12.208405036478668,0.0,0.0,0.25,0.0,0.25,1789.7131493392205,,,,,1.0,1.2e-10,76.12452707726104,,,,
TG_edge_limit,gas_thin_hstar0p3,13.8,73.0,0.0,0.0,0.5347505628802474,-0.05,14904.032748276393,35.73577331703904,0.0,0.0,0.25,0.0,0.25,14904.282748276393,,,,,1.0,,,7.473691998330923e-05,7.334542631430812e-12,0.03439839408579257,derived Kcrit limiting curve; no finite normalization and no K prior
NFW,gas_thin_hstar0p3,13.8,73.0,0.0,0.0,0.6,0.0,75.68451669327385,8.507634975703036,0.0,0.0,0.0,0.0,0.0,75.68451669327385,11.55177583112979,356267192270.0018,1.114398705377982,13.013637507658046,1.0,,,,,,
MOND,gas_thin_hstar0p3,13.8,73.0,0.0,0.0,0.6,0.0,1331.379905603151,11.072441182354124,0.0,0.0,0.0,0.0,0.0,1331.379905603151,,,,,1.0,1.2e-10,80.6282866343674,,,,
TG_edge_limit,gas_thin_hstar0p3,13.8,73.0,0.0,0.0,0.6,0.0,10999.443976182178,30.59360026138536,0.0,0.0,0.0,0.0,0.0,10999.443976182178,,,,,1.0,,,6.779895624663194e-05,6.409579793657703e-12,0.033460012001217974,derived Kcrit limiting curve; no finite normalization and no K prior
NFW,gas_thin_hstar0p3,13.8,73.0,0.0,0.0,0.673211072581178,0.05,68.12820678492079,8.126261012619963,0.0,0.0,0.25,0.0,0.25,68.37820678492079,11.557145106584903,360699139780.42737,1.0828644945765338,12.102204703967118,1.0,,,,,,
MOND,gas_thin_hstar0p3,13.8,73.0,0.0,0.0,0.673211072581178,0.05,1164.668674656445,11.08444078269706,0.0,0.0,0.25,0.0,0.25,1164.918674656445,,,,,1.0,1.2e-10,85.68158797117957,,,,
TG_edge_limit,gas_thin_hstar0p3,13.8,73.0,0.0,0.0,0.673211072581178,0.05,7527.350232947071,25.191917257362764,0.0,0.0,0.25,0.0,0.25,7527.600232947071,,,,,1.0,,,6.138735739910705e-05,5.787086928616707e-12,0.03262694558746494,derived Kcrit limiting curve; no finite normalization and no K prior
NFW,gas_thin_hstar0p3,13.8,73.0,0.0,0.0,0.7553552470765004,0.1,60.52220782633965,7.741226688671217,0.0,0.0,1.0,0.0,1.0,61.52220782633965,11.565786006089427,367947626752.83264,1.0443420490897042,11.074957010140862,1.0,,,,,,
MOND,gas_thin_hstar0p3,13.8,73.0,0.0,0.0,0.7553552470765004,0.1,1339.030390848696,12.423640880536116,0.0,0.0,1.0,0.0,1.0,1340.030390848696,,,,,1.0,1.2e-10,91.35148532623161,,,,
TG_edge_limit,gas_thin_hstar0p3,13.8,73.0,0.0,0.0,0.7553552470765004,0.1,4605.435860747463,19.59099145746992,0.0,0.0,1.0,0.0,1.0,4606.435860747463,,,,,1.0,,,5.548675158693506e-05,8.897355279391216e-12,0.03188783644503389,derived Kcrit limiting curve; no finite normalization and no K prior
NFW,gas_thin_hstar0p3,13.8,73.0,0.0,0.0,0.762,0.10380372095595687,59.942469783746816,7.7121650074175445,0.0,0.0,1.077521248430216,0.0,1.077521248430216,61.01999103217703,11.566626408716521,368660331030.0924,1.0410644923244976,10.991690528903302,1.0,,,,,,
MOND,gas_thin_hstar0p3,13.8,73.0,0.0,0.0,0.762,0.10380372095595687,1367.8051678617026,12.576166861510666,0.0,0.0,1.077521248430216,0.0,1.077521248430216,1368.8826891101328,,,,,1.0,1.2e-10,91.81013096065905,,,,
TG_edge_limit,gas_thin_hstar0p3,13.8,73.0,0.0,0.0,0.762,0.10380372095595687,4409.372013175252,19.160674809839357,0.0,0.0,1.077521248430216,0.0,1.077521248430216,4410.449534423682,,,,,1.0,,,5.5058222044450474e-05,7.551691252951643e-12,0.03183515485346318,derived Kcrit limiting curve; no finite normalization and no K prior
NFW,gas_mix_hstar0p6,13.8,73.0,0.0,0.0,0.4765969408345689,-0.1,92.25227614466894,9.035392205911904,0.0,0.0,1.0,0.0,1.0,93.25227614466894,11.541264826122616,347748148297.55365,1.1753357275870953,14.973927552921477,1.0,,,,,,
MOND,gas_mix_hstar0p6,13.8,73.0,0.0,0.0,0.4765969408345689,-0.1,2971.6090247046222,15.302092389896984,0.0,0.0,1.0,0.0,1.0,2972.6090247046222,,,,,1.0,1.2e-10,71.82067628708636,,,,
TG_edge_limit,gas_mix_hstar0p6,13.8,73.0,0.0,0.0,0.4765969408345689,-0.1,22286.125224335898,44.022479201037285,0.0,0.0,1.0,0.0,1.0,22287.125224335898,,,,,1.0,,,8.572386860351071e-05,9.525816425048325e-12,0.03946743561068884,derived Kcrit limiting curve; no finite normalization and no K prior
NFW,gas_mix_hstar0p6,13.8,73.0,0.0,0.0,0.5347505628802474,-0.05,85.16311023624577,8.647148924897232,0.0,0.0,0.25,0.0,0.25,85.41311023624577,11.541712138547213,348106504686.4176,1.1557248763411685,14.312809018098585,1.0,,,,,,
MOND,gas_mix_hstar0p6,13.8,73.0,0.0,0.0,0.5347505628802474,-0.05,2175.375322748456,13.238098889533278,0.0,0.0,0.25,0.0,0.25,2175.625322748456,,,,,1.0,1.2e-10,75.8318752611908,,,,
TG_edge_limit,gas_mix_hstar0p6,13.8,73.0,0.0,0.0,0.5347505628802474,-0.05,17893.17034813183,39.38220186798558,0.0,0.0,0.25,0.0,0.25,17893.42034813183,,,,,1.0,,,7.800790823605044e-05,1.3546930855558882e-11,0.038346315761755956,derived Kcrit limiting curve; no finite normalization and no K prior
NFW,gas_mix_hstar0p6,13.8,73.0,0.0,0.0,0.6,0.0,77.92897668292112,8.228824852227591,0.0,0.0,0.0,0.0,0.0,77.92897668292112,11.54307185339215,349198085016.21564,1.1324321492019331,13.565385786878474,1.0,,,,,,
MOND,gas_mix_hstar0p6,13.8,73.0,0.0,0.0,0.6,0.0,1611.997078793489,11.728394665139415,0.0,0.0,0.0,0.0,0.0,1611.997078793489,,,,,1.0,1.2e-10,80.33251453401309,,,,
TG_edge_limit,gas_mix_hstar0p6,13.8,73.0,0.0,0.0,0.6,0.0,13769.277235003361,34.47452439827826,0.0,0.0,0.0,0.0,0.0,13769.277235003361,,,,,1.0,,,7.08303586729261e-05,1.0313264346184828e-11,0.037346527161544366,derived Kcrit limiting curve; no finite normalization and no K prior
NFW,gas_mix_hstar0p6,13.8,73.0,0.0,0.0,0.673211072581178,0.05,70.61507181998162,7.782969838344584,0.0,0.0,0.25,0.0,0.25,70.86507181998162,11.54587820304561,351461859982.05963,1.1044869535179245,12.719995378377149,1.0,,,,,,
MOND,gas_mix_hstar0p6,13.8,73.0,0.0,0.0,0.673211072581178,0.05,1323.2433786717559,11.172941697436634,0.0,0.0,0.25,0.0,0.25,1323.4933786717559,,,,,1.0,1.2e-10,85.38231485427585,,,,
TG_edge_limit,gas_mix_hstar0p6,13.8,73.0,0.0,0.0,0.673211072581178,0.05,10007.432088754642,29.30966463130983,0.0,0.0,0.25,0.0,0.25,10007.682088754642,,,,,1.0,,,6.418568125757513e-05,9.882186217222769e-12,0.03645610307269196,derived Kcrit limiting curve; no finite normalization and no K prior
NFW,gas_mix_hstar0p6,13.8,73.0,0.0,0.0,0.7553552470765004,0.1,63.2628281529803,7.314772083677403,0.0,0.0,1.0,0.0,1.0,64.26282815298029,11.55099373608659,355626189266.6038,1.0705370602844007,11.763513637082813,1.0,,,,,,
MOND,gas_mix_hstar0p6,13.8,73.0,0.0,0.0,0.7553552470765004,0.1,1356.4730801919748,11.88885028381416,0.0,0.0,1.0,0.0,1.0,1357.4730801919748,,,,,1.0,1.2e-10,91.04828400415066,,,,
TG_edge_limit,gas_mix_hstar0p6,13.8,73.0,0.0,0.0,0.7553552470765004,0.1,6714.526633079651,23.924664444392054,0.0,0.0,1.0,0.0,1.0,6715.526633079651,,,,,1.0,,,5.8060631166633474e-05,8.171516463497184e-12,0.035663831168295815,derived Kcrit limiting curve; no finite normalization and no K prior
NFW,gas_mix_hstar0p6,13.8,73.0,0.0,0.0,0.762,0.10380372095595687,62.70203125060273,7.278463488915031,0.0,0.0,1.077521248430216,0.0,1.077521248430216,63.779552499032945,11.551512951022037,356051607632.2062,1.0676584185218394,11.685799175078055,1.0,,,,,,
MOND,gas_mix_hstar0p6,13.8,73.0,0.0,0.0,0.762,0.10380372095595687,1373.6560538525373,11.997079650492891,0.0,0.0,1.077521248430216,0.0,1.077521248430216,1374.7335751009675,,,,,1.0,1.2e-10,91.50661188077,,,,
TG_edge_limit,gas_mix_hstar0p6,13.8,73.0,0.0,0.0,0.762,0.10380372095595687,6486.578966494406,23.508269058738087,0.0,0.0,1.077521248430216,0.0,1.077521248430216,6487.656487742836,,,,,1.0,,,5.761542977509227e-05,8.163070925941251e-12,0.03560727786084435,derived Kcrit limiting curve; no finite normalization and no K prior
NFW,gas_mix_hstar0p3,13.8,76.0,0.0,1.0,0.4765969408345689,-0.1,92.92693493003173,9.271973635133783,0.0,1.0,1.0,0.0,2.0,94.92693493003173,11.52296821785711,333402013148.24023,1.178288529187125,15.076083327502442,0.9855807153076326,,,,,,
MOND,gas_mix_hstar0p3,13.8,76.0,0.0,1.0,0.4765969408345689,-0.1,3207.3358785370456,16.016557319714167,0.0,1.0,1.0,0.0,2.0,3209.3358785370456,,,,,0.9855807153076326,1.2e-10,70.54785384546392,,,,
TG_edge_limit,gas_mix_hstar0p3,13.8,76.0,0.0,1.0,0.4765969408345689,-0.1,23439.265648602104,44.580208849496124,0.0,1.0,1.0,0.0,2.0,23441.265648602104,,,,,0.9855807153076326,,,9.115791103230691e-05,7.825765183814404e-12,0.038375865966970145,derived Kcrit limiting curve; no finite normalization and no K prior
NFW,gas_mix_hstar0p3,13.8,76.0,0.0,1.0,0.5347505628802474,-0.05,86.4091815366904,8.937793008481265,0.0,1.0,0.25,0.0,1.25,87.6591815366904,11.521671133943295,332407744834.02954,1.1603452266420777,14.465892274496943,0.9855807153076326,,,,,,
MOND,gas_mix_hstar0p3,13.8,76.0,0.0,1.0,0.5347505628802474,-0.05,2406.9562978261474,14.114399777253098,0.0,1.0,0.25,0.0,1.25,2408.2062978261474,,,,,0.9855807153076326,1.2e-10,74.70140410364209,,,,
TG_edge_limit,gas_mix_hstar0p3,13.8,76.0,0.0,1.0,0.5347505628802474,-0.05,18917.266552985333,40.00260587200137,0.0,1.0,0.25,0.0,1.25,18918.516552985333,,,,,0.9855807153076326,,,8.279718805676016e-05,4.923261479079806e-12,0.03728427268935052,derived Kcrit limiting curve; no finite normalization and no K prior
NFW,gas_mix_hstar0p3,13.8,76.0,0.0,1.0,0.6,0.0,79.84829493441221,8.579634783425206,0.0,1.0,0.0,0.0,1.0,80.84829493441221,11.520873087042363,331797482907.48553,1.1390580187042505,13.773934667335133,0.9855807153076326,,,,,,
MOND,gas_mix_hstar0p3,13.8,76.0,0.0,1.0,0.6,0.0,1848.0152246256187,12.776347656166386,0.0,1.0,0.0,0.0,1.0,1849.0152246256187,,,,,0.9855807153076326,1.2e-10,79.36176414418865,,,,
TG_edge_limit,gas_mix_hstar0p3,13.8,76.0,0.0,1.0,0.6,0.0,14660.944713496488,35.165409960421464,0.0,1.0,0.0,0.0,1.0,14661.944713496488,,,,,0.9855807153076326,,,7.505040959471606e-05,7.342161279076608e-12,0.036313582009828094,derived Kcrit limiting curve; no finite normalization and no K prior
NFW,gas_mix_hstar0p3,13.8,76.0,0.0,1.0,0.673211072581178,0.05,73.35009520850623,8.200675096044238,0.0,1.0,0.25,0.0,1.25,74.60009520850623,11.520962663892915,331865925957.3737,1.1135561578233961,12.988415037850128,0.9855807153076326,,,,,,
MOND,gas_mix_hstar0p3,13.8,76.0,0.0,1.0,0.673211072581178,0.05,1572.6106276343398,12.339676348817255,0.0,1.0,0.25,0.0,1.25,1573.8606276343398,,,,,0.9855807153076326,1.2e-10,84.59077411337337,,,,
TG_edge_limit,gas_mix_hstar0p3,13.8,76.0,0.0,1.0,0.673211072581178,0.05,10761.653883350913,30.07795234026305,0.0,1.0,0.25,0.0,1.25,10762.903883350913,,,,,0.9855807153076326,,,6.790422583082051e-05,5.637394499637088e-12,0.03545119868927761,derived Kcrit limiting curve; no finite normalization and no K prior
NFW,gas_mix_hstar0p3,13.8,76.0,0.0,1.0,0.7553552470765004,0.1,67.01379700865294,7.80676530491781,0.0,1.0,1.0,0.0,2.0,69.01379700865294,11.522579889147787,333104031679.80695,1.0826323391473711,12.095737106903064,0.9855807153076326,,,,,,
MOND,gas_mix_hstar0p3,13.8,76.0,0.0,1.0,0.7553552470765004,0.1,1628.362270548077,13.056657962689322,0.0,1.0,1.0,0.0,2.0,1630.362270548077,,,,,0.9855807153076326,1.2e-10,90.45781979652757,,,,
TG_edge_limit,gas_mix_hstar0p3,13.8,76.0,0.0,1.0,0.7553552470765004,0.1,7324.4412424721795,24.773944533026793,0.0,1.0,1.0,0.0,2.0,7326.4412424721795,,,,,0.9855807153076326,,,6.133796124790544e-05,5.3160811045853185e-12,0.03468550586902618,derived Kcrit limiting curve; no finite normalization and no K prior
NFW,gas_mix_hstar0p3,13.8,76.0,0.0,1.0,0.762,0.10380372095595687,66.54052262649044,7.776429325206697,0.0,1.0,1.077521248430216,0.0,2.077521248430216,68.61804387492066,11.522792089270542,333266829022.9929,1.0800133199482904,12.023013090110538,0.9855807153076326,,,,,,
MOND,gas_mix_hstar0p3,13.8,76.0,0.0,1.0,0.762,0.10380372095595687,1647.6396823327009,13.159984277518582,0.0,1.0,1.077521248430216,0.0,2.077521248430216,1649.7172035811311,,,,,0.9855807153076326,1.2e-10,90.93241302477487,,,,
TG_edge_limit,gas_mix_hstar0p3,13.8,76.0,0.0,1.0,0.762,0.10380372095595687,7085.177547613126,24.363626701688116,0.0,1.0,1.077521248430216,0.0,2.077521248430216,7087.2550688615565,,,,,0.9855807153076326,,,6.0861463094376464e-05,5.341068609449607e-12,0.03463090711510992,derived Kcrit limiting curve; no finite normalization and no K prior
NFW,gas_thin_hstar0p3,13.8,76.0,0.0,1.0,0.4765969408345689,-0.1,93.43847055804677,9.296648626762495,0.0,1.0,1.0,0.0,2.0,95.43847055804677,11.52089071134161,331810948003.2382,1.1795489589246226,15.11990139562096,0.9855807153076326,,,,,,
MOND,gas_thin_hstar0p3,13.8,76.0,0.0,1.0,0.4765969408345689,-0.1,3237.171176112244,16.1088344957387,0.0,1.0,1.0,0.0,2.0,3239.171176112244,,,,,0.9855807153076326,1.2e-10,70.82110742677268,,,,
TG_edge_limit,gas_thin_hstar0p3,13.8,76.0,0.0,1.0,0.4765969408345689,-0.1,23270.968923334924,44.41510409661587,0.0,1.0,1.0,0.0,2.0,23272.968923334924,,,,,0.9855807153076326,,,9.070325188941922e-05,6.806081259471631e-12,0.038406664365695745,derived Kcrit limiting curve; no finite normalization and no K prior
NFW,gas_thin_hstar0p3,13.8,76.0,0.0,1.0,0.5347505628802474,-0.05,86.89838068416375,8.961565950412561,0.0,1.0,0.25,0.0,1.25,88.14838068416375,11.519526535419699,330770321528.9467,1.1616280655021725,14.508685458377135,0.9855807153076326,,,,,,
MOND,gas_thin_hstar0p3,13.8,76.0,0.0,1.0,0.5347505628802474,-0.05,2442.353864928908,14.23588379796452,0.0,1.0,0.25,0.0,1.25,2443.603864928908,,,,,0.9855807153076326,1.2e-10,74.97465768495086,,,,
TG_edge_limit,gas_thin_hstar0p3,13.8,76.0,0.0,1.0,0.5347505628802474,-0.05,18777.13309741189,39.84995976364251,0.0,1.0,0.25,0.0,1.25,18778.38309741189,,,,,0.9855807153076326,,,8.242462844430013e-05,8.214275429453555e-12,0.03731401661878759,derived Kcrit limiting curve; no finite normalization and no K prior
NFW,gas_thin_hstar0p3,13.8,76.0,0.0,1.0,0.6,0.0,80.31746583070647,8.602370405320247,0.0,1.0,0.0,0.0,1.0,81.31746583070647,11.518647835427869,330101756631.4224,1.1403670096124736,13.815512801601555,0.9855807153076326,,,,,,
MOND,gas_thin_hstar0p3,13.8,76.0,0.0,1.0,0.6,0.0,1888.8683559267317,12.928771504565269,0.0,1.0,0.0,0.0,1.0,1889.8683559267317,,,,,0.9855807153076326,1.2e-10,79.63501772549743,,,,
TG_edge_limit,gas_thin_hstar0p3,13.8,76.0,0.0,1.0,0.6,0.0,14547.965751904303,35.026186031793706,0.0,1.0,0.0,0.0,1.0,14548.965751904303,,,,,0.9855807153076326,,,7.474625794027242e-05,1.0043435285716123e-11,0.036341817758788995,derived Kcrit limiting curve; no finite normalization and no K prior
NFW,gas_thin_hstar0p3,13.8,76.0,0.0,1.0,0.673211072581178,0.05,73.80321087257377,8.222219999079929,0.0,1.0,0.25,0.0,1.25,75.05321087257377,11.518639265927664,330095243126.6923,1.1148958733667362,13.028543680738474,0.9855807153076326,,,,,,
MOND,gas_thin_hstar0p3,13.8,76.0,0.0,1.0,0.673211072581178,0.05,1618.7698293804572,12.515966956415344,0.0,1.0,0.25,0.0,1.25,1620.0198293804572,,,,,0.9855807153076326,1.2e-10,84.86402769468215,,,,
TG_edge_limit,gas_thin_hstar0p3,13.8,76.0,0.0,1.0,0.673211072581178,0.05,10674.786195941126,29.95390801435684,0.0,1.0,0.25,0.0,1.25,10676.036195941126,,,,,0.9855807153076326,,,6.765673243911404e-05,9.696995657516414e-12,0.03547765963811788,derived Kcrit limiting curve; no finite normalization and no K prior
NFW,gas_thin_hstar0p3,13.8,76.0,0.0,1.0,0.7553552470765004,0.1,67.45690305847708,7.8269483394918185,0.0,1.0,1.0,0.0,2.0,69.45690305847708,11.520135207540799,331234227546.51874,1.0840084540745378,12.13412470796472,0.9855807153076326,,,,,,
MOND,gas_thin_hstar0p3,13.8,76.0,0.0,1.0,0.7553552470765004,0.1,1679.6402640486708,13.240379576631929,0.0,1.0,1.0,0.0,2.0,1681.6402640486708,,,,,0.9855807153076326,1.2e-10,90.73107337783635,,,,
TG_edge_limit,gas_thin_hstar0p3,13.8,76.0,0.0,1.0,0.7553552470765004,0.1,7262.6240764210725,24.668489978485603,0.0,1.0,1.0,0.0,2.0,7264.6240764210725,,,,,0.9855807153076326,,,6.113714958093353e-05,5.653635274315909e-12,0.03471006060095827,derived Kcrit limiting curve; no finite normalization and no K prior
NFW,gas_thin_hstar0p3,13.8,76.0,0.0,1.0,0.762,0.10380372095595687,66.98317960676518,7.796501301101265,0.0,1.0,1.077521248430216,0.0,2.077521248430216,69.06070085519539,11.520337018306405,331388183375.1349,1.0813924764389793,12.061254361009288,0.9855807153076326,,,,,,
MOND,gas_thin_hstar0p3,13.8,76.0,0.0,1.0,0.762,0.10380372095595687,1699.2984631853476,13.343539008139743,0.0,1.0,1.077521248430216,0.0,2.077521248430216,1701.3759844337778,,,,,0.9855807153076326,1.2e-10,91.20566660608364,,,,
TG_edge_limit,gas_thin_hstar0p3,13.8,76.0,0.0,1.0,0.762,0.10380372095595687,7025.2224775837885,24.25981019692285,0.0,1.0,1.077521248430216,0.0,2.077521248430216,7027.299998832219,,,,,0.9855807153076326,,,6.066384046302783e-05,1.058589158157745e-11,0.03465531437139124,derived Kcrit limiting curve; no finite normalization and no K prior
NFW,gas_mix_hstar0p6,13.8,76.0,0.0,1.0,0.4765969408345689,-0.1,96.15730665957811,9.181069112047043,0.0,1.0,1.0,0.0,2.0,98.15730665957811,11.516753567546933,328665082969.9774,1.1908528247851544,15.518610208130115,0.9855807153076326,,,,,,
MOND,gas_mix_hstar0p6,13.8,76.0,0.0,1.0,0.4765969408345689,-0.1,3772.9899094859124,17.321625798431494,0.0,1.0,1.0,0.0,2.0,3774.9899094859124,,,,,0.9855807153076326,1.2e-10,70.51575735461618,,,,
TG_edge_limit,gas_mix_hstar0p6,13.8,76.0,0.0,1.0,0.4765969408345689,-0.1,26475.23749216057,47.50964518630056,0.0,1.0,1.0,0.0,2.0,26477.23749216057,,,,,0.9855807153076326,,,9.427565444508172e-05,1.2077590126575544e-11,0.04253149983734428,derived Kcrit limiting curve; no finite normalization and no K prior
NFW,gas_mix_hstar0p6,13.8,76.0,0.0,1.0,0.5347505628802474,-0.05,89.89606482165453,8.820708262488827,0.0,1.0,0.25,0.0,1.25,91.14606482165453,11.514244924256275,326772066245.78894,1.1749657044637,14.961175054377978,0.9855807153076326,,,,,,
MOND,gas_mix_hstar0p6,13.8,76.0,0.0,1.0,0.5347505628802474,-0.05,2893.458857636267,15.324643971066795,0.0,1.0,0.25,0.0,1.25,2894.708857636267,,,,,0.9855807153076326,1.2e-10,74.66539124859261,,,,
TG_edge_limit,gas_mix_hstar0p6,13.8,76.0,0.0,1.0,0.5347505628802474,-0.05,21868.092498004684,43.149924651489016,0.0,1.0,0.25,0.0,1.25,21869.342498004684,,,,,0.9855807153076326,,,8.574509595018859e-05,1.3294742794421136e-11,0.04137884102631027,derived Kcrit limiting curve; no finite normalization and no K prior
NFW,gas_mix_hstar0p6,13.8,76.0,0.0,1.0,0.6,0.0,83.61772408883155,8.42847219512693,0.0,1.0,0.0,0.0,1.0,84.61772408883155,11.51190228330676,325014160646.27673,1.1561787909285992,14.32777625669709,0.9855807153076326,,,,,,
MOND,gas_mix_hstar0p6,13.8,76.0,0.0,1.0,0.6,0.0,2241.461241520609,13.771709513966881,0.0,1.0,0.0,0.0,1.0,2242.461241520609,,,,,0.9855807153076326,1.2e-10,79.32135705623105,,,,
TG_edge_limit,gas_mix_hstar0p6,13.8,76.0,0.0,1.0,0.6,0.0,17473.779544780406,38.541522982694424,0.0,1.0,0.0,0.0,1.0,17474.779544780406,,,,,0.9855807153076326,,,7.781991496375135e-05,7.523811752078524e-12,0.040349872178052,derived Kcrit limiting curve; no finite normalization and no K prior
NFW,gas_mix_hstar0p6,13.8,76.0,0.0,1.0,0.673211072581178,0.05,77.44439871722582,8.005085405538075,0.0,1.0,0.25,0.0,1.25,78.69439871722582,11.509979815020781,323578617412.1457,1.1337618572477146,13.606983471520593,0.9855807153076326,,,,,,
MOND,gas_mix_hstar0p6,13.8,76.0,0.0,1.0,0.673211072581178,0.05,1857.170267438461,12.960742634505502,0.0,1.0,0.25,0.0,1.25,1858.420267438461,,,,,0.9855807153076326,1.2e-10,84.54543661500033,,,,
TG_edge_limit,gas_mix_hstar0p6,13.8,76.0,0.0,1.0,0.673211072581178,0.05,13375.32134703315,33.69128121297755,0.0,1.0,0.25,0.0,1.25,13376.57134703315,,,,,0.9855807153076326,,,7.049117453860385e-05,1.1987690613496652e-11,0.0394325311471339,derived Kcrit limiting curve; no finite normalization and no K prior
NFW,gas_mix_hstar0p6,13.8,76.0,0.0,1.0,0.7553552470765004,0.1,71.50285219158665,7.553238393137935,0.0,1.0,1.0,0.0,2.0,73.50285219158665,11.50890528297922,322779008329.1404,1.1067145813737316,12.785407701320077,0.9855807153076326,,,,,,
MOND,gas_mix_hstar0p6,13.8,76.0,0.0,1.0,0.7553552470765004,0.1,1786.0004132761555,13.181734235800581,0.0,1.0,1.0,0.0,2.0,1788.0004132761555,,,,,0.9855807153076326,1.2e-10,90.40695028668112,,,,
TG_edge_limit,gas_mix_hstar0p6,13.8,76.0,0.0,1.0,0.7553552470765004,0.1,9668.369702406902,28.623937971625566,0.0,1.0,1.0,0.0,2.0,9670.369702406902,,,,,0.9855807153076326,,,6.374194692000923e-05,8.193724266375847e-12,0.03861550677840638,derived Kcrit limiting curve; no finite normalization and no K prior
NFW,gas_mix_hstar0p6,13.8,76.0,0.0,1.0,0.762,0.10380372095595687,71.06356602557675,7.517834831809307,0.0,1.0,1.077521248430216,0.0,2.077521248430216,73.14108727400696,11.508876203709749,322757396579.68494,1.104430898126242,12.718353685150607,0.9855807153076326,,,,,,
MOND,gas_mix_hstar0p6,13.8,76.0,0.0,1.0,0.762,0.10380372095595687,1794.8148361101473,13.24553644932771,0.0,1.0,1.077521248430216,0.0,2.077521248430216,1796.8923573585776,,,,,0.9855807153076326,1.2e-10,90.88109602306871,,,,
TG_edge_limit,gas_mix_hstar0p6,13.8,76.0,0.0,1.0,0.762,0.10380372095595687,9405.405181602517,28.23099709039535,0.0,1.0,1.077521248430216,0.0,2.077521248430216,9407.482702850946,,,,,0.9855807153076326,,,6.325160461205684e-05,9.483454648937089e-12,0.038557156106386756,derived Kcrit limiting curve; no finite normalization and no K prior
NFW,gas_mix_hstar0p3,13.8,79.0,0.0,2.0,0.4765969408345689,-0.1,101.14788956898143,9.5172063077608,0.0,4.0,1.0,0.0,5.0,106.14788956898143,11.50865089526092,322589996091.312,1.1968957617007525,15.736051262828163,0.9742036203646162,,,,,,
MOND,gas_mix_hstar0p3,13.8,79.0,0.0,2.0,0.4765969408345689,-0.1,4469.784819958817,18.851055335821236,0.0,4.0,1.0,0.0,5.0,4474.784819958817,,,,,0.9742036203646162,1.2e-10,64.88112786220871,,,,
TG_edge_limit,gas_mix_hstar0p3,13.8,79.0,0.0,2.0,0.4765969408345689,-0.1,29892.160493095496,49.975077870258346,0.0,4.0,1.0,0.0,5.0,29897.160493095496,,,,,0.9742036203646162,,,0.00010464558627826289,6.860927466637751e-12,0.04140531627341834,derived Kcrit limiting curve; no finite normalization and no K prior
NFW,gas_mix_hstar0p3,13.8,79.0,0.0,2.0,0.5347505628802474,-0.05,95.80487466596294,9.228099912679573,0.0,4.0,0.25,0.0,4.25,100.05487466596294,11.50486628223621,319791033260.116,1.1834985542557828,15.258033154774875,0.9742036203646162,,,,,,
MOND,gas_mix_hstar0p3,13.8,79.0,0.0,2.0,0.5347505628802474,-0.05,3469.2083276273097,16.776675700100434,0.0,4.0,0.25,0.0,4.25,3473.4583276273097,,,,,0.9742036203646162,1.2e-10,68.9517972611267,,,,
TG_edge_limit,gas_mix_hstar0p3,13.8,79.0,0.0,2.0,0.5347505628802474,-0.05,25088.29082292619,45.761727940562956,0.0,4.0,0.25,0.0,4.25,25092.54082292619,,,,,0.9742036203646162,,,9.49782374708158e-05,8.94421399959896e-12,0.04030907640676839,derived Kcrit limiting curve; no finite normalization and no K prior
NFW,gas_mix_hstar0p3,13.8,79.0,0.0,2.0,0.6,0.0,90.56674983854374,8.914914010564589,0.0,4.0,0.0,0.0,4.0,94.56674983854374,11.500899852572406,316883665147.351,1.1677280599694817,14.713908803595007,0.9742036203646162,,,,,,
MOND,gas_mix_hstar0p3,13.8,79.0,0.0,2.0,0.6,0.0,2687.7285793394853,15.046847682297292,0.0,4.0,0.0,0.0,4.0,2691.7285793394853,,,,,0.9742036203646162,1.2e-10,73.51916344807493,,,,
TG_edge_limit,gas_mix_hstar0p3,13.8,79.0,0.0,2.0,0.6,0.0,20463.655205305957,41.30779835763709,0.0,4.0,0.0,0.0,4.0,20467.655205305957,,,,,0.9742036203646162,,,8.603643012897337e-05,7.707885226680433e-12,0.039332934698115274,derived Kcrit limiting curve; no finite normalization and no K prior
NFW,gas_mix_hstar0p3,13.8,79.0,0.0,2.0,0.673211072581178,0.05,85.59789401296615,8.578878386386972,0.0,4.0,0.25,0.0,4.25,89.84789401296615,11.496869477576176,313956499039.0393,1.149014477978761,14.093357803528955,0.9742036203646162,,,,,,
MOND,gas_mix_hstar0p3,13.8,79.0,0.0,2.0,0.673211072581178,0.05,2163.6677358221555,13.909818647978959,0.0,4.0,0.25,0.0,4.25,2167.9177358221555,,,,,0.9742036203646162,1.2e-10,78.64383259738565,,,,
TG_edge_limit,gas_mix_hstar0p3,13.8,79.0,0.0,2.0,0.673211072581178,0.05,16094.584066104926,36.61577641845649,0.0,4.0,0.25,0.0,4.25,16098.834066104926,,,,,0.9742036203646162,,,7.78003037119568e-05,8.172481899217695e-12,0.03846454266224203,derived Kcrit limiting curve; no finite normalization and no K prior
NFW,gas_mix_hstar0p3,13.8,79.0,0.0,2.0,0.7553552470765004,0.1,81.09384501831124,8.223036570267947,0.0,4.0,1.0,0.0,5.0,86.09384501831124,11.492991563705324,311165589171.21826,1.1265898427749428,13.38412064669783,0.9742036203646162,,,,,,
MOND,gas_mix_hstar0p3,13.8,79.0,0.0,2.0,0.7553552470765004,0.1,1940.237725450252,13.651591472239785,0.0,4.0,1.0,0.0,5.0,1945.237725450252,,,,,0.9742036203646162,1.2e-10,84.39380595510423,,,,
TG_edge_limit,gas_mix_hstar0p3,13.8,79.0,0.0,2.0,0.7553552470765004,0.1,12069.161646513414,31.70025679522436,0.0,4.0,1.0,0.0,5.0,12074.161646513414,,,,,0.9742036203646162,,,7.0242389304912e-05,5.829248764036877e-12,0.03769250445390068,derived Kcrit limiting curve; no finite normalization and no K prior
NFW,gas_mix_hstar0p3,13.8,79.0,0.0,2.0,0.762,0.10380372095595687,80.77625802540322,8.19529573815303,0.0,4.0,1.077521248430216,0.0,5.077521248430216,85.85377927383344,11.492712244089965,310965525130.8026,1.124704330140597,13.326138730608658,0.9742036203646162,,,,,,
MOND,gas_mix_hstar0p3,13.8,79.0,0.0,2.0,0.762,0.10380372095595687,1936.8868376950277,13.67461439529457,0.0,4.0,1.077521248430216,0.0,5.077521248430216,1941.964358943458,,,,,0.9742036203646162,1.2e-10,84.8589290452501,,,,
TG_edge_limit,gas_mix_hstar0p3,13.8,79.0,0.0,2.0,0.762,0.10380372095595687,11779.775558506719,31.318056457496464,0.0,4.0,1.077521248430216,0.0,5.077521248430216,11784.853079755148,,,,,0.9742036203646162,,,6.969428016072246e-05,8.029406017814105e-12,0.03763741475167877,derived Kcrit limiting curve; no finite normalization and no K prior
NFW,gas_thin_hstar0p3,13.8,79.0,0.0,2.0,0.4765969408345689,-0.1,101.59097702195146,9.541498175067346,0.0,4.0,1.0,0.0,5.0,106.59097702195146,11.506925181820447,321310695223.41785,1.1979913659721138,15.775799061778981,0.9742036203646162,,,,,,
MOND,gas_thin_hstar0p3,13.8,79.0,0.0,2.0,0.4765969408345689,-0.1,4495.996151773253,18.919496071971693,0.0,4.0,1.0,0.0,5.0,4500.996151773253,,,,,0.9742036203646162,1.2e-10,65.12685142612207,,,,
TG_edge_limit,gas_thin_hstar0p3,13.8,79.0,0.0,2.0,0.4765969408345689,-0.1,29730.602642648617,49.836100081531015,0.0,4.0,1.0,0.0,5.0,29735.602642648617,,,,,0.9742036203646162,,,0.00010416623429824264,8.973894931738046e-12,0.04143020585753046,derived Kcrit limiting curve; no finite normalization and no K prior
NFW,gas_thin_hstar0p3,13.8,79.0,0.0,2.0,0.5347505628802474,-0.05,96.21422731003051,9.251813959801467,0.0,4.0,0.25,0.0,4.25,100.46422731003051,11.503090165608315,318485867429.4454,1.184616034245309,15.29734404309477,0.9742036203646162,,,,,,
MOND,gas_thin_hstar0p3,13.8,79.0,0.0,2.0,0.5347505628802474,-0.05,3500.24804762223,16.865734859516337,0.0,4.0,0.25,0.0,4.25,3504.49804762223,,,,,0.9742036203646162,1.2e-10,69.19752082504006,,,,
TG_edge_limit,gas_thin_hstar0p3,13.8,79.0,0.0,2.0,0.5347505628802474,-0.05,24950.657435742967,45.63284859662398,0.0,4.0,0.25,0.0,4.25,24954.907435742967,,,,,0.9742036203646162,,,9.458572751666146e-05,9.508916929573821e-12,0.04033339469781287,derived Kcrit limiting curve; no finite normalization and no K prior
NFW,gas_thin_hstar0p3,13.8,79.0,0.0,2.0,0.6,0.0,90.94204964493792,8.937951225231794,0.0,4.0,0.0,0.0,4.0,94.94204964493792,11.4990635861774,315546658957.2707,1.1688712381416806,14.752690730778271,0.9742036203646162,,,,,,
MOND,gas_thin_hstar0p3,13.8,79.0,0.0,2.0,0.6,0.0,2723.4923918665654,15.159447864137542,0.0,4.0,0.0,0.0,4.0,2727.4923918665654,,,,,0.9742036203646162,1.2e-10,73.7648870119883,,,,
TG_edge_limit,gas_thin_hstar0p3,13.8,79.0,0.0,2.0,0.6,0.0,20349.113854567662,41.18951798617026,0.0,4.0,0.0,0.0,4.0,20353.113854567662,,,,,0.9742036203646162,,,8.571617411026167e-05,7.934294152007113e-12,0.03935623123609535,derived Kcrit limiting curve; no finite normalization and no K prior
NFW,gas_thin_hstar0p3,13.8,79.0,0.0,2.0,0.673211072581178,0.05,85.94012590400882,8.60112181340553,0.0,4.0,0.25,0.0,4.25,90.19012590400882,11.494960689312213,312579641909.3085,1.1501880790866,14.131494020533543,0.9742036203646162,,,,,,
MOND,gas_thin_hstar0p3,13.8,79.0,0.0,2.0,0.673211072581178,0.05,2204.01204687074,14.045614208457135,0.0,4.0,0.25,0.0,4.25,2208.26204687074,,,,,0.9742036203646162,1.2e-10,78.88955616129901,,,,
TG_edge_limit,gas_thin_hstar0p3,13.8,79.0,0.0,2.0,0.673211072581178,0.05,16002.269950181128,36.50895240893108,0.0,4.0,0.25,0.0,4.25,16006.519950181128,,,,,0.9742036203646162,,,7.753982230384012e-05,7.1320981208347046e-12,0.03848653674093593,derived Kcrit limiting curve; no finite normalization and no K prior
NFW,gas_thin_hstar0p3,13.8,79.0,0.0,2.0,0.7553552470765004,0.1,81.40597461482476,8.244349731095937,0.0,4.0,1.0,0.0,5.0,86.40597461482476,11.490994229103162,309737814104.1138,1.1277998040038533,13.421461316757467,0.9742036203646162,,,,,,
MOND,gas_thin_hstar0p3,13.8,79.0,0.0,2.0,0.7553552470765004,0.1,1984.9847442219634,13.803751800114075,0.0,4.0,1.0,0.0,5.0,1989.9847442219634,,,,,0.9742036203646162,1.2e-10,84.63952951901759,,,,
TG_edge_limit,gas_thin_hstar0p3,13.8,79.0,0.0,2.0,0.7553552470765004,0.1,11998.19174845693,31.60640121186164,0.0,4.0,1.0,0.0,5.0,12003.19174845693,,,,,0.9742036203646162,,,7.003111264153464e-05,6.5200786875994316e-12,0.03771303968051363,derived Kcrit limiting curve; no finite normalization and no K prior
NFW,gas_thin_hstar0p3,13.8,79.0,0.0,2.0,0.762,0.10380372095595687,81.08629475711606,8.216531992853996,0.0,4.0,1.077521248430216,0.0,5.077521248430216,86.16381600554628,11.4907073823557,309533303217.20953,1.1259173441762806,13.363411571301341,0.9742036203646162,,,,,,
MOND,gas_thin_hstar0p3,13.8,79.0,0.0,2.0,0.762,0.10380372095595687,1981.960658507459,13.827547215692205,0.0,4.0,1.077521248430216,0.0,5.077521248430216,1987.0381797558891,,,,,0.9742036203646162,1.2e-10,85.10465260916344,,,,
TG_edge_limit,gas_thin_hstar0p3,13.8,79.0,0.0,2.0,0.762,0.10380372095595687,11710.393010890588,31.225279178210663,0.0,4.0,1.077521248430216,0.0,5.077521248430216,11715.470532139017,,,,,0.9742036203646162,,,6.948636347807075e-05,5.210741883838025e-12,0.03765783531389036,derived Kcrit limiting curve; no finite normalization and no K prior
NFW,gas_mix_hstar0p6,13.8,79.0,0.0,2.0,0.4765969408345689,-0.1,104.65706291296317,9.472981926805371,0.0,4.0,1.0,0.0,5.0,109.65706291296317,11.504049709141077,319190317792.1729,1.2070938845990031,16.10993857805263,0.9742036203646162,,,,,,
MOND,gas_mix_hstar0p6,13.8,79.0,0.0,2.0,0.4765969408345689,-0.1,5115.277098209812,20.127321250237255,0.0,4.0,1.0,0.0,5.0,5120.277098209812,,,,,0.9742036203646162,1.2e-10,64.84136906617101,,,,
TG_edge_limit,gas_mix_hstar0p6,13.8,79.0,0.0,2.0,0.4765969408345689,-0.1,32963.46266428035,52.56010516837012,0.0,4.0,1.0,0.0,5.0,32968.46266428035,,,,,0.9742036203646162,,,0.00010795755895353937,1.0739389123167501e-11,0.04558784232866384,derived Kcrit limiting curve; no finite normalization and no K prior
NFW,gas_mix_hstar0p6,13.8,79.0,0.0,2.0,0.5347505628802474,-0.05,99.57947278568405,9.168573469029303,0.0,4.0,0.25,0.0,4.25,103.82947278568405,11.499429326258587,315812507763.6336,1.1953053606132558,15.678530696071856,0.9742036203646162,,,,,,
MOND,gas_mix_hstar0p6,13.8,79.0,0.0,2.0,0.5347505628802474,-0.05,4047.1283780310996,18.024040992904567,0.0,4.0,0.25,0.0,4.25,4051.3783780310996,,,,,0.9742036203646162,1.2e-10,68.90718715825155,,,,
TG_edge_limit,gas_mix_hstar0p6,13.8,79.0,0.0,2.0,0.5347505628802474,-0.05,28123.79779766155,48.53741459039417,0.0,4.0,0.25,0.0,4.25,28128.04779766155,,,,,0.9742036203646162,,,9.810143088196191e-05,1.028137158275468e-11,0.0444384342127745,derived Kcrit limiting curve; no finite normalization and no K prior
NFW,gas_mix_hstar0p6,13.8,79.0,0.0,2.0,0.6,0.0,94.6188163798739,8.835120822244694,0.0,4.0,0.0,0.0,4.0,98.6188163798739,11.494419819211801,312190597709.29987,1.1814680554343044,15.186862308350223,0.9742036203646162,,,,,,
MOND,gas_mix_hstar0p6,13.8,79.0,0.0,2.0,0.6,0.0,3186.007176100343,16.198623840208246,0.0,4.0,0.0,0.0,4.0,3190.007176100343,,,,,0.9742036203646162,1.2e-10,73.46911008940071,,,,
TG_edge_limit,gas_mix_hstar0p6,13.8,79.0,0.0,2.0,0.6,0.0,23421.68576482915,44.28437009169847,0.0,4.0,0.0,0.0,4.0,23425.68576482915,,,,,0.9742036203646162,,,8.896376198744285e-05,9.937111827867022e-12,0.04341141069406022,derived Kcrit limiting curve; no finite normalization and no K prior
NFW,gas_mix_hstar0p6,13.8,79.0,0.0,2.0,0.673211072581178,0.05,89.94788223399993,8.472253185724693,0.0,4.0,0.25,0.0,4.25,94.19788223399993,11.489064949004625,308364907736.76715,1.1651049849346835,14.625306791341627,0.9742036203646162,,,,,,
MOND,gas_mix_hstar0p6,13.8,79.0,0.0,2.0,0.673211072581178,0.05,2568.592651864325,14.859917180478485,0.0,4.0,0.25,0.0,4.25,2572.842651864325,,,,,0.9742036203646162,1.2e-10,78.58767180525338,,,,
TG_edge_limit,gas_mix_hstar0p6,13.8,79.0,0.0,2.0,0.673211072581178,0.05,18926.67106474316,39.802677404382116,0.0,4.0,0.25,0.0,4.25,18930.92106474316,,,,,0.9742036203646162,,,8.052910356240983e-05,1.4538347621590482e-11,0.04249491268059448,derived Kcrit limiting curve; no finite normalization and no K prior
NFW,gas_mix_hstar0p6,13.8,79.0,0.0,2.0,0.7553552470765004,0.1,85.78084258354566,8.080933488307336,0.0,4.0,1.0,0.0,5.0,90.78084258354566,11.483469512720415,304417428284.00397,1.1455797572195803,13.982336742624538,0.9742036203646162,,,,,,
MOND,gas_mix_hstar0p6,13.8,79.0,0.0,2.0,0.7553552470765004,0.1,2236.217595854328,14.270404496593416,0.0,4.0,1.0,0.0,5.0,2241.217595854328,,,,,0.9742036203646162,1.2e-10,84.33079250992361,,,,
TG_edge_limit,gas_mix_hstar0p6,13.8,79.0,0.0,2.0,0.7553552470765004,0.1,14719.17495362696,35.103810516233104,0.0,4.0,1.0,0.0,5.0,14724.17495362696,,,,,0.9742036203646162,,,7.277368845188405e-05,1.0793990961150079e-11,0.04167783505771435,derived Kcrit limiting curve; no finite normalization and no K prior
NFW,gas_mix_hstar0p6,13.8,79.0,0.0,2.0,0.762,0.10380372095595687,85.49137992365134,8.05006900506229,0.0,4.0,1.077521248430216,0.0,5.077521248430216,90.56890117208155,11.483039058218246,304115851957.72046,1.143942220559786,13.929714667986783,0.9742036203646162,,,,,,
MOND,gas_mix_hstar0p6,13.8,79.0,0.0,2.0,0.762,0.10380372095595687,2223.881613247272,14.263446271817068,0.0,4.0,1.077521248430216,0.0,5.077521248430216,2228.959134495702,,,,,0.9742036203646162,1.2e-10,84.79536127973384,,,,
TG_edge_limit,gas_mix_hstar0p6,13.8,79.0,0.0,2.0,0.762,0.10380372095595687,14413.40187013429,34.73815065164927,0.0,4.0,1.077521248430216,0.0,5.077521248430216,14418.47939138272,,,,,0.9742036203646162,,,7.221068608340267e-05,9.847173371256888e-12,0.041619449261030346,derived Kcrit limiting curve; no finite normalization and no K prior
NFW,gas_mix_hstar0p3,15.200000000000001,67.0,1.0000000000000002,-2.0,0.4765969408345689,-0.1,98.72677019102653,9.168633841906463,1.0000000000000004,4.0,1.0,0.0,6.0,104.72677019102653,11.642889230782972,439429522205.8857,1.0790885486957085,11.997438950841232,1.038891595602483,,,,,,
MOND,gas_mix_hstar0p3,15.200000000000001,67.0,1.0000000000000002,-2.0,0.4765969408345689,-0.1,1017.0122148584226,10.158948942552804,1.0000000000000004,4.0,1.0,0.0,6.0,1023.0122148584226,,,,,1.038891595602483,1.2e-10,66.68765510482312,,,,
TG_edge_limit,gas_mix_hstar0p3,15.200000000000001,67.0,1.0000000000000002,-2.0,0.4765969408345689,-0.1,10905.67473996018,31.67107970912113,1.0000000000000004,4.0,1.0,0.0,6.0,10911.67473996018,,,,,1.038891595602483,,,6.501295081706757e-05,8.233589349632625e-12,0.03344680704557029,derived Kcrit limiting curve; no finite normalization and no K prior
NFW,gas_mix_hstar0p3,15.200000000000001,67.0,1.0000000000000002,-2.0,0.5347505628802474,-0.05,90.75237592245814,8.855029136927827,1.0000000000000004,4.0,0.25,0.0,5.25,96.00237592245814,11.653079244958661,449861932929.11255,1.0459633895778957,11.116380137898728,1.038891595602483,,,,,,
MOND,gas_mix_hstar0p3,15.200000000000001,67.0,1.0000000000000002,-2.0,0.5347505628802474,-0.05,769.9173422128188,9.777003544641591,1.0000000000000004,4.0,0.25,0.0,5.25,775.1673422128188,,,,,1.038891595602483,1.2e-10,70.56801929143501,,,,
TG_edge_limit,gas_mix_hstar0p3,15.200000000000001,67.0,1.0000000000000002,-2.0,0.5347505628802474,-0.05,7467.709155285527,26.100668994355203,1.0000000000000004,4.0,0.25,0.0,5.25,7472.959155285527,,,,,1.038891595602483,,,5.907349975098532e-05,6.952802192349303e-12,0.032440464118594414,derived Kcrit limiting curve; no finite normalization and no K prior
NFW,gas_mix_hstar0p3,15.200000000000001,67.0,1.0000000000000002,-2.0,0.6,0.0,82.89513033933537,8.555779243956357,1.0000000000000004,4.0,0.0,0.0,5.0,87.89513033933537,11.6673704838052,464911708563.5761,1.0058714768148058,10.136113776861913,1.038891595602483,,,,,,
MOND,gas_mix_hstar0p3,15.200000000000001,67.0,1.0000000000000002,-2.0,0.6,0.0,821.7203620031297,10.853919099883065,1.0000000000000004,4.0,0.0,0.0,5.0,826.7203620031297,,,,,1.038891595602483,1.2e-10,74.92185951822597,,,,
TG_edge_limit,gas_mix_hstar0p3,15.200000000000001,67.0,1.0000000000000002,-2.0,0.6,0.0,4543.264763063805,20.260995211092805,1.0000000000000004,4.0,0.0,0.0,5.0,4548.264763063805,,,,,1.038891595602483,,,5.356427339840689e-05,7.070235214447526e-12,0.03154716226849101,derived Kcrit limiting curve; no finite normalization and no K prior
NFW,gas_mix_hstar0p3,15.200000000000001,67.0,1.0000000000000002,-2.0,0.673211072581178,0.05,75.59149844071896,8.291604086635166,1.0000000000000004,4.0,0.25,0.0,5.25,80.84149844071896,11.687892463310376,487407786958.78955,0.9566015812568547,9.049020691173594,1.038891595602483,,,,,,
MOND,gas_mix_hstar0p3,15.200000000000001,67.0,1.0000000000000002,-2.0,0.673211072581178,0.05,1224.2485530177216,13.226789206504344,1.0000000000000004,4.0,0.25,0.0,5.25,1229.4985530177216,,,,,1.038891595602483,1.2e-10,79.80694859976767,,,,
TG_edge_limit,gas_mix_hstar0p3,15.200000000000001,67.0,1.0000000000000002,-2.0,0.673211072581178,0.05,2264.652781047323,14.27985516744935,1.0000000000000004,4.0,0.25,0.0,5.25,2269.902781047323,,,,,1.038891595602483,,,4.8477629206107515e-05,7.61802072888691e-12,0.030754875038976493,derived Kcrit limiting curve; no finite normalization and no K prior
NFW,gas_mix_hstar0p3,15.200000000000001,67.0,1.0000000000000002,-2.0,0.7553552470765004,0.1,69.7663242739483,8.094356210179617,1.0000000000000004,4.0,1.0,0.0,6.0,75.7663242739483,11.71829205088515,522747603961.8464,0.8948317385490218,7.849314647413315,1.038891595602483,,,,,,
MOND,gas_mix_hstar0p3,15.200000000000001,67.0,1.0000000000000002,-2.0,0.7553552470765004,0.1,2036.4257223996808,16.51667068284473,1.0000000000000004,4.0,1.0,0.0,6.0,2042.4257223996808,,,,,1.038891595602483,1.2e-10,85.28810870016649,,,,
TG_edge_limit,gas_mix_hstar0p3,15.200000000000001,67.0,1.0000000000000002,-2.0,0.7553552470765004,0.1,783.1825569317027,8.74124734926837,1.0000000000000004,4.0,1.0,0.0,6.0,789.1825569317027,,,,,1.038891595602483,,,4.38003096848826e-05,5.1571663639895425e-12,0.030052544524020376,derived Kcrit limiting curve; no finite normalization and no K prior
NFW,gas_mix_hstar0p3,15.200000000000001,67.0,1.0000000000000002,-2.0,0.762,0.10380372095595687,69.43099724309657,8.083351126063002,1.0000000000000004,4.0,1.077521248430216,0.0,6.077521248430216,75.50851849152679,11.7211684555,526221339186.4547,0.8894894078954996,7.753350333108033,1.038891595602483,,,,,,
MOND,gas_mix_hstar0p3,15.200000000000001,67.0,1.0000000000000002,-2.0,0.762,0.10380372095595687,2116.819155868235,16.79558513097419,1.0000000000000004,4.0,1.077521248430216,0.0,6.077521248430216,2122.896677116665,,,,,1.038891595602483,1.2e-10,85.73148712383511,,,,
TG_edge_limit,gas_mix_hstar0p3,15.200000000000001,67.0,1.0000000000000002,-2.0,0.762,0.10380372095595687,707.8532811609095,8.391388527305798,1.0000000000000004,4.0,1.077521248430216,0.0,6.077521248430216,713.9308024093398,,,,,1.038891595602483,,,4.346076774270915e-05,5.455985619382316e-12,0.030002505913038144,derived Kcrit limiting curve; no finite normalization and no K prior
NFW,gas_thin_hstar0p3,15.200000000000001,67.0,1.0000000000000002,-2.0,0.4765969408345689,-0.1,100.35925627724514,9.176285932914324,1.0000000000000004,4.0,1.0,0.0,6.0,106.35925627724514,11.640735444950941,437255665129.16943,1.079990845966046,12.022390936243124,1.038891595602483,,,,,,
MOND,gas_thin_hstar0p3,15.200000000000001,67.0,1.0000000000000002,-2.0,0.4765969408345689,-0.1,1042.8652902755969,10.29676970299608,1.0000000000000004,4.0,1.0,0.0,6.0,1048.8652902755969,,,,,1.038891595602483,1.2e-10,66.81287047491823,,,,
TG_edge_limit,gas_thin_hstar0p3,15.200000000000001,67.0,1.0000000000000002,-2.0,0.4765969408345689,-0.1,10742.358997766878,31.433281508471296,1.0000000000000004,4.0,1.0,0.0,6.0,10748.358997766878,,,,,1.038891595602483,,,6.46512111472814e-05,6.860819834263757e-12,0.03348811788006787,derived Kcrit limiting curve; no finite normalization and no K prior
NFW,gas_thin_hstar0p3,15.200000000000001,67.0,1.0000000000000002,-2.0,0.5347505628802474,-0.05,92.29070536829045,8.860685361197245,1.0000000000000004,4.0,0.25,0.0,5.25,97.54070536829045,11.650873358865754,447582769119.9325,1.0468361239086594,11.138741465214043,1.038891595602483,,,,,,
MOND,gas_thin_hstar0p3,15.200000000000001,67.0,1.0000000000000002,-2.0,0.5347505628802474,-0.05,803.6940828226332,9.952976301137701,1.0000000000000004,4.0,0.25,0.0,5.25,808.9440828226332,,,,,1.038891595602483,1.2e-10,70.69323466153011,,,,
TG_edge_limit,gas_thin_hstar0p3,15.200000000000001,67.0,1.0000000000000002,-2.0,0.5347505628802474,-0.05,7343.240876906623,25.881900076569504,1.0000000000000004,4.0,0.25,0.0,5.25,7348.490876906623,,,,,1.038891595602483,,,5.8777246958911555e-05,6.532734718150056e-12,0.032479436235740844,derived Kcrit limiting curve; no finite normalization and no K prior
NFW,gas_thin_hstar0p3,15.200000000000001,67.0,1.0000000000000002,-2.0,0.6,0.0,84.30014002897812,8.558964197753825,1.0000000000000004,4.0,0.0,0.0,5.0,89.30014002897812,11.665107203512568,462495172027.755,1.0067019076897858,10.155513964693093,1.038891595602483,,,,,,
MOND,gas_thin_hstar0p3,15.200000000000001,67.0,1.0000000000000002,-2.0,0.6,0.0,863.2218520870056,11.041958372058001,1.0000000000000004,4.0,0.0,0.0,5.0,868.2218520870056,,,,,1.038891595602483,1.2e-10,75.04707488832106,,,,
TG_edge_limit,gas_thin_hstar0p3,15.200000000000001,67.0,1.0000000000000002,-2.0,0.6,0.0,4456.119599919329,20.065714886338625,1.0000000000000004,4.0,0.0,0.0,5.0,4461.119599919329,,,,,1.038891595602483,,,5.332256146217031e-05,5.1594968078189265e-12,0.03158348223209539,derived Kcrit limiting curve; no finite normalization and no K prior
NFW,gas_thin_hstar0p3,15.200000000000001,67.0,1.0000000000000002,-2.0,0.673211072581178,0.05,76.80127010435491,8.291632822952877,1.0000000000000004,4.0,0.25,0.0,5.25,82.05127010435491,11.685568844416506,484806958194.09296,0.957369278073426,9.06503067579006,1.038891595602483,,,,,,
MOND,gas_thin_hstar0p3,15.200000000000001,67.0,1.0000000000000002,-2.0,0.673211072581178,0.05,1273.240652631396,13.405155225000826,1.0000000000000004,4.0,0.25,0.0,5.25,1278.490652631396,,,,,1.038891595602483,1.2e-10,79.93216396986276,,,,
TG_edge_limit,gas_thin_hstar0p3,15.200000000000001,67.0,1.0000000000000002,-2.0,0.673211072581178,0.05,2213.2824184315077,14.120767882046307,1.0000000000000004,4.0,0.25,0.0,5.25,2218.5324184315077,,,,,1.038891595602483,,,4.828106392961575e-05,8.384713234689919e-12,0.030788409153583832,derived Kcrit limiting curve; no finite normalization and no K prior
NFW,gas_thin_hstar0p3,15.200000000000001,67.0,1.0000000000000002,-2.0,0.7553552470765004,0.1,70.68064567812877,8.090220818956642,1.0000000000000004,4.0,1.0,0.0,6.0,76.68064567812877,11.715912741843681,519891529781.3454,0.8955019176694152,7.861436624340688,1.038891595602483,,,,,,
MOND,gas_thin_hstar0p3,15.200000000000001,67.0,1.0000000000000002,-2.0,0.7553552470765004,0.1,2092.642526496977,16.67832935337358,1.0000000000000004,4.0,1.0,0.0,6.0,2098.642526496977,,,,,1.038891595602483,1.2e-10,85.4133240702616,,,,
TG_edge_limit,gas_thin_hstar0p3,15.200000000000001,67.0,1.0000000000000002,-2.0,0.7553552470765004,0.1,766.0358265560661,8.666395962363223,1.0000000000000004,4.0,1.0,0.0,6.0,772.0358265560661,,,,,1.038891595602483,,,4.364091692633786e-05,5.45920489067005e-12,0.030083284024605767,derived Kcrit limiting curve; no finite normalization and no K prior
NFW,gas_thin_hstar0p3,15.200000000000001,67.0,1.0000000000000002,-2.0,0.762,0.10380372095595687,70.31713638589436,8.078845503957789,1.0000000000000004,4.0,1.077521248430216,0.0,6.077521248430216,76.39465763432457,11.718785572698676,523341979430.8685,0.8901500693162073,7.765153931270847,1.038891595602483,,,,,,
MOND,gas_thin_hstar0p3,15.200000000000001,67.0,1.0000000000000002,-2.0,0.762,0.10380372095595687,2173.5738766381746,16.955942732769977,1.0000000000000004,4.0,1.077521248430216,0.0,6.077521248430216,2179.6513978866046,,,,,1.038891595602483,1.2e-10,85.8567024939302,,,,
TG_edge_limit,gas_thin_hstar0p3,15.200000000000001,67.0,1.0000000000000002,-2.0,0.762,0.10380372095595687,693.2468931303008,8.327737591321908,1.0000000000000004,4.0,1.077521248430216,0.0,6.077521248430216,699.324414378731,,,,,1.038891595602483,,,4.3303913423523e-05,5.329436569519607e-12,0.030033035048068316,derived Kcrit limiting curve; no finite normalization and no K prior
NFW,gas_mix_hstar0p6,15.200000000000001,67.0,1.0000000000000002,-2.0,0.4765969408345689,-0.1,100.16086177616204,8.816179301017602,1.0000000000000004,4.0,1.0,0.0,6.0,106.16086177616204,11.631695243202817,428247901193.82556,1.0975177865525327,12.517505374886975,1.038891595602483,,,,,,
MOND,gas_mix_hstar0p6,15.200000000000001,67.0,1.0000000000000002,-2.0,0.4765969408345689,-0.1,1299.5206699455237,10.844314333474989,1.0000000000000004,4.0,1.0,0.0,6.0,1305.5206699455237,,,,,1.038891595602483,1.2e-10,66.6738419012162,,,,
TG_edge_limit,gas_mix_hstar0p6,15.200000000000001,67.0,1.0000000000000002,-2.0,0.4765969408345689,-0.1,13382.389855513511,35.2989907846181,1.0000000000000004,4.0,1.0,0.0,6.0,13388.389855513511,,,,,1.038891595602483,,,6.756294466912929e-05,7.698881166666387e-12,0.03743758295705888,derived Kcrit limiting curve; no finite normalization and no K prior
NFW,gas_mix_hstar0p6,15.200000000000001,67.0,1.0000000000000002,-2.0,0.5347505628802474,-0.05,91.77525668282794,8.420069916395045,1.0000000000000004,4.0,0.25,0.0,5.25,97.02525668282794,11.63927324867719,435785974539.4048,1.0677062725310948,11.687086880023756,1.038891595602483,,,,,,
MOND,gas_mix_hstar0p6,15.200000000000001,67.0,1.0000000000000002,-2.0,0.5347505628802474,-0.05,948.5340483635251,9.869873236106447,1.0000000000000004,4.0,0.25,0.0,5.25,953.7840483635251,,,,,1.038891595602483,1.2e-10,70.55252062207502,,,,
TG_edge_limit,gas_mix_hstar0p6,15.200000000000001,67.0,1.0000000000000002,-2.0,0.5347505628802474,-0.05,9709.15854637543,29.975203005068593,1.0000000000000004,4.0,0.25,0.0,5.25,9714.40854637543,,,,,1.038891595602483,,,6.14884853945582e-05,1.1413433732332399e-11,0.036363667283448205,derived Kcrit limiting curve; no finite normalization and no K prior
NFW,gas_mix_hstar0p6,15.200000000000001,67.0,1.0000000000000002,-2.0,0.6,0.0,83.16439472621465,8.015689021673722,1.0000000000000004,4.0,0.0,0.0,5.0,88.16439472621465,11.650026935510219,446711296909.09265,1.0317820374288336,10.759250956503694,1.038891595602483,,,,,,
MOND,gas_mix_hstar0p6,15.200000000000001,67.0,1.0000000000000002,-2.0,0.6,0.0,878.6933270496664,10.24834484456305,1.0000000000000004,4.0,0.0,0.0,5.0,883.6933270496664,,,,,1.038891595602483,1.2e-10,74.90446972518694,,,,
TG_edge_limit,gas_mix_hstar0p6,15.200000000000001,67.0,1.0000000000000002,-2.0,0.6,0.0,6468.290234824818,24.364435017029493,1.0000000000000004,4.0,0.0,0.0,5.0,6473.290234824818,,,,,1.038891595602483,,,5.583621979913527e-05,7.160639766948846e-12,0.03540618288985201,derived Kcrit limiting curve; no finite normalization and no K prior
NFW,gas_mix_hstar0p6,15.200000000000001,67.0,1.0000000000000002,-2.0,0.673211072581178,0.05,74.47818717367664,7.616426831993531,1.0000000000000004,4.0,0.25,0.0,5.25,79.72818717367664,11.665579491900324,462998401798.1043,0.9878824988635759,9.72484076423601,1.038891595602483,,,,,,
MOND,gas_mix_hstar0p6,15.200000000000001,67.0,1.0000000000000002,-2.0,0.673211072581178,0.05,1139.3262308836865,12.051606083925083,1.0000000000000004,4.0,0.25,0.0,5.25,1144.5762308836865,,,,,1.038891595602483,1.2e-10,79.7874369310614,,,,
TG_edge_limit,gas_mix_hstar0p6,15.200000000000001,67.0,1.0000000000000002,-2.0,0.673211072581178,0.05,3779.9844079463173,18.52466586355569,1.0000000000000004,4.0,0.25,0.0,5.25,3785.2344079463173,,,,,1.038891595602483,,,5.0602279749467224e-05,9.386604549822318e-12,0.03455362528948863,derived Kcrit limiting curve; no finite normalization and no K prior
NFW,gas_mix_hstar0p6,15.200000000000001,67.0,1.0000000000000002,-2.0,0.7553552470765004,0.1,66.04778920018182,7.243727498943781,1.0000000000000004,4.0,1.0,0.0,6.0,72.04778920018182,11.688657569517249,488267220871.0473,0.9332569114403234,8.575449849131832,1.038891595602483,,,,,,
MOND,gas_mix_hstar0p6,15.200000000000001,67.0,1.0000000000000002,-2.0,0.7553552470765004,0.1,1786.4851195748254,14.950186976480659,1.0000000000000004,4.0,1.0,0.0,6.0,1792.4851195748254,,,,,1.038891595602483,1.2e-10,85.26621624780381,,,,
TG_edge_limit,gas_mix_hstar0p6,15.200000000000001,67.0,1.0000000000000002,-2.0,0.7553552470765004,0.1,1781.9149238350997,12.674796008674898,1.0000000000000004,4.0,1.0,0.0,6.0,1787.9149238350997,,,,,1.038891595602483,,,4.5776631363464524e-05,9.460487080397954e-12,0.03379521398760581,derived Kcrit limiting curve; no finite normalization and no K prior
NFW,gas_mix_hstar0p6,15.200000000000001,67.0,1.0000000000000002,-2.0,0.762,0.10380372095595687,65.4349077460833,7.217332278158622,1.0000000000000004,4.0,1.077521248430216,0.0,6.077521248430216,71.51242899451351,11.690838423259446,490725270698.1625,0.9285549270903624,8.483106651651179,1.038891595602483,,,,,,
MOND,gas_mix_hstar0p6,15.200000000000001,67.0,1.0000000000000002,-2.0,0.762,0.10380372095595687,1853.2880364322486,15.204937342108114,1.0000000000000004,4.0,1.077521248430216,0.0,6.077521248430216,1859.3655576806789,,,,,1.038891595602483,1.2e-10,85.70940208667552,,,,
TG_edge_limit,gas_mix_hstar0p6,15.200000000000001,67.0,1.0000000000000002,-2.0,0.762,0.10380372095595687,1662.4866446545363,12.246294742442949,1.0000000000000004,4.0,1.077521248430216,0.0,6.077521248430216,1668.5641659029666,,,,,1.038891595602483,,,4.542584195323257e-05,7.384507036521895e-12,0.03374108417244466,derived Kcrit limiting curve; no finite normalization and no K prior
NFW,gas_mix_hstar0p3,15.200000000000001,70.0,1.0000000000000002,-1.0,0.4765969408345689,-0.1,97.06604591214581,9.060359487178003,1.0000000000000004,1.0,1.0,0.0,3.0000000000000004,100.06604591214581,11.604350723729718,402115416602.479,1.0916206553722383,12.34868337728991,1.0176782650088638,,,,,,
MOND,gas_mix_hstar0p3,15.200000000000001,70.0,1.0000000000000002,-1.0,0.4765969408345689,-0.1,1339.0777560973104,11.267972502534802,1.0000000000000004,1.0,1.0,0.0,3.0000000000000004,1342.0777560973104,,,,,1.0176782650088638,1.2e-10,67.28890239297972,,,,
TG_edge_limit,gas_mix_hstar0p3,15.200000000000001,70.0,1.0000000000000002,-1.0,0.4765969408345689,-0.1,12495.651635945296,33.22479065510146,1.0000000000000004,1.0,1.0,0.0,3.0000000000000004,12498.651635945296,,,,,1.0176782650088638,,,6.92468067723372e-05,7.719826788175318e-12,0.0354085219914489,derived Kcrit limiting curve; no finite normalization and no K prior
NFW,gas_mix_hstar0p3,15.200000000000001,70.0,1.0000000000000002,-1.0,0.5347505628802474,-0.05,88.93095060402989,8.715812898179891,1.0000000000000004,1.0,0.25,0.0,2.2500000000000004,91.18095060402989,11.611261366992816,408565194959.02997,1.0613104655288932,11.516233595394505,1.0176782650088638,,,,,,
MOND,gas_mix_hstar0p3,15.200000000000001,70.0,1.0000000000000002,-1.0,0.5347505628802474,-0.05,1107.9197289222122,10.999873965531181,1.0000000000000004,1.0,0.25,0.0,2.2500000000000004,1110.1697289222122,,,,,1.0176782650088638,1.2e-10,71.1833040550688,,,,
TG_edge_limit,gas_mix_hstar0p3,15.200000000000001,70.0,1.0000000000000002,-1.0,0.5347505628802474,-0.05,8860.9513769539,27.866085820972938,1.0000000000000004,1.0,0.25,0.0,2.2500000000000004,8863.2013769539,,,,,1.0176782650088638,,,6.291302695094123e-05,5.455285400401654e-12,0.03434815272118935,derived Kcrit limiting curve; no finite normalization and no K prior
NFW,gas_mix_hstar0p3,15.200000000000001,70.0,1.0000000000000002,-1.0,0.6,0.0,80.68447962955045,8.371666233327955,1.0000000000000004,1.0,0.0,0.0,2.0000000000000004,82.68447962955045,11.621317331242567,418135779419.667,1.0246764825664367,10.584649529172065,1.0176782650088638,,,,,,
MOND,gas_mix_hstar0p3,15.200000000000001,70.0,1.0000000000000002,-1.0,0.6,0.0,1180.5969167745473,11.9992897129306,1.0000000000000004,1.0,0.0,0.0,2.0000000000000004,1182.5969167745473,,,,,1.0176782650088638,1.2e-10,75.55289458839698,,,,
TG_edge_limit,gas_mix_hstar0p3,15.200000000000001,70.0,1.0000000000000002,-1.0,0.6,0.0,5704.192578366221,22.24204064847226,1.0000000000000004,1.0,0.0,0.0,2.0000000000000004,5706.192578366221,,,,,1.0176782650088638,,,5.703964802466046e-05,5.854622814406993e-12,0.033406988993080845,derived Kcrit limiting curve; no finite normalization and no K prior
NFW,gas_mix_hstar0p3,15.200000000000001,70.0,1.0000000000000002,-1.0,0.673211072581178,0.05,72.4778128927143,8.04281724330776,1.0000000000000004,1.0,0.25,0.0,2.2500000000000004,74.7278128927143,11.63619593442737,432709006135.47284,0.9797418658827873,9.54425130225195,1.0176782650088638,,,,,,
MOND,gas_mix_hstar0p3,15.200000000000001,70.0,1.0000000000000002,-1.0,0.673211072581178,0.05,1608.4955521908441,14.168806664516044,1.0000000000000004,1.0,0.25,0.0,2.2500000000000004,1610.7455521908441,,,,,1.0176782650088638,1.2e-10,80.45565580453437,,,,
TG_edge_limit,gas_mix_hstar0p3,15.200000000000001,70.0,1.0000000000000002,-1.0,0.673211072581178,0.05,3151.618986268474,16.44445056336692,1.0000000000000004,1.0,0.25,0.0,2.2500000000000004,3153.868986268474,,,,,1.0176782650088638,,,5.161809067592611e-05,7.607016373997497e-12,0.03257231334729047,derived Kcrit limiting curve; no finite normalization and no K prior
NFW,gas_mix_hstar0p3,15.200000000000001,70.0,1.0000000000000002,-1.0,0.7553552470765004,0.1,64.62135909883219,7.752037557479581,1.0000000000000004,1.0,1.0,0.0,3.0000000000000004,67.62135909883219,11.65875384564149,455778511406.7479,0.9235573133593604,8.386047410538675,1.0176782650088638,,,,,,
MOND,gas_mix_hstar0p3,15.200000000000001,70.0,1.0000000000000002,-1.0,0.7553552470765004,0.1,2449.9355754904095,17.227796553231716,1.0000000000000004,1.0,1.0,0.0,3.0000000000000004,2452.9355754904095,,,,,1.0176782650088638,1.2e-10,85.95664436607645,,,,
TG_edge_limit,gas_mix_hstar0p3,15.200000000000001,70.0,1.0000000000000002,-1.0,0.7553552470765004,0.1,1347.706069061817,10.832637136699292,1.0000000000000004,1.0,1.0,0.0,3.0000000000000004,1350.706069061817,,,,,1.0176782650088638,,,4.6633861357131196e-05,5.5759110158518364e-12,0.031832444763675874,derived Kcrit limiting curve; no finite normalization and no K prior
NFW,gas_mix_hstar0p3,15.200000000000001,70.0,1.0000000000000002,-1.0,0.762,0.10380372095595687,64.05474770785861,7.732367188798462,1.0000000000000004,1.0,1.077521248430216,0.0,3.0775212484302163,67.13226895628883,11.660908379373492,458045245331.5281,0.9187065141410552,8.292901635889356,1.0176782650088638,,,,,,
MOND,gas_mix_hstar0p3,15.200000000000001,70.0,1.0000000000000002,-1.0,0.762,0.10380372095595687,2532.693319262385,17.489473210944663,1.0000000000000004,1.0,1.077521248430216,0.0,3.0775212484302163,2535.770840510815,,,,,1.0176782650088638,1.2e-10,86.40162674067597,,,,
TG_edge_limit,gas_mix_hstar0p3,15.200000000000001,70.0,1.0000000000000002,-1.0,0.762,0.10380372095595687,1245.6508039593057,10.442484605345578,1.0000000000000004,1.0,1.077521248430216,0.0,3.0775212484302163,1248.728325207736,,,,,1.0176782650088638,,,4.627207775195262e-05,5.601748224491484e-12,0.031779732783695565,derived Kcrit limiting curve; no finite normalization and no K prior
NFW,gas_thin_hstar0p3,15.200000000000001,70.0,1.0000000000000002,-1.0,0.4765969408345689,-0.1,98.84100220569358,9.078259160936842,1.0000000000000004,1.0,1.0,0.0,3.0000000000000004,101.84100220569358,11.602054397144535,399994847599.8373,1.0927678918354555,12.381346900723358,1.0176782650088638,,,,,,
MOND,gas_thin_hstar0p3,15.200000000000001,70.0,1.0000000000000002,-1.0,0.4765969408345689,-0.1,1377.1098425745552,11.438538203344002,1.0000000000000004,1.0,1.0,0.0,3.0000000000000004,1380.1098425745552,,,,,1.0176782650088638,1.2e-10,67.42947557468538,,,,
TG_edge_limit,gas_thin_hstar0p3,15.200000000000001,70.0,1.0000000000000002,-1.0,0.4765969408345689,-0.1,12340.64100252172,33.01623813926008,1.0000000000000004,1.0,1.0,0.0,3.0000000000000004,12343.64100252172,,,,,1.0176782650088638,,,6.888130068234683e-05,6.892923915810165e-12,0.03544710743683096,derived Kcrit limiting curve; no finite normalization and no K prior
NFW,gas_thin_hstar0p3,15.200000000000001,70.0,1.0000000000000002,-1.0,0.5347505628802474,-0.05,90.6641481422045,8.732124406005182,1.0000000000000004,1.0,0.25,0.0,2.2500000000000004,92.9141481422045,11.608891080725327,406341407626.6925,1.0624522272837187,11.546549647978368,1.0176782650088638,,,,,,
MOND,gas_thin_hstar0p3,15.200000000000001,70.0,1.0000000000000002,-1.0,0.5347505628802474,-0.05,1152.6623394926114,11.199095865107749,1.0000000000000004,1.0,0.25,0.0,2.2500000000000004,1154.9123394926114,,,,,1.0176782650088638,1.2e-10,71.32387723677448,,,,
TG_edge_limit,gas_thin_hstar0p3,15.200000000000001,70.0,1.0000000000000002,-1.0,0.5347505628802474,-0.05,8741.368429967517,27.675483741629012,1.0000000000000004,1.0,0.25,0.0,2.2500000000000004,8743.618429967517,,,,,1.0176782650088638,,,6.261367047569384e-05,8.302243108899519e-12,0.03438469750865746,derived Kcrit limiting curve; no finite normalization and no K prior
NFW,gas_thin_hstar0p3,15.200000000000001,70.0,1.0000000000000002,-1.0,0.6,0.0,82.35887581177562,8.386066582917692,1.0000000000000004,1.0,0.0,0.0,2.0000000000000004,84.35887581177562,11.618859506858724,415776086247.88,1.0258076348855796,10.612253970394232,1.0176782650088638,,,,,,
MOND,gas_thin_hstar0p3,15.200000000000001,70.0,1.0000000000000002,-1.0,0.6,0.0,1231.9014576929715,12.20450561205829,1.0000000000000004,1.0,0.0,0.0,2.0000000000000004,1233.9014576929715,,,,,1.0176782650088638,1.2e-10,75.69346777010266,,,,
TG_edge_limit,gas_thin_hstar0p3,15.200000000000001,70.0,1.0000000000000002,-1.0,0.6,0.0,5618.6905619623685,22.073337252394616,1.0000000000000004,1.0,0.0,0.0,2.0000000000000004,5620.6905619623685,,,,,1.0176782650088638,,,5.67953857001842e-05,1.108690926403399e-11,0.033441151556525606,derived Kcrit limiting curve; no finite normalization and no K prior
NFW,gas_thin_hstar0p3,15.200000000000001,70.0,1.0000000000000002,-1.0,0.673211072581178,0.05,74.0639533249332,8.05484517389168,1.0000000000000004,1.0,0.25,0.0,2.2500000000000004,76.3139533249332,11.6336341731265,430164110172.35004,0.9808535815269461,9.568714163279425,1.0176782650088638,,,,,,
MOND,gas_thin_hstar0p3,15.200000000000001,70.0,1.0000000000000002,-1.0,0.673211072581178,0.05,1666.17537776564,14.361638428948048,1.0000000000000004,1.0,0.25,0.0,2.2500000000000004,1668.42537776564,,,,,1.0176782650088638,1.2e-10,80.59622898624005,,,,
TG_edge_limit,gas_thin_hstar0p3,15.200000000000001,70.0,1.0000000000000002,-1.0,0.673211072581178,0.05,3098.82174082166,16.307423824189915,1.0000000000000004,1.0,0.25,0.0,2.2500000000000004,3101.07174082166,,,,,1.0176782650088638,,,5.1419435351750144e-05,6.915309704484116e-12,0.032603932906901924,derived Kcrit limiting curve; no finite normalization and no K prior
NFW,gas_thin_hstar0p3,15.200000000000001,70.0,1.0000000000000002,-1.0,0.7553552470765004,0.1,66.0669439420622,7.760993032129212,1.0000000000000004,1.0,1.0,0.0,3.0000000000000004,69.0669439420622,11.656069034650294,452969577390.2232,0.9246337322796714,8.406858395983543,1.0176782650088638,,,,,,
MOND,gas_thin_hstar0p3,15.200000000000001,70.0,1.0000000000000002,-1.0,0.7553552470765004,0.1,2513.7697314374514,17.40169169416475,1.0000000000000004,1.0,1.0,0.0,3.0000000000000004,2516.7697314374514,,,,,1.0176782650088638,1.2e-10,86.09721754778212,,,,
TG_edge_limit,gas_thin_hstar0p3,15.200000000000001,70.0,1.0000000000000002,-1.0,0.7553552470765004,0.1,1326.2279979916286,10.757454281477392,1.0000000000000004,1.0,1.0,0.0,3.0000000000000004,1329.2279979916286,,,,,1.0176782650088638,,,4.6472760257353245e-05,6.522866584550372e-12,0.03186148704826578,derived Kcrit limiting curve; no finite normalization and no K prior
NFW,gas_thin_hstar0p3,15.200000000000001,70.0,1.0000000000000002,-1.0,0.762,0.10380372095595687,65.48647620246331,7.741050071948596,1.0000000000000004,1.0,1.077521248430216,0.0,3.0775212484302163,68.56399745089352,11.658213384882707,455211667479.06824,0.9197792631379924,8.313411217683646,1.0176782650088638,,,,,,
MOND,gas_thin_hstar0p3,15.200000000000001,70.0,1.0000000000000002,-1.0,0.762,0.10380372095595687,2596.985736588401,17.661892913757153,1.0000000000000004,1.0,1.077521248430216,0.0,3.0775212484302163,2600.063257836831,,,,,1.0176782650088638,1.2e-10,86.54219992238164,,,,
TG_edge_limit,gas_thin_hstar0p3,15.200000000000001,70.0,1.0000000000000002,-1.0,0.762,0.10380372095595687,1226.4986944315463,10.374735574370186,1.0000000000000004,1.0,1.077521248430216,0.0,3.0775212484302163,1229.5762156799765,,,,,1.0176782650088638,,,4.611354127355585e-05,6.791539071064228e-12,0.031808580245007545,derived Kcrit limiting curve; no finite normalization and no K prior
NFW,gas_mix_hstar0p6,15.200000000000001,70.0,1.0000000000000002,-1.0,0.4765969408345689,-0.1,99.48757287839356,8.77770005287728,1.0000000000000004,1.0,1.0,0.0,3.0000000000000004,102.48757287839356,11.594536752024796,393130512037.497,1.1087546610318464,12.845607887538119,1.0176782650088638,,,,,,
MOND,gas_mix_hstar0p6,15.200000000000001,70.0,1.0000000000000002,-1.0,0.4765969408345689,-0.1,1637.5078144393428,11.989442500788645,1.0000000000000004,1.0,1.0,0.0,3.0000000000000004,1640.5078144393428,,,,,1.0176782650088638,1.2e-10,67.27378619810297,,,,
TG_edge_limit,gas_mix_hstar0p6,15.200000000000001,70.0,1.0000000000000002,-1.0,0.4765969408345689,-0.1,15022.67005248357,36.644683034130466,1.0000000000000004,1.0,1.0,0.0,3.0000000000000004,15025.67005248357,,,,,1.0176782650088638,,,7.181093468620743e-05,8.44835688404896e-12,0.03949605268999332,derived Kcrit limiting curve; no finite normalization and no K prior
NFW,gas_mix_hstar0p6,15.200000000000001,70.0,1.0000000000000002,-1.0,0.5347505628802474,-0.05,91.32945391229127,8.366322840490259,1.0000000000000004,1.0,0.25,0.0,2.2500000000000004,93.57945391229127,11.599200510490665,397374972154.88214,1.081506349478189,12.064417265040733,1.0176782650088638,,,,,,
MOND,gas_mix_hstar0p6,15.200000000000001,70.0,1.0000000000000002,-1.0,0.5347505628802474,-0.05,1305.189828736771,11.235705854910757,1.0000000000000004,1.0,0.25,0.0,2.2500000000000004,1307.439828736771,,,,,1.0176782650088638,1.2e-10,71.16634340545826,,,,
TG_edge_limit,gas_mix_hstar0p6,15.200000000000001,70.0,1.0000000000000002,-1.0,0.5347505628802474,-0.05,11181.756956434763,31.527835105056894,1.0000000000000004,1.0,0.25,0.0,2.2500000000000004,11184.006956434763,,,,,1.0176782650088638,,,6.534065014363166e-05,1.1859049020960148e-11,0.03836776772032239,derived Kcrit limiting curve; no finite normalization and no K prior
NFW,gas_mix_hstar0p6,15.200000000000001,70.0,1.0000000000000002,-1.0,0.6,0.0,82.93925395260062,7.937076761230458,1.0000000000000004,1.0,0.0,0.0,2.0000000000000004,84.93925395260062,11.606235565316542,403864393325.29016,1.048712712864036,11.186976167344408,1.0176782650088638,,,,,,
MOND,gas_mix_hstar0p6,15.200000000000001,70.0,1.0000000000000002,-1.0,0.6,0.0,1259.7387365876289,11.655390103126711,1.0000000000000004,1.0,0.0,0.0,2.0000000000000004,1261.7387365876289,,,,,1.0176782650088638,1.2e-10,75.53386442653701,,,,
TG_edge_limit,gas_mix_hstar0p6,15.200000000000001,70.0,1.0000000000000002,-1.0,0.6,0.0,7744.078286860382,26.139973827440144,1.0000000000000004,1.0,0.0,0.0,2.0000000000000004,7746.078286860382,,,,,1.0176782650088638,,,5.9322846502424145e-05,7.361031986139006e-12,0.03736212461524313,derived Kcrit limiting curve; no finite normalization and no K prior
NFW,gas_mix_hstar0p6,15.200000000000001,70.0,1.0000000000000002,-1.0,0.673211072581178,0.05,74.34865748909678,7.499114256238152,1.0000000000000004,1.0,0.25,0.0,2.2500000000000004,76.59865748909678,11.61691024470786,413914122679.8884,1.0087084021312884,10.202542255042319,1.0176782650088638,,,,,,
MOND,gas_mix_hstar0p6,15.200000000000001,70.0,1.0000000000000002,-1.0,0.673211072581178,0.05,1550.1711093859594,13.309295120364222,1.0000000000000004,1.0,0.25,0.0,2.2500000000000004,1552.4211093859594,,,,,1.0176782650088638,1.2e-10,80.43430361173911,,,,
TG_edge_limit,gas_mix_hstar0p6,15.200000000000001,70.0,1.0000000000000002,-1.0,0.673211072581178,0.05,4824.6626073080915,20.531974492969727,1.0000000000000004,1.0,0.25,0.0,2.2500000000000004,4826.9126073080915,,,,,1.0176782650088638,,,5.375272827158341e-05,8.585141366864682e-12,0.03646692098584219,derived Kcrit limiting curve; no finite normalization and no K prior
NFW,gas_mix_hstar0p6,15.200000000000001,70.0,1.0000000000000002,-1.0,0.7553552470765004,0.1,65.59558646884813,7.067096526656873,1.0000000000000004,1.0,1.0,0.0,3.0000000000000004,68.59558646884813,11.63334996314347,429882695269.05054,0.9590504081770503,9.100188915918212,1.0176782650088638,,,,,,
MOND,gas_mix_hstar0p6,15.200000000000001,70.0,1.0000000000000002,-1.0,0.7553552470765004,0.1,2232.0870007947,15.977881541575307,1.0000000000000004,1.0,1.0,0.0,3.0000000000000004,2235.0870007947,,,,,1.0176782650088638,1.2e-10,85.93268681172036,,,,
TG_edge_limit,gas_mix_hstar0p6,15.200000000000001,70.0,1.0000000000000002,-1.0,0.7553552470765004,0.1,2555.3538994439905,14.873832955639575,1.0000000000000004,1.0,1.0,0.0,3.0000000000000004,2558.3538994439905,,,,,1.0176782650088638,,,4.861902722344123e-05,9.88981604673085e-12,0.03567074708930336,derived Kcrit limiting curve; no finite normalization and no K prior
NFW,gas_mix_hstar0p6,15.200000000000001,70.0,1.0000000000000002,-1.0,0.762,0.10380372095595687,64.92545425219194,7.035059187073166,1.0000000000000004,1.0,1.077521248430216,0.0,3.0775212484302163,68.00297550062216,11.634927523508487,431447069513.55566,0.9547827903000266,9.011203351181416,1.0176782650088638,,,,,,
MOND,gas_mix_hstar0p6,15.200000000000001,70.0,1.0000000000000002,-1.0,0.762,0.10380372095595687,2301.720607859436,16.214465646083738,1.0000000000000004,1.0,1.077521248430216,0.0,3.0775212484302163,2304.798129107866,,,,,1.0176782650088638,1.2e-10,86.3774584351138,,,,
TG_edge_limit,gas_mix_hstar0p6,15.200000000000001,70.0,1.0000000000000002,-1.0,0.762,0.10380372095595687,2413.4678055458317,14.453192461194014,1.0000000000000004,1.0,1.077521248430216,0.0,3.0775212484302163,2416.5453267942617,,,,,1.0176782650088638,,,4.824591413333446e-05,9.661138173834254e-12,0.03561392802484315,derived Kcrit limiting curve; no finite normalization and no K prior
NFW,gas_mix_hstar0p3,15.200000000000001,73.0,1.0000000000000002,0.0,0.4765969408345689,-0.1,101.35688244671796,9.095869230531557,1.0000000000000004,0.0,1.0,0.0,2.0000000000000004,103.35688244671796,11.569700084328014,371278742367.72754,1.1103758416814205,12.893648950000431,1.0,,,,,,
MOND,gas_mix_hstar0p3,15.200000000000001,73.0,1.0000000000000002,0.0,0.4765969408345689,-0.1,1805.4993348053226,12.605139907548654,1.0000000000000004,0.0,1.0,0.0,2.0000000000000004,1807.4993348053226,,,,,1.0,1.2e-10,66.63360417265865,,,,
TG_edge_limit,gas_mix_hstar0p3,15.200000000000001,73.0,1.0000000000000002,0.0,0.4765969408345689,-0.1,15113.398358494323,35.944945760962966,1.0000000000000004,0.0,1.0,0.0,2.0000000000000004,15115.398358494323,,,,,1.0,,,7.482925565997287e-05,6.0192333608403254e-12,0.03790686148558802,derived Kcrit limiting curve; no finite normalization and no K prior
NFW,gas_mix_hstar0p3,15.200000000000001,73.0,1.0000000000000002,0.0,0.5347505628802474,-0.05,93.65956621053465,8.739301630492943,1.0000000000000004,0.0,0.25,0.0,1.2500000000000004,94.90956621053465,11.572576998477896,373746383077.91626,1.0843020092931217,12.142329370709847,1.0,,,,,,
MOND,gas_mix_hstar0p3,15.200000000000001,73.0,1.0000000000000002,0.0,0.5347505628802474,-0.05,1526.886148715158,12.203730923153397,1.0000000000000004,0.0,0.25,0.0,1.2500000000000004,1528.136148715158,,,,,1.0,1.2e-10,70.61318268936085,,,,
TG_edge_limit,gas_mix_hstar0p3,15.200000000000001,73.0,1.0000000000000002,0.0,0.5347505628802474,-0.05,11207.665747650452,30.8436415408232,1.0000000000000004,0.0,0.25,0.0,1.2500000000000004,11208.915747650452,,,,,1.0,,,6.796565745093071e-05,5.707656937148743e-12,0.036806486269006976,derived Kcrit limiting curve; no finite normalization and no K prior
NFW,gas_mix_hstar0p3,15.200000000000001,73.0,1.0000000000000002,0.0,0.6,0.0,85.77846015040706,8.3702559122248,1.0000000000000004,0.0,0.0,0.0,1.0000000000000004,86.77846015040706,11.577397222924738,377917691377.577,1.0529060717867056,11.295515914284614,1.0,,,,,,
MOND,gas_mix_hstar0p3,15.200000000000001,73.0,1.0000000000000002,0.0,0.6,0.0,1549.931488631614,12.909924188421376,1.0000000000000004,0.0,0.0,0.0,1.0000000000000004,1550.931488631614,,,,,1.0,1.2e-10,75.07834322544436,,,,
TG_edge_limit,gas_mix_hstar0p3,15.200000000000001,73.0,1.0000000000000002,0.0,0.6,0.0,7723.081988467623,25.48317456421983,1.0000000000000004,0.0,0.0,0.0,1.0000000000000004,7724.081988467623,,,,,1.0,,,6.160547270754356e-05,5.871717206063944e-12,0.03582903605834994,derived Kcrit limiting curve; no finite normalization and no K prior
NFW,gas_mix_hstar0p3,15.200000000000001,73.0,1.0000000000000002,0.0,0.673211072581178,0.05,77.72619534914608,7.997875066382865,1.0000000000000004,0.0,0.25,0.0,1.2500000000000004,78.97619534914608,11.585270966265771,384831812531.74335,1.0145847029664001,10.341527781163522,1.0,,,,,,
MOND,gas_mix_hstar0p3,15.200000000000001,73.0,1.0000000000000002,0.0,0.673211072581178,0.05,1924.655063476054,14.718511173077287,1.0000000000000004,0.0,0.25,0.0,1.2500000000000004,1925.905063476054,,,,,1.0,1.2e-10,80.08833574835089,,,,
TG_edge_limit,gas_mix_hstar0p3,15.200000000000001,73.0,1.0000000000000002,0.0,0.673211072581178,0.05,4776.390612288272,19.922756711416227,1.0000000000000004,0.0,0.25,0.0,1.2500000000000004,4777.640612288272,,,,,1.0,,,5.573809011637158e-05,6.333777428769441e-12,0.03496151063656442,derived Kcrit limiting curve; no finite normalization and no K prior
NFW,gas_mix_hstar0p3,15.200000000000001,73.0,1.0000000000000002,0.0,0.7553552470765004,0.1,69.47189946056616,7.636157260502903,1.0000000000000004,0.0,1.0,0.0,2.0000000000000004,71.47189946056616,11.598073533253599,396345136374.97327,0.9669839121715966,9.267954909076973,1.0,,,,,,
MOND,gas_mix_hstar0p3,15.200000000000001,73.0,1.0000000000000002,0.0,0.7553552470765004,0.1,2707.697613530061,17.43491676708201,1.0000000000000004,0.0,1.0,0.0,2.0000000000000004,2709.697613530061,,,,,1.0,1.2e-10,85.70963981496688,,,,
TG_edge_limit,gas_mix_hstar0p3,15.200000000000001,73.0,1.0000000000000002,0.0,0.7553552470765004,0.1,2501.367829901128,14.358025259925045,1.0000000000000004,0.0,1.0,0.0,2.0000000000000004,2503.367829901128,,,,,1.0,,,5.0346758516906216e-05,7.752744087562131e-12,0.03419195676618116,derived Kcrit limiting curve; no finite normalization and no K prior
NFW,gas_mix_hstar0p3,15.200000000000001,73.0,1.0000000000000002,0.0,0.762,0.10380372095595687,68.83388333630414,7.609612720861671,1.0000000000000004,0.0,1.077521248430216,0.0,2.0775212484302163,70.91140458473436,11.599329842655719,397493327374.2492,0.9628914973931998,9.181031921536217,1.0,,,,,,
MOND,gas_mix_hstar0p3,15.200000000000001,73.0,1.0000000000000002,0.0,0.762,0.10380372095595687,2785.7437364471234,17.67230981605674,1.0000000000000004,0.0,1.077521248430216,0.0,2.0775212484302163,2787.8212576955534,,,,,1.0,1.2e-10,86.16435467283733,,,,
TG_edge_limit,gas_mix_hstar0p3,15.200000000000001,73.0,1.0000000000000002,0.0,0.762,0.10380372095595687,2359.989855547962,13.94816507204735,1.0000000000000004,0.0,1.077521248430216,0.0,2.0775212484302163,2362.067376796392,,,,,1.0,,,4.995552260235858e-05,6.75178412923372e-12,0.034137108554706704,derived Kcrit limiting curve; no finite normalization and no K prior
NFW,gas_thin_hstar0p3,15.200000000000001,73.0,1.0000000000000002,0.0,0.4765969408345689,-0.1,103.19541519207644,9.122138302076225,1.0000000000000004,0.0,1.0,0.0,2.0000000000000004,105.19541519207644,11.567414550551497,369329969828.78784,1.111669587733812,12.93211588659632,1.0,,,,,,
MOND,gas_thin_hstar0p3,15.200000000000001,73.0,1.0000000000000002,0.0,0.4765969408345689,-0.1,1851.781186504973,12.781309185051349,1.0000000000000004,0.0,1.0,0.0,2.0000000000000004,1853.781186504973,,,,,1.0,1.2e-10,66.77924629081869,,,,
TG_edge_limit,gas_thin_hstar0p3,15.200000000000001,73.0,1.0000000000000002,0.0,0.4765969408345689,-0.1,14965.475574402106,35.7638502015339,1.0000000000000004,0.0,1.0,0.0,2.0000000000000004,14967.475574402106,,,,,1.0,,,7.445796482781555e-05,5.611122791999354e-12,0.037941527769058535,derived Kcrit limiting curve; no finite normalization and no K prior
NFW,gas_thin_hstar0p3,15.200000000000001,73.0,1.0000000000000002,0.0,0.5347505628802474,-0.05,95.48183819558537,8.764380363528929,1.0000000000000004,0.0,0.25,0.0,1.2500000000000004,96.73183819558537,11.570210154959359,371715058380.5492,1.0856091093314297,12.178929299406613,1.0,,,,,,
MOND,gas_thin_hstar0p3,15.200000000000001,73.0,1.0000000000000002,0.0,0.5347505628802474,-0.05,1578.6877069146437,12.404436040435785,1.0000000000000004,0.0,0.25,0.0,1.2500000000000004,1579.9377069146437,,,,,1.0,1.2e-10,70.7588248075209,,,,
TG_edge_limit,gas_thin_hstar0p3,15.200000000000001,73.0,1.0000000000000002,0.0,0.5347505628802474,-0.05,11091.273858954355,30.678625323861798,1.0000000000000004,0.0,0.25,0.0,1.2500000000000004,11092.523858954355,,,,,1.0,,,6.76615906205432e-05,7.346615301649993e-12,0.036839515074211286,derived Kcrit limiting curve; no finite normalization and no K prior
NFW,gas_thin_hstar0p3,15.200000000000001,73.0,1.0000000000000002,0.0,0.6,0.0,87.58222045787794,8.393944590991877,1.0000000000000004,0.0,0.0,0.0,1.0000000000000004,88.58222045787794,11.574932179469991,375778717146.7243,1.054227195003125,11.329929174161716,1.0,,,,,,
MOND,gas_thin_hstar0p3,15.200000000000001,73.0,1.0000000000000002,0.0,0.6,0.0,1607.147655889293,13.117439026601964,1.0000000000000004,0.0,0.0,0.0,1.0000000000000004,1608.147655889293,,,,,1.0,1.2e-10,75.2239853436044,,,,
TG_edge_limit,gas_thin_hstar0p3,15.200000000000001,73.0,1.0000000000000002,0.0,0.6,0.0,7637.069319514324,25.337191159286014,1.0000000000000004,0.0,0.0,0.0,1.0000000000000004,7638.069319514324,,,,,1.0,,,6.135737657615545e-05,9.232351161969958e-12,0.035860059620962365,derived Kcrit limiting curve; no finite normalization and no K prior
NFW,gas_thin_hstar0p3,15.200000000000001,73.0,1.0000000000000002,0.0,0.673211072581178,0.05,79.5057206238461,8.019911971537367,1.0000000000000004,0.0,0.25,0.0,1.2500000000000004,80.7557206238461,11.582685779795439,382547862609.9174,1.0159197724203066,10.373367700355839,1.0,,,,,,
MOND,gas_thin_hstar0p3,15.200000000000001,73.0,1.0000000000000002,0.0,0.673211072581178,0.05,1987.1396647381903,14.916050352112372,1.0000000000000004,0.0,0.25,0.0,1.2500000000000004,1988.3896647381903,,,,,1.0,1.2e-10,80.23397786651093,,,,
TG_edge_limit,gas_thin_hstar0p3,15.200000000000001,73.0,1.0000000000000002,0.0,0.673211072581178,0.05,4719.57148757577,19.802174401231984,1.0000000000000004,0.0,0.25,0.0,1.2500000000000004,4720.82148757577,,,,,1.0,,,5.553631684632545e-05,6.976125718231944e-12,0.034990337786247175,derived Kcrit limiting curve; no finite normalization and no K prior
NFW,gas_thin_hstar0p3,15.200000000000001,73.0,1.0000000000000002,0.0,0.7553552470765004,0.1,71.21361713024334,7.656171159353619,1.0000000000000004,0.0,1.0,0.0,2.0000000000000004,73.21361713024334,11.595339016986712,393857406667.05396,0.9683311493019285,9.29674993257063,1.0,,,,,,
MOND,gas_thin_hstar0p3,15.200000000000001,73.0,1.0000000000000002,0.0,0.7553552470765004,0.1,2775.267831823603,17.61448305353736,1.0000000000000004,0.0,1.0,0.0,2.0000000000000004,2777.267831823603,,,,,1.0,1.2e-10,85.8552819331269,,,,
TG_edge_limit,gas_thin_hstar0p3,15.200000000000001,73.0,1.0000000000000002,0.0,0.7553552470765004,0.1,2472.540943893387,14.278837997442539,1.0000000000000004,0.0,1.0,0.0,2.0000000000000004,2474.540943893387,,,,,1.0,,,5.018312430376389e-05,6.1667251139868724e-12,0.034218521350227085,derived Kcrit limiting curve; no finite normalization and no K prior
NFW,gas_thin_hstar0p3,15.200000000000001,73.0,1.0000000000000002,0.0,0.762,0.10380372095595687,70.57177444153369,7.629452572309924,1.0000000000000004,0.0,1.077521248430216,0.0,2.0775212484302163,72.6492956899639,11.596582498878382,394986724172.5633,0.9642394995797647,9.209573103748275,1.0,,,,,,
MOND,gas_thin_hstar0p3,15.200000000000001,73.0,1.0000000000000002,0.0,0.762,0.10380372095595687,2853.6924224059217,17.850407001985843,1.0000000000000004,0.0,1.077521248430216,0.0,2.0775212484302163,2855.7699436543517,,,,,1.0,1.2e-10,86.30999679099737,,,,
TG_edge_limit,gas_thin_hstar0p3,15.200000000000001,73.0,1.0000000000000002,0.0,0.762,0.10380372095595687,2333.243180245878,13.873397290659018,1.0000000000000004,0.0,1.077521248430216,0.0,2.0775212484302163,2335.320701494308,,,,,1.0,,,4.9794492846402156e-05,6.414467081755238e-12,0.03416350095207902,derived Kcrit limiting curve; no finite normalization and no K prior
NFW,gas_mix_hstar0p6,15.200000000000001,73.0,1.0000000000000002,0.0,0.4765969408345689,-0.1,104.18675261097172,8.883776026579417,1.0000000000000004,0.0,1.0,0.0,2.0000000000000004,106.18675261097172,11.561647112891189,364457685539.3174,1.1255078546168427,13.350817355303592,1.0,,,,,,
MOND,gas_mix_hstar0p6,15.200000000000001,73.0,1.0000000000000002,0.0,0.4765969408345689,-0.1,2139.3001105910744,13.424398053676281,1.0000000000000004,0.0,1.0,0.0,2.0000000000000004,2141.3001105910744,,,,,1.0,1.2e-10,66.61472981067944,,,,
TG_edge_limit,gas_mix_hstar0p6,15.200000000000001,73.0,1.0000000000000002,0.0,0.4765969408345689,-0.1,17703.460356889307,39.11538204173252,1.0000000000000004,0.0,1.0,0.0,2.0000000000000004,17705.460356889307,,,,,1.0,,,7.741569512972795e-05,8.762087995049672e-12,0.04207020850832895,derived Kcrit limiting curve; no finite normalization and no K prior
NFW,gas_mix_hstar0p6,15.200000000000001,73.0,1.0000000000000002,0.0,0.5347505628802474,-0.05,96.75256509192391,8.477428399441425,1.0000000000000004,0.0,0.25,0.0,1.2500000000000004,98.00256509192391,11.562754277712957,365387997875.7929,1.1020895883875441,12.649972703752855,1.0,,,,,,
MOND,gas_mix_hstar0p6,15.200000000000001,73.0,1.0000000000000002,0.0,0.5347505628802474,-0.05,1766.462625856805,12.648697508804823,1.0000000000000004,0.0,0.25,0.0,1.2500000000000004,1767.712625856805,,,,,1.0,1.2e-10,70.592005306907,,,,
TG_edge_limit,gas_mix_hstar0p6,15.200000000000001,73.0,1.0000000000000002,0.0,0.5347505628802474,-0.05,13631.93794084016,34.24450757151397,1.0000000000000004,0.0,0.25,0.0,1.2500000000000004,13633.18794084016,,,,,1.0,,,7.04120239281935e-05,8.898955003385512e-12,0.0409055218548597,derived Kcrit limiting curve; no finite normalization and no K prior
NFW,gas_mix_hstar0p6,15.200000000000001,73.0,1.0000000000000002,0.0,0.6,0.0,89.17355995375556,8.045231456854609,1.0000000000000004,0.0,0.0,0.0,1.0000000000000004,90.17355995375556,11.565228113930711,367475266837.6717,1.0740013637421646,11.857724716438462,1.0,,,,,,
MOND,gas_mix_hstar0p6,15.200000000000001,73.0,1.0000000000000002,0.0,0.6,0.0,1679.674549921462,12.87746971952358,1.0000000000000004,0.0,0.0,0.0,1.0000000000000004,1680.674549921462,,,,,1.0,1.2e-10,75.05458181151731,,,,
TG_edge_limit,gas_mix_hstar0p6,15.200000000000001,73.0,1.0000000000000002,0.0,0.6,0.0,9915.62735963547,29.117234124594564,1.0000000000000004,0.0,0.0,0.0,1.0000000000000004,9916.62735963547,,,,,1.0,,,6.390437239503528e-05,6.367091358194495e-12,0.03986688761422007,derived Kcrit limiting curve; no finite normalization and no K prior
NFW,gas_mix_hstar0p6,15.200000000000001,73.0,1.0000000000000002,0.0,0.673211072581178,0.05,81.4641148949274,7.592397498272506,1.0000000000000004,0.0,0.25,0.0,1.2500000000000004,82.7141148949274,11.569893452716187,371444089983.87604,1.039888254429701,10.961961045566351,1.0,,,,,,
MOND,gas_mix_hstar0p6,15.200000000000001,73.0,1.0000000000000002,0.0,0.673211072581178,0.05,1926.7963383773995,14.214254520145426,1.0000000000000004,0.0,0.25,0.0,1.2500000000000004,1928.0463383773995,,,,,1.0,1.2e-10,80.06167500342444,,,,
TG_edge_limit,gas_mix_hstar0p6,15.200000000000001,73.0,1.0000000000000002,0.0,0.673211072581178,0.05,6661.258672647146,23.77236738696086,1.0000000000000004,0.0,0.25,0.0,1.2500000000000004,6662.508672647146,,,,,1.0,,,5.7885858884879524e-05,6.501073330526397e-12,0.03894182067103412,derived Kcrit limiting curve; no finite normalization and no K prior
NFW,gas_mix_hstar0p6,15.200000000000001,73.0,1.0000000000000002,0.0,0.7553552470765004,0.1,73.56586378824441,7.1276747058014545,1.0000000000000004,0.0,1.0,0.0,2.0000000000000004,75.56586378824441,11.578131122505162,378556861627.3389,0.9977918079514109,9.949283543509155,1.0,,,,,,
MOND,gas_mix_hstar0p6,15.200000000000001,73.0,1.0000000000000002,0.0,0.7553552470765004,0.1,2561.9934324638543,16.53830719475253,1.0000000000000004,0.0,1.0,0.0,2.0000000000000004,2563.9934324638543,,,,,1.0,1.2e-10,85.67972596715397,,,,
TG_edge_limit,gas_mix_hstar0p6,15.200000000000001,73.0,1.0000000000000002,0.0,0.7553552470765004,0.1,3991.32483938724,18.324625593173668,1.0000000000000004,0.0,1.0,0.0,2.0000000000000004,3993.32483938724,,,,,1.0,,,5.234289917178562e-05,1.1359840624764568e-11,0.03811864943438189,derived Kcrit limiting curve; no finite normalization and no K prior
NFW,gas_mix_hstar0p6,15.200000000000001,73.0,1.0000000000000002,0.0,0.762,0.10380372095595687,72.95308585761003,7.09218128015144,1.0000000000000004,0.0,1.077521248430216,0.0,2.0775212484302163,75.03060710604025,11.578962761897051,379282462421.58563,0.9941875802846639,9.8670557105048,1.0,,,,,,
MOND,gas_mix_hstar0p6,15.200000000000001,73.0,1.0000000000000002,0.0,0.762,0.10380372095595687,2627.8858828754687,16.749552245799673,1.0000000000000004,0.0,1.077521248430216,0.0,2.0775212484302163,2629.9634041238987,,,,,1.0,1.2e-10,86.13417767715,,,,
TG_edge_limit,gas_mix_hstar0p6,15.200000000000001,73.0,1.0000000000000002,0.0,0.762,0.10380372095595687,3815.9832157857136,17.913135630213205,1.0000000000000004,0.0,1.077521248430216,0.0,2.0775212484302163,3818.0607370341436,,,,,1.0,,,5.194018500751944e-05,9.459750882273946e-12,0.03805988685521908,derived Kcrit limiting curve; no finite normalization and no K prior
NFW,gas_mix_hstar0p3,15.200000000000001,76.0,1.0000000000000002,1.0,0.4765969408345689,-0.1,108.2046455058197,9.203305824713125,1.0000000000000004,1.0,1.0,0.0,3.0000000000000004,111.2046455058197,11.54395752084709,349910939913.1204,1.129409931651202,13.471313147583146,0.9855807153076326,,,,,,
MOND,gas_mix_hstar0p3,15.200000000000001,76.0,1.0000000000000002,1.0,0.4765969408345689,-0.1,2353.4986757916517,14.197098722087464,1.0000000000000004,1.0,1.0,0.0,3.0000000000000004,2356.4986757916517,,,,,0.9855807153076326,1.2e-10,64.10330539223129,,,,
TG_edge_limit,gas_mix_hstar0p3,15.200000000000001,76.0,1.0000000000000002,1.0,0.4765969408345689,-0.1,18865.216637893805,39.88073297341381,1.0000000000000004,1.0,1.0,0.0,3.0000000000000004,18868.216637893805,,,,,0.9855807153076326,,,8.255342640983114e-05,8.775302667671005e-12,0.04068681818675887,derived Kcrit limiting curve; no finite normalization and no K prior
NFW,gas_mix_hstar0p3,15.200000000000001,76.0,1.0000000000000002,1.0,0.5347505628802474,-0.05,101.61528650700504,8.862058713513527,1.0000000000000004,1.0,0.25,0.0,2.2500000000000004,103.86528650700504,11.543125659302502,349241350785.3971,1.1079996120997229,12.823294373129722,0.9855807153076326,,,,,,
MOND,gas_mix_hstar0p3,15.200000000000001,76.0,1.0000000000000002,1.0,0.5347505628802474,-0.05,1975.6930834676602,13.483626173225607,1.0000000000000004,1.0,0.25,0.0,2.2500000000000004,1977.9430834676602,,,,,0.9855807153076326,1.2e-10,68.18081175022151,,,,
TG_edge_limit,gas_mix_hstar0p3,15.200000000000001,76.0,1.0000000000000002,1.0,0.5347505628802474,-0.05,14648.288767107828,35.08384848808898,1.0000000000000004,1.0,0.25,0.0,2.2500000000000004,14650.538767107828,,,,,0.9855807153076326,,,7.494151859320841e-05,6.525149832481147e-12,0.03956975292223592,derived Kcrit limiting curve; no finite normalization and no K prior
NFW,gas_mix_hstar0p3,15.200000000000001,76.0,1.0000000000000002,1.0,0.6,0.0,95.04600317659555,8.502347256890555,1.0000000000000004,1.0,0.0,0.0,2.0000000000000004,97.04600317659555,11.54314922278287,349260300059.0095,1.082362776238652,12.088231714775954,0.9855807153076326,,,,,,
MOND,gas_mix_hstar0p3,15.200000000000001,76.0,1.0000000000000002,1.0,0.6,0.0,1891.6035318275622,13.712563306010628,1.0000000000000004,1.0,0.0,0.0,2.0000000000000004,1893.6035318275622,,,,,0.9855807153076326,1.2e-10,72.7558491314201,,,,
TG_edge_limit,gas_mix_hstar0p3,15.200000000000001,76.0,1.0000000000000002,1.0,0.6,0.0,10779.409120664766,30.037507423055253,1.0000000000000004,1.0,0.0,0.0,2.0000000000000004,10781.409120664766,,,,,0.9855807153076326,,,6.789708318232648e-05,6.480217924876676e-12,0.03857611921243883,derived Kcrit limiting curve; no finite normalization and no K prior
NFW,gas_mix_hstar0p3,15.200000000000001,76.0,1.0000000000000002,1.0,0.673211072581178,0.05,88.57021794273109,8.130093559669039,1.0000000000000004,1.0,0.25,0.0,2.2500000000000004,90.82021794273109,11.544646031940351,350466113061.21814,1.0512933962237563,11.253649797814088,0.9855807153076326,,,,,,
MOND,gas_mix_hstar0p3,15.200000000000001,76.0,1.0000000000000002,1.0,0.673211072581178,0.05,2149.2280326278433,14.981401656376951,1.0000000000000004,1.0,0.25,0.0,2.2500000000000004,2151.4780326278433,,,,,0.9855807153076326,1.2e-10,77.88912550224627,,,,
TG_edge_limit,gas_mix_hstar0p3,15.200000000000001,76.0,1.0000000000000002,1.0,0.673211072581178,0.05,7363.081257693074,24.776445163311372,1.0000000000000004,1.0,0.25,0.0,2.2500000000000004,7365.331257693074,,,,,0.9855807153076326,,,6.140569772634487e-05,5.8307886173518926e-12,0.03769306108821701,derived Kcrit limiting curve; no finite normalization and no K prior
NFW,gas_mix_hstar0p3,15.200000000000001,76.0,1.0000000000000002,1.0,0.7553552470765004,0.1,82.20533699592544,7.754698475980973,1.0000000000000004,1.0,1.0,0.0,3.0000000000000004,85.20533699592544,11.54866165451938,353721660038.14764,1.013060415370168,10.305294690025685,0.9855807153076326,,,,,,
MOND,gas_mix_hstar0p3,15.200000000000001,76.0,1.0000000000000002,1.0,0.7553552470765004,0.1,2802.7718947069593,17.19824532136834,1.0000000000000004,1.0,1.0,0.0,3.0000000000000004,2805.7718947069593,,,,,0.9855807153076326,1.2e-10,83.64875632134542,,,,
TG_edge_limit,gas_mix_hstar0p3,15.200000000000001,76.0,1.0000000000000002,1.0,0.7553552470765004,0.1,4519.291420610642,19.40060221114787,1.0000000000000004,1.0,1.0,0.0,3.0000000000000004,4522.291420610642,,,,,0.9855807153076326,,,5.5446668782242514e-05,5.568424749926162e-12,0.03690873662206281,derived Kcrit limiting curve; no finite normalization and no K prior
NFW,gas_mix_hstar0p3,15.200000000000001,76.0,1.0000000000000002,1.0,0.762,0.10380372095595687,81.72379996424905,7.726371889310377,1.0000000000000004,1.0,1.077521248430216,0.0,3.0775212484302163,84.80132121267927,11.549114896306008,354091006486.0346,1.0097927722144324,10.228048346695516,0.9855807153076326,,,,,,
MOND,gas_mix_hstar0p3,15.200000000000001,76.0,1.0000000000000002,1.0,0.762,0.10380372095595687,2870.379779826193,17.400681726012028,1.0000000000000004,1.0,1.077521248430216,0.0,3.0775212484302163,2873.457301074623,,,,,0.9855807153076326,1.2e-10,84.11466061655102,,,,
TG_edge_limit,gas_mix_hstar0p3,15.200000000000001,76.0,1.0000000000000002,1.0,0.762,0.10380372095595687,4330.159326991018,18.993005748126354,1.0000000000000004,1.0,1.077521248430216,0.0,3.0775212484302163,4333.236848239449,,,,,0.9855807153076326,,,5.5014437607922323e-05,8.609618185495927e-12,0.03685279835585176,derived Kcrit limiting curve; no finite normalization and no K prior
NFW,gas_thin_hstar0p3,15.200000000000001,76.0,1.0000000000000002,1.0,0.4765969408345689,-0.1,110.00163033310405,9.232817013420297,1.0000000000000004,1.0,1.0,0.0,3.0000000000000004,113.00163033310405,11.541895156986476,348253233088.2247,1.130664460643548,13.510283446608593,0.9855807153076326,,,,,,
MOND,gas_thin_hstar0p3,15.200000000000001,76.0,1.0000000000000002,1.0,0.4765969408345689,-0.1,2400.8997618899284,14.353431667511396,1.0000000000000004,1.0,1.0,0.0,3.0000000000000004,2403.8997618899284,,,,,0.9855807153076326,1.2e-10,64.23937755103292,,,,
TG_edge_limit,gas_thin_hstar0p3,15.200000000000001,76.0,1.0000000000000002,1.0,0.4765969408345689,-0.1,18722.53894488405,39.72592399660916,1.0000000000000004,1.0,1.0,0.0,3.0000000000000004,18725.53894488405,,,,,0.9855807153076326,,,8.217310384366995e-05,6.469929507203064e-12,0.04071723957810671,derived Kcrit limiting curve; no finite normalization and no K prior
NFW,gas_thin_hstar0p3,15.200000000000001,76.0,1.0000000000000002,1.0,0.5347505628802474,-0.05,103.39765494312881,8.89078864452715,1.0000000000000004,1.0,0.25,0.0,2.2500000000000004,105.64765494312881,11.540990318536485,347528414116.6694,1.1092762590266008,12.861045036251546,0.9855807153076326,,,,,,
MOND,gas_thin_hstar0p3,15.200000000000001,76.0,1.0000000000000002,1.0,0.5347505628802474,-0.05,2027.7315308713446,13.662505586261055,1.0000000000000004,1.0,0.25,0.0,2.2500000000000004,2029.9815308713446,,,,,0.9855807153076326,1.2e-10,68.31688390902313,,,,
TG_edge_limit,gas_thin_hstar0p3,15.200000000000001,76.0,1.0000000000000002,1.0,0.5347505628802474,-0.05,14533.100304174317,34.94256061656711,1.0000000000000004,1.0,0.25,0.0,2.2500000000000004,14535.350304174317,,,,,0.9855807153076326,,,7.463019901097528e-05,6.93667489118784e-12,0.03959890866269341,derived Kcrit limiting curve; no finite normalization and no K prior
NFW,gas_thin_hstar0p3,15.200000000000001,76.0,1.0000000000000002,1.0,0.6,0.0,96.81650338305819,8.530175175477712,1.0000000000000004,1.0,0.0,0.0,2.0000000000000004,98.81650338305819,11.540925576094537,347476610186.121,1.083664998203933,12.12453239432995,0.9855807153076326,,,,,,
MOND,gas_thin_hstar0p3,15.200000000000001,76.0,1.0000000000000002,1.0,0.6,0.0,1948.1854270445149,13.902434913071707,1.0000000000000004,1.0,0.0,0.0,2.0000000000000004,1950.1854270445149,,,,,0.9855807153076326,1.2e-10,72.89192129022172,,,,
TG_edge_limit,gas_thin_hstar0p3,15.200000000000001,76.0,1.0000000000000002,1.0,0.6,0.0,10690.73777609354,29.911593422165456,1.0000000000000004,1.0,0.0,0.0,2.0000000000000004,10692.73777609354,,,,,0.9855807153076326,,,6.764315850479984e-05,7.636438313182205e-12,0.038603638670608606,derived Kcrit limiting curve; no finite normalization and no K prior
NFW,gas_thin_hstar0p3,15.200000000000001,76.0,1.0000000000000002,1.0,0.673211072581178,0.05,90.33254472829047,8.156876661393353,1.0000000000000004,1.0,0.25,0.0,2.2500000000000004,92.58254472829047,11.542314063679784,348589309177.9156,1.0526252559553273,11.288214567969728,0.9855807153076326,,,,,,
MOND,gas_thin_hstar0p3,15.200000000000001,76.0,1.0000000000000002,1.0,0.673211072581178,0.05,2210.219357240902,15.167856980271175,1.0000000000000004,1.0,0.25,0.0,2.2500000000000004,2212.469357240902,,,,,0.9855807153076326,1.2e-10,78.02519766104787,,,,
TG_edge_limit,gas_thin_hstar0p3,15.200000000000001,76.0,1.0000000000000002,1.0,0.673211072581178,0.05,7299.920459078445,24.66944177960129,1.0000000000000004,1.0,0.25,0.0,2.2500000000000004,7302.170459078445,,,,,0.9855807153076326,,,6.119923842703413e-05,5.6472579513945715e-12,0.03771873794085524,derived Kcrit limiting curve; no finite normalization and no K prior
NFW,gas_thin_hstar0p3,15.200000000000001,76.0,1.0000000000000002,1.0,0.7553552470765004,0.1,83.9635720078505,7.780263890494277,1.0000000000000004,1.0,1.0,0.0,3.0000000000000004,86.9635720078505,11.546194473107677,351717901339.01385,1.0144266639573496,10.337765201772113,0.9855807153076326,,,,,,
MOND,gas_thin_hstar0p3,15.200000000000001,76.0,1.0000000000000002,1.0,0.7553552470765004,0.1,2868.0034966201993,17.371425948747888,1.0000000000000004,1.0,1.0,0.0,3.0000000000000004,2871.0034966201993,,,,,0.9855807153076326,1.2e-10,83.78482848014704,,,,
TG_edge_limit,gas_thin_hstar0p3,15.200000000000001,76.0,1.0000000000000002,1.0,0.7553552470765004,0.1,4480.61626521326,19.319944299249357,1.0000000000000004,1.0,1.0,0.0,3.0000000000000004,4483.61626521326,,,,,0.9855807153076326,,,5.527926658580639e-05,6.446286686381857e-12,0.03693248227402398,derived Kcrit limiting curve; no finite normalization and no K prior
NFW,gas_thin_hstar0p3,15.200000000000001,76.0,1.0000000000000002,1.0,0.762,0.10380372095595687,83.48186915093898,7.751836354623977,1.0000000000000004,1.0,1.077521248430216,0.0,3.0775212484302163,86.55939039936919,11.546636064397273,352075710515.5537,1.0111618489302772,10.260342281448775,0.9855807153076326,,,,,,
MOND,gas_thin_hstar0p3,15.200000000000001,76.0,1.0000000000000002,1.0,0.762,0.10380372095595687,2935.926152267806,17.572640484612247,1.0000000000000004,1.0,1.077521248430216,0.0,3.0775212484302163,2939.003673516236,,,,,0.9855807153076326,1.2e-10,84.25073277535263,,,,
TG_edge_limit,gas_thin_hstar0p3,15.200000000000001,76.0,1.0000000000000002,1.0,0.762,0.10380372095595687,4293.304727453632,18.914871351378817,1.0000000000000004,1.0,1.077521248430216,0.0,3.0775212484302163,4296.3822487020625,,,,,0.9855807153076326,,,5.484970186227904e-05,6.73855954228874e-12,0.03687639598677736,derived Kcrit limiting curve; no finite normalization and no K prior
NFW,gas_mix_hstar0p6,15.200000000000001,76.0,1.0000000000000002,1.0,0.4765969408345689,-0.1,111.73546609239796,9.068844282751906,1.0000000000000004,1.0,1.0,0.0,3.0000000000000004,114.73546609239796,11.537303173039284,344590399079.08374,1.142945930669544,13.897795939467862,0.9855807153076326,,,,,,
MOND,gas_mix_hstar0p6,15.200000000000001,76.0,1.0000000000000002,1.0,0.4765969408345689,-0.1,2751.2576235068527,15.123764299432864,1.0000000000000004,1.0,1.0,0.0,3.0000000000000004,2754.2576235068527,,,,,0.9855807153076326,1.2e-10,64.0775524893747,,,,
TG_edge_limit,gas_mix_hstar0p6,15.200000000000001,76.0,1.0000000000000002,1.0,0.4765969408345689,-0.1,21560.87933071138,42.77202634368693,1.0000000000000004,1.0,1.0,0.0,3.0000000000000004,21563.87933071138,,,,,0.9855807153076326,,,8.520262340074262e-05,1.4037393675268237e-11,0.04493511219501848,derived Kcrit limiting curve; no finite normalization and no K prior
NFW,gas_mix_hstar0p6,15.200000000000001,76.0,1.0000000000000002,1.0,0.5347505628802474,-0.05,105.46532253264247,8.692692418896916,1.0000000000000004,1.0,0.25,0.0,2.2500000000000004,107.71532253264247,11.535088596335463,342837718513.86176,1.123846745468198,13.299850079218245,0.9855807153076326,,,,,,
MOND,gas_mix_hstar0p6,15.200000000000001,76.0,1.0000000000000002,1.0,0.5347505628802474,-0.05,2284.1195607728814,14.143919639575342,1.0000000000000004,1.0,0.25,0.0,2.2500000000000004,2286.3695607728814,,,,,0.9855807153076326,1.2e-10,68.15191651796457,,,,
TG_edge_limit,gas_mix_hstar0p6,15.200000000000001,76.0,1.0000000000000002,1.0,0.5347505628802474,-0.05,17221.739893822814,38.186636124032724,1.0000000000000004,1.0,0.25,0.0,2.2500000000000004,17223.989893822814,,,,,0.9855807153076326,,,7.744270624724249e-05,9.508829748316936e-12,0.043760335414616214,derived Kcrit limiting curve; no finite normalization and no K prior
NFW,gas_mix_hstar0p6,15.200000000000001,76.0,1.0000000000000002,1.0,0.6,0.0,99.27003321605842,8.288190490727299,1.0000000000000004,1.0,0.0,0.0,2.0000000000000004,101.27003321605842,11.533311879446853,341438020133.6898,1.1010604670268849,12.6200323166824,0.9855807153076326,,,,,,
MOND,gas_mix_hstar0p6,15.200000000000001,76.0,1.0000000000000002,1.0,0.6,0.0,2095.9825072828344,13.997600684991339,1.0000000000000004,1.0,0.0,0.0,2.0000000000000004,2097.9825072828344,,,,,0.9855807153076326,1.2e-10,72.72342814758646,,,,
TG_edge_limit,gas_mix_hstar0p6,15.200000000000001,76.0,1.0000000000000002,1.0,0.6,0.0,13173.978209648205,33.358248065545325,1.0000000000000004,1.0,0.0,0.0,2.0000000000000004,13175.978209648205,,,,,0.9855807153076326,,,7.024383009396809e-05,1.186526221313396e-11,0.04271158514555931,derived Kcrit limiting curve; no finite normalization and no K prior
NFW,gas_mix_hstar0p6,15.200000000000001,76.0,1.0000000000000002,1.0,0.673211072581178,0.05,93.25461940297215,7.8584180663605645,1.0000000000000004,1.0,0.25,0.0,2.2500000000000004,95.50461940297215,11.532401776378,340723255303.72144,1.073571948195216,11.846005997822118,0.9855807153076326,,,,,,
MOND,gas_mix_hstar0p6,15.200000000000001,76.0,1.0000000000000002,1.0,0.673211072581178,0.05,2232.831965495147,14.84540650227163,1.0000000000000004,1.0,0.25,0.0,2.2500000000000004,2235.081965495147,,,,,0.9855807153076326,1.2e-10,77.85274856007828,,,,
TG_edge_limit,gas_mix_hstar0p6,15.200000000000001,76.0,1.0000000000000002,1.0,0.673211072581178,0.05,9513.333949499323,28.312127464137802,1.0000000000000004,1.0,0.25,0.0,2.2500000000000004,9515.583949499323,,,,,0.9855807153076326,,,6.359522117882855e-05,1.0259876335807156e-11,0.04177651357312222,derived Kcrit limiting curve; no finite normalization and no K prior
NFW,gas_mix_hstar0p6,15.200000000000001,76.0,1.0000000000000002,1.0,0.7553552470765004,0.1,87.48523206112885,7.409258348382042,1.0000000000000004,1.0,1.0,0.0,3.0000000000000004,90.48523206112885,11.53308965847044,341263356892.9476,1.0399445339780478,10.963381681143936,0.9855807153076326,,,,,,
MOND,gas_mix_hstar0p6,15.200000000000001,76.0,1.0000000000000002,1.0,0.7553552470765004,0.1,2746.5692449640237,16.67136038217857,1.0000000000000004,1.0,1.0,0.0,3.0000000000000004,2749.5692449640237,,,,,0.9855807153076326,1.2e-10,83.60794072092189,,,,
TG_edge_limit,gas_mix_hstar0p6,15.200000000000001,76.0,1.0000000000000002,1.0,0.7553552470765004,0.1,6349.910889550538,23.116466081081267,1.0000000000000004,1.0,1.0,0.0,3.0000000000000004,6352.910889550538,,,,,0.9855807153076326,,,5.747926218763662e-05,7.363021424369339e-12,0.04094357294920151,derived Kcrit limiting curve; no finite normalization and no K prior
NFW,gas_mix_hstar0p6,15.200000000000001,76.0,1.0000000000000002,1.0,0.762,0.10380372095595687,87.056327641804,7.374540205999996,1.0000000000000004,1.0,1.077521248430216,0.0,3.0775212484302163,90.13384889023422,11.533238634330155,341380440404.04724,1.0370810758448004,10.89133398169723,0.9855807153076326,,,,,,
MOND,gas_mix_hstar0p6,15.200000000000001,76.0,1.0000000000000002,1.0,0.762,0.10380372095595687,2802.690072852863,16.84657964662657,1.0000000000000004,1.0,1.077521248430216,0.0,3.0775212484302163,2805.767594101293,,,,,0.9855807153076326,1.2e-10,84.07348596708228,,,,
TG_edge_limit,gas_mix_hstar0p6,15.200000000000001,76.0,1.0000000000000002,1.0,0.762,0.10380372095595687,6133.073001657755,22.71894948829691,1.0000000000000004,1.0,1.077521248430216,0.0,3.0775212484302163,6136.150522906186,,,,,0.9855807153076326,,,5.703517915937786e-05,9.98897937000499e-12,0.040884079873295356,derived Kcrit limiting curve; no finite normalization and no K prior
NFW,gas_mix_hstar0p3,15.200000000000001,79.0,1.0000000000000002,2.0,0.4765969408345689,-0.1,115.78300245256366,9.423005758480073,1.0000000000000004,4.0,1.0,0.0,6.0,121.78300245256366,11.52886551461336,337960165887.975,1.152218247236664,14.197708239005713,0.9742036203646162,,,,,,
MOND,gas_mix_hstar0p3,15.200000000000001,79.0,1.0000000000000002,2.0,0.4765969408345689,-0.1,3247.5606649148485,16.386872282493936,1.0000000000000004,4.0,1.0,0.0,6.0,3253.5606649148485,,,,,0.9742036203646162,1.2e-10,58.6311806239428,,,,
TG_edge_limit,gas_mix_hstar0p3,15.200000000000001,79.0,1.0000000000000002,2.0,0.4765969408345689,-0.1,25163.26940268381,45.80017372569157,1.0000000000000004,4.0,1.0,0.0,6.0,25169.26940268381,,,,,0.9742036203646162,,,9.509016068811176e-05,6.002162253885802e-12,0.04400548743560805,derived Kcrit limiting curve; no finite normalization and no K prior
NFW,gas_mix_hstar0p3,15.200000000000001,79.0,1.0000000000000002,2.0,0.5347505628802474,-0.05,110.7120688061269,9.120696895171598,1.0000000000000004,4.0,0.25,0.0,5.25,115.9620688061269,11.525030228636776,334988754906.50146,1.136355435569058,13.688486612863302,0.9742036203646162,,,,,,
MOND,gas_mix_hstar0p3,15.200000000000001,79.0,1.0000000000000002,2.0,0.5347505628802474,-0.05,2633.253418445085,15.094195044211638,1.0000000000000004,4.0,0.25,0.0,5.25,2638.503418445085,,,,,0.9742036203646162,1.2e-10,62.60334463381034,,,,
TG_edge_limit,gas_mix_hstar0p3,15.200000000000001,79.0,1.0000000000000002,2.0,0.5347505628802474,-0.05,20575.642411052875,41.391443853733335,1.0000000000000004,4.0,0.25,0.0,5.25,20580.892411052875,,,,,0.9742036203646162,,,8.626291316555158e-05,9.52891343420622e-12,0.04288950562133134,derived Kcrit limiting curve; no finite normalization and no K prior
NFW,gas_mix_hstar0p3,15.200000000000001,79.0,1.0000000000000002,2.0,0.6,0.0,105.93176061803028,8.797371499918322,1.0000000000000004,4.0,0.0,0.0,5.0,110.93176061803028,11.521142797916978,332003603838.53925,1.1175424840148596,13.108182643472542,0.9742036203646162,,,,,,
MOND,gas_mix_hstar0p3,15.200000000000001,79.0,1.0000000000000002,2.0,0.6,0.0,2285.4148498775367,14.493520816672971,1.0000000000000004,4.0,0.0,0.0,5.0,2290.4148498775367,,,,,0.9742036203646162,1.2e-10,67.06018595639578,,,,
TG_edge_limit,gas_mix_hstar0p3,15.200000000000001,79.0,1.0000000000000002,2.0,0.6,0.0,16232.957430862365,36.74424197773787,1.0000000000000004,4.0,0.0,0.0,5.0,16237.957430862365,,,,,0.9742036203646162,,,7.810738069839416e-05,7.967481128351453e-12,0.041895182261069475,derived Kcrit limiting curve; no finite normalization and no K prior
NFW,gas_mix_hstar0p3,15.200000000000001,79.0,1.0000000000000002,2.0,0.673211072581178,0.05,101.63425129282956,8.4563183881455,1.0000000000000004,4.0,0.25,0.0,5.25,106.88425129282956,11.517416195899642,329166929155.17566,1.095013619332088,12.445536399521702,0.9742036203646162,,,,,,
MOND,gas_mix_hstar0p3,15.200000000000001,79.0,1.0000000000000002,2.0,0.673211072581178,0.05,2247.6197142745154,14.796298839905772,1.0000000000000004,4.0,0.25,0.0,5.25,2252.8697142745154,,,,,0.9742036203646162,1.2e-10,72.06084416823222,,,,
TG_edge_limit,gas_mix_hstar0p3,15.200000000000001,79.0,1.0000000000000002,2.0,0.673211072581178,0.05,12222.367785531058,31.872726809089162,1.0000000000000004,4.0,0.25,0.0,5.25,12227.617785531058,,,,,0.9742036203646162,,,7.060288667624664e-05,6.304504627822845e-12,0.04101007212651856,derived Kcrit limiting curve; no finite normalization and no K prior
NFW,gas_mix_hstar0p3,15.200000000000001,79.0,1.0000000000000002,2.0,0.7553552470765004,0.1,98.0239857347462,8.103432627286999,1.0000000000000004,4.0,1.0,0.0,6.0,104.0239857347462,11.51423090718287,326761519682.7689,1.0677084554250684,11.687145622965923,0.9742036203646162,,,,,,
MOND,gas_mix_hstar0p3,15.200000000000001,79.0,1.0000000000000002,2.0,0.7553552470765004,0.1,2568.926112469946,16.08174030127964,1.0000000000000004,4.0,1.0,0.0,6.0,2574.926112469946,,,,,0.9742036203646162,1.2e-10,77.6716749655694,,,,
TG_edge_limit,gas_mix_hstar0p3,15.200000000000001,79.0,1.0000000000000002,2.0,0.7553552470765004,0.1,8644.274692307856,26.816852400632367,1.0000000000000004,4.0,1.0,0.0,6.0,8650.274692307856,,,,,0.9742036203646162,,,6.372228529685173e-05,8.284219714597184e-12,0.04022269254338247,derived Kcrit limiting curve; no finite normalization and no K prior
NFW,gas_mix_hstar0p3,15.200000000000001,79.0,1.0000000000000002,2.0,0.762,0.10380372095595687,97.78292639004322,8.076343538504057,1.0000000000000004,4.0,1.077521248430216,0.0,6.077521248430216,103.86044763847343,11.514027288177113,326608353424.5493,1.0653966213569108,11.625097964162507,0.9742036203646162,,,,,,
MOND,gas_mix_hstar0p3,15.200000000000001,79.0,1.0000000000000002,2.0,0.762,0.10380372095595687,2609.5887782165905,16.218296161828018,1.0000000000000004,4.0,1.077521248430216,0.0,6.077521248430216,2615.6662994650205,,,,,0.9742036203646162,1.2e-10,78.12554262658035,,,,
TG_edge_limit,gas_mix_hstar0p3,15.200000000000001,79.0,1.0000000000000002,2.0,0.762,0.10380372095595687,8392.940248935698,26.42689761125626,1.0000000000000004,4.0,1.077521248430216,0.0,6.077521248430216,8399.017770184128,,,,,0.9742036203646162,,,6.32235085974847e-05,7.636272189149276e-12,0.04016648976528982,derived Kcrit limiting curve; no finite normalization and no K prior
NFW,gas_thin_hstar0p3,15.200000000000001,79.0,1.0000000000000002,2.0,0.4765969408345689,-0.1,117.392957115358,9.451772692025532,1.0000000000000004,4.0,1.0,0.0,6.0,123.392957115358,11.527147792129602,336626105080.6501,1.1533161134483272,14.233644459885989,0.9742036203646162,,,,,,
MOND,gas_thin_hstar0p3,15.200000000000001,79.0,1.0000000000000002,2.0,0.4765969408345689,-0.1,3288.987183438638,16.50376181000448,1.0000000000000004,4.0,1.0,0.0,6.0,3294.987183438638,,,,,0.9742036203646162,1.2e-10,58.75016612038377,,,,
TG_edge_limit,gas_thin_hstar0p3,15.200000000000001,79.0,1.0000000000000002,2.0,0.4765969408345689,-0.1,25021.235037087925,45.66824082100089,1.0000000000000004,4.0,1.0,0.0,6.0,25027.235037087925,,,,,0.9742036203646162,,,9.468609450817407e-05,7.746543700055813e-12,0.04402970958645588,derived Kcrit limiting curve; no finite normalization and no K prior
NFW,gas_thin_hstar0p3,15.200000000000001,79.0,1.0000000000000002,2.0,0.5347505628802474,-0.05,112.30405117106878,9.149024250814684,1.0000000000000004,4.0,0.25,0.0,5.25,117.55405117106878,11.523257828582333,333624417541.1407,1.1374759742468459,13.723850367267815,0.9742036203646162,,,,,,
MOND,gas_thin_hstar0p3,15.200000000000001,79.0,1.0000000000000002,2.0,0.5347505628802474,-0.05,2678.733826360932,15.232199186330721,1.0000000000000004,4.0,0.25,0.0,5.25,2683.983826360932,,,,,0.9742036203646162,1.2e-10,62.722330130251294,,,,
TG_edge_limit,gas_thin_hstar0p3,15.200000000000001,79.0,1.0000000000000002,2.0,0.5347505628802474,-0.05,20457.143018265615,41.27019076042085,1.0000000000000004,4.0,0.25,0.0,5.25,20462.393018265615,,,,,0.9742036203646162,,,8.593233545072463e-05,5.79121747478449e-12,0.04291302198014982,derived Kcrit limiting curve; no finite normalization and no K prior
NFW,gas_thin_hstar0p3,15.200000000000001,79.0,1.0000000000000002,2.0,0.6,0.0,107.50802135227778,8.825180949646628,1.0000000000000004,4.0,0.0,0.0,5.0,112.50802135227778,11.519304749259728,330601446367.46173,1.1186896630388987,13.1428533814531,0.9742036203646162,,,,,,
MOND,gas_thin_hstar0p3,15.200000000000001,79.0,1.0000000000000002,2.0,0.6,0.0,2334.8568469241695,14.648627420783678,1.0000000000000004,4.0,0.0,0.0,5.0,2339.8568469241695,,,,,0.9742036203646162,1.2e-10,67.17917145283674,,,,
TG_edge_limit,gas_thin_hstar0p3,15.200000000000001,79.0,1.0000000000000002,2.0,0.6,0.0,16137.186018284796,36.63456785330493,1.0000000000000004,4.0,0.0,0.0,5.0,16142.186018284796,,,,,0.9742036203646162,,,7.783785587266726e-05,7.435470579317326e-12,0.041917608275299556,derived Kcrit limiting curve; no finite normalization and no K prior
NFW,gas_thin_hstar0p3,15.200000000000001,79.0,1.0000000000000002,2.0,0.673211072581178,0.05,103.19879489630178,8.483516696909724,1.0000000000000004,4.0,0.25,0.0,5.25,108.44879489630178,11.515498402733693,327716571513.3194,1.0961923418626498,12.47936082179259,0.9742036203646162,,,,,,
MOND,gas_thin_hstar0p3,15.200000000000001,79.0,1.0000000000000002,2.0,0.673211072581178,0.05,2300.893519191199,14.959151731205546,1.0000000000000004,4.0,0.25,0.0,5.25,2306.143519191199,,,,,0.9742036203646162,1.2e-10,72.17982966467319,,,,
TG_edge_limit,gas_thin_hstar0p3,15.200000000000001,79.0,1.0000000000000002,2.0,0.673211072581178,0.05,12148.48441071312,31.776180541415716,1.0000000000000004,4.0,0.25,0.0,5.25,12153.73441071312,,,,,0.9742036203646162,,,7.03838066067892e-05,9.189329015518052e-12,0.04103117357950756,derived Kcrit limiting curve; no finite normalization and no K prior
NFW,gas_thin_hstar0p3,15.200000000000001,79.0,1.0000000000000002,2.0,0.7553552470765004,0.1,99.58326666347199,8.12991015294812,1.0000000000000004,4.0,1.0,0.0,6.0,105.58326666347199,11.512214836321029,325248150997.6006,1.068924876617779,11.7199261909743,0.9742036203646162,,,,,,
MOND,gas_thin_hstar0p3,15.200000000000001,79.0,1.0000000000000002,2.0,0.7553552470765004,0.1,2625.869630808203,16.24134192450259,1.0000000000000004,4.0,1.0,0.0,6.0,2631.869630808203,,,,,0.9742036203646162,1.2e-10,77.79066046201035,,,,
TG_edge_limit,gas_thin_hstar0p3,15.200000000000001,79.0,1.0000000000000002,2.0,0.7553552470765004,0.1,8591.420157630044,26.736246377811295,1.0000000000000004,4.0,1.0,0.0,6.0,8597.420157630044,,,,,0.9742036203646162,,,6.354468579519181e-05,7.846092620060132e-12,0.04024234491072434,derived Kcrit limiting curve; no finite normalization and no K prior
NFW,gas_thin_hstar0p3,15.200000000000001,79.0,1.0000000000000002,2.0,0.762,0.10380372095595687,99.3421588689346,8.102761269316538,1.0000000000000004,4.0,1.077521248430216,0.0,6.077521248430216,105.41968011736482,11.51200281574836,325089405095.82465,1.0666162070276803,11.657789442385086,0.9742036203646162,,,,,,
MOND,gas_thin_hstar0p3,15.200000000000001,79.0,1.0000000000000002,2.0,0.762,0.10380372095595687,2666.804033111107,16.377275965203783,1.0000000000000004,4.0,1.077521248430216,0.0,6.077521248430216,2672.881554359537,,,,,0.9742036203646162,1.2e-10,78.24452812302131,,,,
TG_edge_limit,gas_thin_hstar0p3,15.200000000000001,79.0,1.0000000000000002,2.0,0.762,0.10380372095595687,8341.650011328376,26.34767989961938,1.0000000000000004,4.0,1.077521248430216,0.0,6.077521248430216,8347.727532576806,,,,,0.9742036203646162,,,6.304874014309752e-05,6.244458712549273e-12,0.04018602918794151,derived Kcrit limiting curve; no finite normalization and no K prior
NFW,gas_mix_hstar0p6,15.200000000000001,79.0,1.0000000000000002,2.0,0.4765969408345689,-0.1,119.57457342939021,9.349388869649584,1.0000000000000004,4.0,1.0,0.0,6.0,125.57457342939021,11.524009222541071,334202136962.264,1.163098505841609,14.557892424616519,0.9742036203646162,,,,,,
MOND,gas_mix_hstar0p6,15.200000000000001,79.0,1.0000000000000002,2.0,0.4765969408345689,-0.1,3734.168563006984,17.43145720480564,1.0000000000000004,4.0,1.0,0.0,6.0,3740.168563006984,,,,,0.9742036203646162,1.2e-10,58.59928429576807,,,,
TG_edge_limit,gas_mix_hstar0p6,15.200000000000001,79.0,1.0000000000000002,2.0,0.4765969408345689,-0.1,27932.720914318143,48.340202410602025,1.0000000000000004,4.0,1.0,0.0,6.0,27938.720914318143,,,,,0.9742036203646162,,,9.789865050214686e-05,1.396637504685486e-11,0.0482725657306489,derived Kcrit limiting curve; no finite normalization and no K prior
NFW,gas_mix_hstar0p6,15.200000000000001,79.0,1.0000000000000002,2.0,0.5347505628802474,-0.05,114.80450797727161,9.025786823100578,1.0000000000000004,4.0,0.25,0.0,5.25,120.05450797727161,11.519242134748223,330553785260.1827,1.1490137409825678,14.093333887171115,0.9742036203646162,,,,,,
MOND,gas_mix_hstar0p6,15.200000000000001,79.0,1.0000000000000002,2.0,0.5347505628802474,-0.05,3043.3562988276044,15.999277490605236,1.0000000000000004,4.0,0.25,0.0,5.25,3048.6062988276044,,,,,0.9742036203646162,1.2e-10,62.567556364973825,,,,
TG_edge_limit,gas_mix_hstar0p6,15.200000000000001,79.0,1.0000000000000002,2.0,0.5347505628802474,-0.05,23279.467946978533,44.11728878248814,1.0000000000000004,4.0,0.25,0.0,5.25,23284.717946978533,,,,,0.9742036203646162,,,8.890722336088326e-05,7.870675130359121e-12,0.04710786398670173,derived Kcrit limiting curve; no finite normalization and no K prior
NFW,gas_mix_hstar0p6,15.200000000000001,79.0,1.0000000000000002,2.0,0.6,0.0,110.35363805773859,8.674783122444614,1.0000000000000004,4.0,0.0,0.0,5.0,115.35363805773859,11.514171815327416,326717062219.62555,1.1323615537295957,13.563180884383069,0.9742036203646162,,,,,,
MOND,gas_mix_hstar0p6,15.200000000000001,79.0,1.0000000000000002,2.0,0.6,0.0,2606.275823315555,15.161391447439838,1.0000000000000004,4.0,0.0,0.0,5.0,2611.275823315555,,,,,0.9742036203646162,1.2e-10,67.02003085831369,,,,
TG_edge_limit,gas_mix_hstar0p6,15.200000000000001,79.0,1.0000000000000002,2.0,0.6,0.0,18826.716549490233,39.66429033444478,1.0000000000000004,4.0,0.0,0.0,5.0,18831.716549490233,,,,,0.9742036203646162,,,8.05824891188538e-05,1.0135810594349306e-11,0.04606681340293559,derived Kcrit limiting curve; no finite normalization and no K prior
NFW,gas_mix_hstar0p6,15.200000000000001,79.0,1.0000000000000002,2.0,0.673211072581178,0.05,106.43496123061489,8.297756793917884,1.0000000000000004,4.0,0.25,0.0,5.25,111.68496123061489,11.50891194728661,322783961454.5524,1.1124964946166496,12.956762394973198,0.9742036203646162,,,,,,
MOND,gas_mix_hstar0p6,15.200000000000001,79.0,1.0000000000000002,2.0,0.673211072581178,0.05,2464.790076348931,15.13575834863734,1.0000000000000004,4.0,0.25,0.0,5.25,2470.040076348931,,,,,0.9742036203646162,1.2e-10,72.01578940714982,,,,
TG_edge_limit,gas_mix_hstar0p6,15.200000000000001,79.0,1.0000000000000002,2.0,0.673211072581178,0.05,14654.532609978187,34.99231109162871,1.0000000000000004,4.0,0.25,0.0,5.25,14659.782609978187,,,,,0.9742036203646162,,,7.290737816111978e-05,1.0380248532375958e-11,0.045137439356568214,derived Kcrit limiting curve; no finite normalization and no K prior
NFW,gas_mix_hstar0p6,15.200000000000001,79.0,1.0000000000000002,2.0,0.7553552470765004,0.1,103.29295453614033,7.898235103581392,1.0000000000000004,4.0,1.0,0.0,6.0,109.29295453614033,11.503687477919081,318924202289.1978,1.0885348642198744,12.261253294115129,0.9742036203646162,,,,,,
MOND,gas_mix_hstar0p6,15.200000000000001,79.0,1.0000000000000002,2.0,0.7553552470765004,0.1,2666.000801132433,16.051535246154252,1.0000000000000004,4.0,1.0,0.0,6.0,2672.000801132433,,,,,0.9742036203646162,1.2e-10,77.62112269218076,,,,
TG_edge_limit,gas_mix_hstar0p6,15.200000000000001,79.0,1.0000000000000002,2.0,0.7553552470765004,0.1,10855.315691602751,30.132088529908767,1.0000000000000004,4.0,1.0,0.0,6.0,10861.315691602751,,,,,0.9742036203646162,,,6.585774839411474e-05,1.47568430233449e-11,0.04430854526421689,derived Kcrit limiting curve; no finite normalization and no K prior
NFW,gas_mix_hstar0p6,15.200000000000001,79.0,1.0000000000000002,2.0,0.762,0.10380372095595687,103.09296938634164,7.867085409718759,1.0000000000000004,4.0,1.077521248430216,0.0,6.077521248430216,109.17049063477185,11.503301699278065,318641031487.4475,1.0865120459189326,12.204276709761787,0.9742036203646162,,,,,,
MOND,gas_mix_hstar0p6,15.200000000000001,79.0,1.0000000000000002,2.0,0.762,0.10380372095595687,2696.79440104083,16.16011495379512,1.0000000000000004,4.0,1.077521248430216,0.0,6.077521248430216,2702.87192228926,,,,,0.9742036203646162,1.2e-10,78.0745456520161,,,,
TG_edge_limit,gas_mix_hstar0p6,15.200000000000001,79.0,1.0000000000000002,2.0,0.762,0.10380372095595687,10584.47393761847,29.75629136030624,1.0000000000000004,4.0,1.077521248430216,0.0,6.077521248430216,10590.5514588669,,,,,0.9742036203646162,,,6.534625001264536e-05,8.338556525472989e-12,0.04424930167120181,derived Kcrit limiting curve; no finite normalization and no K prior
NFW,gas_mix_hstar0p3,16.6,67.0,2.0000000000000004,-2.0,0.4765969408345689,-0.1,104.24278591170405,9.063936576283668,4.000000000000002,4.0,1.0,0.0,9.000000000000002,113.24278591170405,11.66624628936321,463709816049.09845,1.0226499909082574,10.535374812044747,1.038891595602483,,,,,,
MOND,gas_mix_hstar0p3,16.6,67.0,2.0000000000000004,-2.0,0.4765969408345689,-0.1,1089.4676892009645,11.636457019469045,4.000000000000002,4.0,1.0,0.0,9.000000000000002,1098.4676892009645,,,,,1.038891595602483,1.2e-10,64.70274098897418,,,,
TG_edge_limit,gas_mix_hstar0p3,16.6,67.0,2.0000000000000004,-2.0,0.4765969408345689,-0.1,7792.97129421707,26.675946294646852,4.000000000000002,4.0,1.0,0.0,9.000000000000002,7801.97129421707,,,,,1.038891595602483,,,5.927140349870754e-05,5.458464142849019e-12,0.035703991308317966,derived Kcrit limiting curve; no finite normalization and no K prior
NFW,gas_mix_hstar0p3,16.6,67.0,2.0000000000000004,-2.0,0.5347505628802474,-0.05,95.74526044870473,8.767936412490213,4.000000000000002,4.0,0.25,0.0,8.250000000000002,103.99526044870473,11.679138796306995,477681911774.60785,0.9833485304987576,9.623843022981116,1.038891595602483,,,,,,
MOND,gas_mix_hstar0p3,16.6,67.0,2.0000000000000004,-2.0,0.5347505628802474,-0.05,1297.6566832940766,13.152403204788861,4.000000000000002,4.0,0.25,0.0,8.250000000000002,1305.9066832940766,,,,,1.038891595602483,1.2e-10,68.56122162321483,,,,
TG_edge_limit,gas_mix_hstar0p3,16.6,67.0,2.0000000000000004,-2.0,0.5347505628802474,-0.05,4836.37158252525,20.92816203821254,4.000000000000002,4.0,0.25,0.0,8.250000000000002,4844.62158252525,,,,,1.038891595602483,,,5.38449111957188e-05,6.736096654381005e-12,0.03463543292589356,derived Kcrit limiting curve; no finite normalization and no K prior
NFW,gas_mix_hstar0p3,16.6,67.0,2.0000000000000004,-2.0,0.6,0.0,87.51597341545349,8.5030843424612,4.000000000000002,4.0,0.0,0.0,8.000000000000002,95.51597341545349,11.697672096337211,498507958820.5005,0.9351431329289254,8.612775616106795,1.038891595602483,,,,,,
MOND,gas_mix_hstar0p3,16.6,67.0,2.0000000000000004,-2.0,0.6,0.0,1861.3305220956677,15.684307196783246,4.000000000000002,4.0,0.0,0.0,8.000000000000002,1869.3305220956677,,,,,1.038891595602483,1.2e-10,72.89050810039957,,,,
TG_edge_limit,gas_mix_hstar0p3,16.6,67.0,2.0000000000000004,-2.0,0.6,0.0,2500.0931666742217,15.034906645208054,4.000000000000002,4.0,0.0,0.0,8.000000000000002,2508.0931666742217,,,,,1.038891595602483,,,4.8813844426436756e-05,8.108054329315697e-12,0.033687091752112715,derived Kcrit limiting curve; no finite normalization and no K prior
NFW,gas_mix_hstar0p3,16.6,67.0,2.0000000000000004,-2.0,0.673211072581178,0.05,80.27055369342277,8.298126238288022,4.000000000000002,4.0,0.25,0.0,8.250000000000002,88.52055369342277,11.725107409535205,531015758594.158,0.8748561121402034,7.49645800004638,1.038891595602483,,,,,,
MOND,gas_mix_hstar0p3,16.6,67.0,2.0000000000000004,-2.0,0.673211072581178,0.05,2838.919843131158,18.978508653951,4.000000000000002,4.0,0.25,0.0,8.250000000000002,2847.169843131158,,,,,1.038891595602483,1.2e-10,77.74804742176079,,,,
TG_edge_limit,gas_mix_hstar0p3,16.6,67.0,2.0000000000000004,-2.0,0.673211072581178,0.05,932.7685927928454,9.511587975417518,4.000000000000002,4.0,0.25,0.0,8.250000000000002,941.0185927928454,,,,,1.038891595602483,,,4.417061982967963e-05,5.586800352207145e-12,0.03284612194633729,derived Kcrit limiting curve; no finite normalization and no K prior
NFW,gas_mix_hstar0p3,16.6,67.0,2.0000000000000004,-2.0,0.7553552470765004,0.1,75.70004684496296,8.198024251884132,4.000000000000002,4.0,1.0,0.0,9.000000000000002,84.70004684496296,11.767385454676372,585309340414.366,0.7974505660348037,6.272642929905537,1.038891595602483,,,,,,
MOND,gas_mix_hstar0p3,16.6,67.0,2.0000000000000004,-2.0,0.7553552470765004,0.1,4296.739200214887,22.848680820218057,4.000000000000002,4.0,1.0,0.0,9.000000000000002,4305.739200214887,,,,,1.038891595602483,1.2e-10,83.19829618282553,,,,
TG_edge_limit,gas_mix_hstar0p3,16.6,67.0,2.0000000000000004,-2.0,0.7553552470765004,0.1,304.18057958591595,6.930138487312747,4.000000000000002,4.0,1.0,0.0,9.000000000000002,313.18057958591595,,,,,1.038891595602483,,,3.990261988048264e-05,5.6522293179029394e-12,0.03210072977257251,derived Kcrit limiting curve; no finite normalization and no K prior
NFW,gas_mix_hstar0p3,16.6,67.0,2.0000000000000004,-2.0,0.762,0.10380372095595687,75.55367109649265,8.196523026439971,4.000000000000002,4.0,1.077521248430216,0.0,9.077521248430218,84.63119234492287,11.77148339841054,590858378652.478,0.7906518653848268,6.175211907831995,1.038891595602483,,,,,,
MOND,gas_mix_hstar0p3,16.6,67.0,2.0000000000000004,-2.0,0.762,0.10380372095595687,4429.36670508809,23.163169132020354,4.000000000000002,4.0,1.077521248430216,0.0,9.077521248430218,4438.444226336521,,,,,1.038891595602483,1.2e-10,83.63917414661768,,,,
TG_edge_limit,gas_mix_hstar0p3,16.6,67.0,2.0000000000000004,-2.0,0.762,0.10380372095595687,300.1043899113562,7.009679136479267,4.000000000000002,4.0,1.077521248430216,0.0,9.077521248430218,309.1819111597864,,,,,1.038891595602483,,,3.959284936769498e-05,5.9427488844139516e-12,0.03204762625265534,derived Kcrit limiting curve; no finite normalization and no K prior
NFW,gas_thin_hstar0p3,16.6,67.0,2.0000000000000004,-2.0,0.4765969408345689,-0.1,106.56212999360692,9.07231939462911,4.000000000000002,4.0,1.0,0.0,9.000000000000002,115.56212999360692,11.664118032911347,461442968869.17786,1.0234843248274372,10.555634036364982,1.038891595602483,,,,,,
MOND,gas_thin_hstar0p3,16.6,67.0,2.0000000000000004,-2.0,0.4765969408345689,-0.1,1136.374246645734,11.839618070544795,4.000000000000002,4.0,1.0,0.0,9.000000000000002,1145.374246645734,,,,,1.038891595602483,1.2e-10,64.79364281628165,,,,
TG_edge_limit,gas_thin_hstar0p3,16.6,67.0,2.0000000000000004,-2.0,0.4765969408345689,-0.1,7660.912793796056,26.451799539759975,4.000000000000002,4.0,1.0,0.0,9.000000000000002,7669.912793796056,,,,,1.038891595602483,,,5.896390043765957e-05,6.674424300276e-12,0.035744104437978534,derived Kcrit limiting curve; no finite normalization and no K prior
NFW,gas_thin_hstar0p3,16.6,67.0,2.0000000000000004,-2.0,0.5347505628802474,-0.05,97.9276459011707,8.774098203622705,4.000000000000002,4.0,0.25,0.0,8.250000000000002,106.1776459011707,11.676962324225752,475293991603.82086,0.9841365332093462,9.641320791838057,1.038891595602483,,,,,,
MOND,gas_thin_hstar0p3,16.6,67.0,2.0000000000000004,-2.0,0.5347505628802474,-0.05,1351.6439382246192,13.353446477754174,4.000000000000002,4.0,0.25,0.0,8.250000000000002,1359.8939382246192,,,,,1.038891595602483,1.2e-10,68.6521234505223,,,,
TG_edge_limit,gas_thin_hstar0p3,16.6,67.0,2.0000000000000004,-2.0,0.5347505628802474,-0.05,4742.759363112225,20.727790277432504,4.000000000000002,4.0,0.25,0.0,8.250000000000002,4751.009363112225,,,,,1.038891595602483,,,5.359314701194898e-05,8.553119361148236e-12,0.03467326119238345,derived Kcrit limiting curve; no finite normalization and no K prior
NFW,gas_thin_hstar0p3,16.6,67.0,2.0000000000000004,-2.0,0.6,0.0,89.49818110394527,8.506362749378233,4.000000000000002,4.0,0.0,0.0,8.000000000000002,97.49818110394527,11.695447184194446,495960608527.05853,0.9358632816700042,8.627069200545066,1.038891595602483,,,,,,
MOND,gas_thin_hstar0p3,16.6,67.0,2.0000000000000004,-2.0,0.6,0.0,1922.1974920803011,15.870683402648996,4.000000000000002,4.0,0.0,0.0,8.000000000000002,1930.1974920803011,,,,,1.038891595602483,1.2e-10,72.98140992770703,,,,
TG_edge_limit,gas_thin_hstar0p3,16.6,67.0,2.0000000000000004,-2.0,0.6,0.0,2443.4322237388938,14.870468446942105,4.000000000000002,4.0,0.0,0.0,8.000000000000002,2451.4322237388938,,,,,1.038891595602483,,,4.860847998374184e-05,6.607781072083333e-12,0.033722335123287546,derived Kcrit limiting curve; no finite normalization and no K prior
NFW,gas_thin_hstar0p3,16.6,67.0,2.0000000000000004,-2.0,0.673211072581178,0.05,81.9511035677128,8.297524113170951,4.000000000000002,4.0,0.25,0.0,8.250000000000002,90.2011035677128,11.722842463520324,528253597699.50726,0.8754720990242965,7.507098236904594,1.038891595602483,,,,,,
MOND,gas_thin_hstar0p3,16.6,67.0,2.0000000000000004,-2.0,0.673211072581178,0.05,2906.4352369465723,19.14694417877554,4.000000000000002,4.0,0.25,0.0,8.250000000000002,2914.6852369465723,,,,,1.038891595602483,1.2e-10,77.83894924906824,,,,
TG_edge_limit,gas_thin_hstar0p3,16.6,67.0,2.0000000000000004,-2.0,0.673211072581178,0.05,911.5387353736478,9.425791068317894,4.000000000000002,4.0,0.25,0.0,8.250000000000002,919.7887353736478,,,,,1.038891595602483,,,4.400364742090938e-05,5.797999641049861e-12,0.03287865407827166,derived Kcrit limiting curve; no finite normalization and no K prior
NFW,gas_thin_hstar0p3,16.6,67.0,2.0000000000000004,-2.0,0.7553552470765004,0.1,76.91283360177316,8.192052425284631,4.000000000000002,4.0,1.0,0.0,9.000000000000002,85.91283360177316,11.765112986921029,582254678609.5734,0.7978961881735396,6.279082484708111,1.038891595602483,,,,,,
MOND,gas_thin_hstar0p3,16.6,67.0,2.0000000000000004,-2.0,0.7553552470765004,0.1,4370.644716640173,23.000189067129718,4.000000000000002,4.0,1.0,0.0,9.000000000000002,4379.644716640173,,,,,1.038891595602483,1.2e-10,83.28919801013298,,,,
TG_edge_limit,gas_thin_hstar0p3,16.6,67.0,2.0000000000000004,-2.0,0.7553552470765004,0.1,316.8571195179346,7.039682677883408,4.000000000000002,4.0,1.0,0.0,9.000000000000002,325.8571195179346,,,,,1.038891595602483,,,3.976724745490517e-05,7.334258467205348e-12,0.032130544827806834,derived Kcrit limiting curve; no finite normalization and no K prior
NFW,gas_thin_hstar0p3,16.6,67.0,2.0000000000000004,-2.0,0.762,0.10380372095595687,76.72138192669753,8.190064836638054,4.000000000000002,4.0,1.077521248430216,0.0,9.077521248430218,85.79890317512775,11.769213149501567,587777760055.8518,0.7910803235796797,6.181307140027095,1.038891595602483,,,,,,
MOND,gas_thin_hstar0p3,16.6,67.0,2.0000000000000004,-2.0,0.762,0.10380372095595687,4503.747088774425,23.313473779976704,4.000000000000002,4.0,1.077521248430216,0.0,9.077521248430218,4512.824610022855,,,,,1.038891595602483,1.2e-10,83.73007597392512,,,,
TG_edge_limit,gas_thin_hstar0p3,16.6,67.0,2.0000000000000004,-2.0,0.762,0.10380372095595687,315.2981704877195,7.134444244889264,4.000000000000002,4.0,1.077521248430216,0.0,9.077521248430218,324.37569173614975,,,,,1.038891595602483,,,3.945963447561606e-05,5.692403650098664e-12,0.03207723686513679,derived Kcrit limiting curve; no finite normalization and no K prior
NFW,gas_mix_hstar0p6,16.6,67.0,2.0000000000000004,-2.0,0.4765969408345689,-0.1,105.80113052975256,8.645181077281073,4.000000000000002,4.0,1.0,0.0,9.000000000000002,114.80113052975256,11.654103457115813,450924110354.0666,1.0426128889592507,11.030949311499773,1.038891595602483,,,,,,
MOND,gas_mix_hstar0p6,16.6,67.0,2.0000000000000004,-2.0,0.4765969408345689,-0.1,1214.6288665736604,11.49043310510964,4.000000000000002,4.0,1.0,0.0,9.000000000000002,1223.6288665736604,,,,,1.038891595602483,1.2e-10,64.69190024460752,,,,
TG_edge_limit,gas_mix_hstar0p6,16.6,67.0,2.0000000000000004,-2.0,0.4765969408345689,-0.1,9872.312320573299,30.212612147387997,4.000000000000002,4.0,1.0,0.0,9.000000000000002,9881.312320573299,,,,,1.038891595602483,,,6.144300033016766e-05,9.720923245889917e-12,0.0398406427090928,derived Kcrit limiting curve; no finite normalization and no K prior
NFW,gas_mix_hstar0p6,16.6,67.0,2.0000000000000004,-2.0,0.5347505628802474,-0.05,96.75684943727,8.25129608643796,4.000000000000002,4.0,0.25,0.0,8.250000000000002,105.00684943727,11.663926892124536,461239924231.6495,1.0071092482756467,10.165043658927672,1.038891595602483,,,,,,
MOND,gas_mix_hstar0p6,16.6,67.0,2.0000000000000004,-2.0,0.5347505628802474,-0.05,1308.4472674293465,12.482952796675345,4.000000000000002,4.0,0.25,0.0,8.250000000000002,1316.6972674293465,,,,,1.038891595602483,1.2e-10,68.54905810797707,,,,
TG_edge_limit,gas_mix_hstar0p6,16.6,67.0,2.0000000000000004,-2.0,0.5347505628802474,-0.05,6636.772987531774,24.673041232342076,4.000000000000002,4.0,0.25,0.0,8.250000000000002,6645.022987531774,,,,,1.038891595602483,,,5.590086321546385e-05,6.5816635484573975e-12,0.038704063886663684,derived Kcrit limiting curve; no finite normalization and no K prior
NFW,gas_mix_hstar0p6,16.6,67.0,2.0000000000000004,-2.0,0.6,0.0,87.47741402617417,7.8615895789745585,4.000000000000002,4.0,0.0,0.0,8.000000000000002,95.47741402617417,11.678171823362113,476619518258.99347,0.9637855103664412,9.199950917748495,1.038891595602483,,,,,,
MOND,gas_mix_hstar0p6,16.6,67.0,2.0000000000000004,-2.0,0.6,0.0,1739.0999629364765,14.591340682121091,4.000000000000002,4.0,0.0,0.0,8.000000000000002,1747.0999629364765,,,,,1.038891595602483,1.2e-10,72.87686041183363,,,,
TG_edge_limit,gas_mix_hstar0p6,16.6,67.0,2.0000000000000004,-2.0,0.6,0.0,3935.814520775403,18.905636664988563,4.000000000000002,4.0,0.0,0.0,8.000000000000002,3943.814520775403,,,,,1.038891595602483,,,5.074745382772673e-05,9.510611994953375e-12,0.037691123813539486,derived Kcrit limiting curve; no finite normalization and no K prior
NFW,gas_mix_hstar0p6,16.6,67.0,2.0000000000000004,-2.0,0.673211072581178,0.05,78.19840520312299,7.4957832198285645,4.000000000000002,4.0,0.25,0.0,8.250000000000002,86.44840520312299,11.699331829606235,500416740312.7812,0.9099729780123299,8.1277994307648,1.038891595602483,,,,,,
MOND,gas_mix_hstar0p6,16.6,67.0,2.0000000000000004,-2.0,0.673211072581178,0.05,2562.4179050735547,17.570345728122767,4.000000000000002,4.0,0.25,0.0,8.250000000000002,2570.6679050735547,,,,,1.038891595602483,1.2e-10,77.73273446333123,,,,
TG_edge_limit,gas_mix_hstar0p6,16.6,67.0,2.0000000000000004,-2.0,0.673211072581178,0.05,1905.4473417824988,13.120862268922577,4.000000000000002,4.0,0.25,0.0,8.250000000000002,1913.6973417824988,,,,,1.038891595602483,,,4.5978391623967934e-05,8.960303332524578e-12,0.03678949722108705,derived Kcrit limiting curve; no finite normalization and no K prior
NFW,gas_mix_hstar0p6,16.6,67.0,2.0000000000000004,-2.0,0.7553552470765004,0.1,69.56523170486783,7.185700512654967,4.000000000000002,4.0,1.0,0.0,9.000000000000002,78.56523170486783,11.731840474302786,539312485060.4243,0.841528597385689,6.942703164610736,1.038891595602483,,,,,,
MOND,gas_mix_hstar0p6,16.6,67.0,2.0000000000000004,-2.0,0.7553552470765004,0.1,3841.731620120272,21.19960331118249,4.000000000000002,4.0,1.0,0.0,9.000000000000002,3850.731620120272,,,,,1.038891595602483,1.2e-10,83.18111476087759,,,,
TG_edge_limit,gas_mix_hstar0p6,16.6,67.0,2.0000000000000004,-2.0,0.7553552470765004,0.1,701.2450572178811,8.26125140842385,4.000000000000002,4.0,1.0,0.0,9.000000000000002,710.2450572178811,,,,,1.038891595602483,,,4.158378908574277e-05,1.1016252671238401e-11,0.03598766618424513,derived Kcrit limiting curve; no finite normalization and no K prior
NFW,gas_mix_hstar0p6,16.6,67.0,2.0000000000000004,-2.0,0.762,0.10380372095595687,68.97340310712144,7.165714919731326,4.000000000000002,4.0,1.077521248430216,0.0,9.077521248430218,78.05092435555166,11.734978262962198,543223141744.53394,0.835553792121123,6.847842958625235,1.038891595602483,,,,,,
MOND,gas_mix_hstar0p6,16.6,67.0,2.0000000000000004,-2.0,0.762,0.10380372095595687,3959.6935935986335,21.497844703309045,4.000000000000002,4.0,1.077521248430216,0.0,9.077521248430218,3968.7711148470635,,,,,1.038891595602483,1.2e-10,83.62184158213891,,,,
TG_edge_limit,gas_mix_hstar0p6,16.6,67.0,2.0000000000000004,-2.0,0.762,0.10380372095595687,648.3306652221958,8.009554691222121,4.000000000000002,4.0,1.077521248430216,0.0,9.077521248430218,657.408186470626,,,,,1.038891595602483,,,4.1264422716660344e-05,8.686924742307128e-12,0.0359304453342391,derived Kcrit limiting curve; no finite normalization and no K prior
NFW,gas_mix_hstar0p3,16.6,70.0,2.0000000000000004,-1.0,0.4765969408345689,-0.1,107.29344545616263,8.964477138408887,4.000000000000002,1.0,1.0,0.0,6.000000000000002,113.29344545616263,11.626509686301693,423164947685.11566,1.0376433985459401,10.905445169528091,1.0176782650088638,,,,,,
MOND,gas_mix_hstar0p3,16.6,70.0,2.0000000000000004,-1.0,0.4765969408345689,-0.1,1466.299259203329,12.746913429554853,4.000000000000002,1.0,1.0,0.0,6.000000000000002,1472.299259203329,,,,,1.0176782650088638,1.2e-10,64.18072231135861,,,,
TG_edge_limit,gas_mix_hstar0p3,16.6,70.0,2.0000000000000004,-1.0,0.4765969408345689,-0.1,9239.07052804607,28.420848893933265,4.000000000000002,1.0,1.0,0.0,6.000000000000002,9245.07052804607,,,,,1.0176782650088638,,,6.320417122612775e-05,4.810397258632018e-12,0.037712298779657455,derived Kcrit limiting curve; no finite normalization and no K prior
NFW,gas_mix_hstar0p3,16.6,70.0,2.0000000000000004,-1.0,0.5347505628802474,-0.05,98.44291742778309,8.627200006471586,4.000000000000002,1.0,0.25,0.0,5.250000000000002,103.69291742778309,11.635462915631763,431979279369.92957,1.0017740195018292,10.040931851525864,1.0176782650088638,,,,,,
MOND,gas_mix_hstar0p3,16.6,70.0,2.0000000000000004,-1.0,0.5347505628802474,-0.05,1688.4660758616126,14.139261022205822,4.000000000000002,1.0,0.25,0.0,5.250000000000002,1693.7160758616126,,,,,1.0176782650088638,1.2e-10,68.04482836518973,,,,
TG_edge_limit,gas_mix_hstar0p3,16.6,70.0,2.0000000000000004,-1.0,0.5347505628802474,-0.05,6049.449186736909,22.88053374137627,4.000000000000002,1.0,0.25,0.0,5.250000000000002,6054.699186736909,,,,,1.0176782650088638,,,5.7404440583881296e-05,6.087354062745999e-12,0.036601802360164144,derived Kcrit limiting curve; no finite normalization and no K prior
NFW,gas_mix_hstar0p3,16.6,70.0,2.0000000000000004,-1.0,0.6,0.0,89.37837569244125,8.302327308842617,4.000000000000002,1.0,0.0,0.0,5.000000000000002,94.37837569244125,11.648768045648588,445418289339.58264,0.9578644050376413,9.075371356583101,1.0176782650088638,,,,,,
MOND,gas_mix_hstar0p3,16.6,70.0,2.0000000000000004,-1.0,0.6,0.0,2270.8014564499504,16.48259878639546,4.000000000000002,1.0,0.0,0.0,5.000000000000002,2275.8014564499504,,,,,1.0176782650088638,1.2e-10,72.38042666696816,,,,
TG_edge_limit,gas_mix_hstar0p3,16.6,70.0,2.0000000000000004,-1.0,0.6,0.0,3439.5217762656207,17.163271838908273,4.000000000000002,1.0,0.0,0.0,5.000000000000002,3444.5217762656207,,,,,1.0176782650088638,,,5.203018543296739e-05,7.285580802510076e-12,0.03561611884991928,derived Kcrit limiting curve; no finite normalization and no K prior
NFW,gas_mix_hstar0p3,16.6,70.0,2.0000000000000004,-1.0,0.673211072581178,0.05,80.2585894106438,8.01015884396229,4.000000000000002,1.0,0.25,0.0,5.250000000000002,85.5085894106438,11.668978480766123,466636257976.85455,0.9030994109917506,8.000173598375273,1.0176782650088638,,,,,,
MOND,gas_mix_hstar0p3,16.6,70.0,2.0000000000000004,-1.0,0.673211072581178,0.05,3271.153946770908,19.57557609539228,4.000000000000002,1.0,0.25,0.0,5.250000000000002,3276.403946770908,,,,,1.0176782650088638,1.2e-10,77.24504797200383,,,,
TG_edge_limit,gas_mix_hstar0p3,16.6,70.0,2.0000000000000004,-1.0,0.673211072581178,0.05,1551.0933593876591,11.591858814370077,4.000000000000002,1.0,0.25,0.0,5.250000000000002,1556.3433593876591,,,,,1.0176782650088638,,,4.7072527898437094e-05,7.761963448009776e-12,0.034741906044585595,derived Kcrit limiting curve; no finite normalization and no K prior
NFW,gas_mix_hstar0p3,16.6,70.0,2.0000000000000004,-1.0,0.7553552470765004,0.1,71.56755347423359,7.781922131256117,4.000000000000002,1.0,1.0,0.0,6.000000000000002,77.56755347423359,11.700700568669792,501996360697.86505,0.8330579484827998,6.808602007033378,1.0176782650088638,,,,,,
MOND,gas_mix_hstar0p3,16.6,70.0,2.0000000000000004,-1.0,0.7553552470765004,0.1,4755.067899322444,23.25235979677597,4.000000000000002,1.0,1.0,0.0,6.000000000000002,4761.067899322444,,,,,1.0176782650088638,1.2e-10,82.70324284944436,,,,
TG_edge_limit,gas_mix_hstar0p3,16.6,70.0,2.0000000000000004,-1.0,0.7553552470765004,0.1,546.2680821196374,7.633692931676846,4.000000000000002,1.0,1.0,0.0,6.000000000000002,552.2680821196374,,,,,1.0176782650088638,,,4.251734811220698e-05,9.329958599000275e-12,0.03396692419330829,derived Kcrit limiting curve; no finite normalization and no K prior
NFW,gas_mix_hstar0p3,16.6,70.0,2.0000000000000004,-1.0,0.762,0.10380372095595687,70.95512995820911,7.768429215612222,4.000000000000002,1.0,1.077521248430216,0.0,6.077521248430218,77.03265120663933,11.703795503858936,505586540529.3866,0.8269220461886849,6.7130834542898095,1.0176782650088638,,,,,,
MOND,gas_mix_hstar0p3,16.6,70.0,2.0000000000000004,-1.0,0.762,0.10380372095595687,4889.790383248303,23.5525861000627,4.000000000000002,1.0,1.077521248430216,0.0,6.077521248430218,4895.867904496734,,,,,1.0176782650088638,1.2e-10,83.1447635852936,,,,
TG_edge_limit,gas_mix_hstar0p3,16.6,70.0,2.0000000000000004,-1.0,0.762,0.10380372095595687,511.07524413279657,7.510577943835253,4.000000000000002,1.0,1.077521248430216,0.0,6.077521248430218,517.1527653812268,,,,,1.0176782650088638,,,4.218680038850449e-05,7.658251789229625e-12,0.03391170758468339,derived Kcrit limiting curve; no finite normalization and no K prior
NFW,gas_thin_hstar0p3,16.6,70.0,2.0000000000000004,-1.0,0.4765969408345689,-0.1,110.17457380434938,8.986216678791724,4.000000000000002,1.0,1.0,0.0,6.000000000000002,116.17457380434938,11.62424823284787,420967174894.75085,1.038760241313515,10.93352598169131,1.0176782650088638,,,,,,
MOND,gas_thin_hstar0p3,16.6,70.0,2.0000000000000004,-1.0,0.4765969408345689,-0.1,1523.2652594680953,12.96336158814229,4.000000000000002,1.0,1.0,0.0,6.000000000000002,1529.2652594680953,,,,,1.0176782650088638,1.2e-10,64.27597351838047,,,,
TG_edge_limit,gas_thin_hstar0p3,16.6,70.0,2.0000000000000004,-1.0,0.4765969408345689,-0.1,9114.971756716044,28.227788422525997,4.000000000000002,1.0,1.0,0.0,6.000000000000002,9120.971756716044,,,,,1.0176782650088638,,,6.289395963645237e-05,7.472021906246926e-12,0.03774976503051026,derived Kcrit limiting curve; no finite normalization and no K prior
NFW,gas_thin_hstar0p3,16.6,70.0,2.0000000000000004,-1.0,0.5347505628802474,-0.05,101.25810261012485,8.64726290281437,4.000000000000002,1.0,0.25,0.0,5.250000000000002,106.50810261012485,11.63312519483495,429660267835.989,1.0028769229163743,10.06646349421314,1.0176782650088638,,,,,,
MOND,gas_thin_hstar0p3,16.6,70.0,2.0000000000000004,-1.0,0.5347505628802474,-0.05,1751.0443418985137,14.35044408724449,4.000000000000002,1.0,0.25,0.0,5.250000000000002,1756.2943418985137,,,,,1.0176782650088638,1.2e-10,68.14007957221159,,,,
TG_edge_limit,gas_thin_hstar0p3,16.6,70.0,2.0000000000000004,-1.0,0.5347505628802474,-0.05,5959.830550135825,22.709403804063616,4.000000000000002,1.0,0.25,0.0,5.250000000000002,5965.080550135825,,,,,1.0176782650088638,,,5.7150516109546505e-05,8.390205030853055e-12,0.036637201909986726,derived Kcrit limiting curve; no finite normalization and no K prior
NFW,gas_thin_hstar0p3,16.6,70.0,2.0000000000000004,-1.0,0.6,0.0,92.09437674437076,8.32025833573539,4.000000000000002,1.0,0.0,0.0,5.000000000000002,97.09437674437076,11.64634124612573,442936272061.09357,0.9589435057939663,9.097949163400491,1.0176782650088638,,,,,,
MOND,gas_thin_hstar0p3,16.6,70.0,2.0000000000000004,-1.0,0.6,0.0,2338.8597708857856,16.677523937378144,4.000000000000002,1.0,0.0,0.0,5.000000000000002,2343.8597708857856,,,,,1.0176782650088638,1.2e-10,72.47567787399004,,,,
TG_edge_limit,gas_thin_hstar0p3,16.6,70.0,2.0000000000000004,-1.0,0.6,0.0,3383.0881458016884,17.02343155616176,4.000000000000002,1.0,0.0,0.0,5.000000000000002,3388.0881458016884,,,,,1.0176782650088638,,,5.182309574321668e-05,5.698610079173599e-12,0.035649149202839084,derived Kcrit limiting curve; no finite normalization and no K prior
NFW,gas_thin_hstar0p3,16.6,70.0,2.0000000000000004,-1.0,0.673211072581178,0.05,82.81796540243148,8.025248628255552,4.000000000000002,1.0,0.25,0.0,5.250000000000002,88.06796540243148,11.666448904118992,463926204640.49146,0.9041372581377423,8.019314726133507,1.0176782650088638,,,,,,
MOND,gas_thin_hstar0p3,16.6,70.0,2.0000000000000004,-1.0,0.673211072581178,0.05,3344.525449279464,19.75108397536774,4.000000000000002,1.0,0.25,0.0,5.250000000000002,3349.775449279464,,,,,1.0176782650088638,1.2e-10,77.34029917902569,,,,
TG_edge_limit,gas_thin_hstar0p3,16.6,70.0,2.0000000000000004,-1.0,0.673211072581178,0.05,1526.5194055258119,11.510616461855678,4.000000000000002,1.0,0.25,0.0,5.250000000000002,1531.7694055258119,,,,,1.0176782650088638,,,4.690417620279069e-05,6.210185249856333e-12,0.03477243272398836,derived Kcrit limiting curve; no finite normalization and no K prior
NFW,gas_thin_hstar0p3,16.6,70.0,2.0000000000000004,-1.0,0.7553552470765004,0.1,73.86837423636457,7.7930204084392045,4.000000000000002,1.0,1.0,0.0,6.000000000000002,79.86837423636457,11.698057590467009,498950647397.2492,0.8340214488336831,6.823723941567195,1.0176782650088638,,,,,,
MOND,gas_thin_hstar0p3,16.6,70.0,2.0000000000000004,-1.0,0.7553552470765004,0.1,4833.5548011813835,23.409400861359416,4.000000000000002,1.0,1.0,0.0,6.000000000000002,4839.5548011813835,,,,,1.0176782650088638,1.2e-10,82.79849405646623,,,,
TG_edge_limit,gas_thin_hstar0p3,16.6,70.0,2.0000000000000004,-1.0,0.7553552470765004,0.1,552.2174764249135,7.692923162907915,4.000000000000002,1.0,1.0,0.0,6.000000000000002,558.2174764249135,,,,,1.0176782650088638,,,4.238087209605239e-05,5.9163253770642606e-12,0.03399492965740063,derived Kcrit limiting curve; no finite normalization and no K prior
NFW,gas_thin_hstar0p3,16.6,70.0,2.0000000000000004,-1.0,0.762,0.10380372095595687,73.23011770020102,7.779158370965656,4.000000000000002,1.0,1.077521248430216,0.0,6.077521248430218,79.30763894863124,11.701143792939815,502508940420.5324,0.8278777434091986,6.727872358435288,1.0176782650088638,,,,,,
MOND,gas_thin_hstar0p3,16.6,70.0,2.0000000000000004,-1.0,0.762,0.10380372095595687,4968.65755210109,23.708308384427077,4.000000000000002,1.0,1.077521248430216,0.0,6.077521248430218,4974.7350733495205,,,,,1.0176782650088638,1.2e-10,83.24001479231549,,,,
TG_edge_limit,gas_thin_hstar0p3,16.6,70.0,2.0000000000000004,-1.0,0.762,0.10380372095595687,519.2920186278214,7.584427184255555,4.000000000000002,1.0,1.077521248430216,0.0,6.077521248430218,525.3695398762517,,,,,1.0176782650088638,,,4.205250044217123e-05,6.543449200993482e-12,0.033939522961920966,derived Kcrit limiting curve; no finite normalization and no K prior
NFW,gas_mix_hstar0p6,16.6,70.0,2.0000000000000004,-1.0,0.4765969408345689,-0.1,110.2134367479176,8.626091101840201,4.000000000000002,1.0,1.0,0.0,6.000000000000002,116.2134367479176,11.615967852684683,413016928548.8503,1.056063387762526,11.377933411477596,1.0176782650088638,,,,,,
MOND,gas_mix_hstar0p6,16.6,70.0,2.0000000000000004,-1.0,0.4765969408345689,-0.1,1610.7401150239778,12.752469941517742,4.000000000000002,1.0,1.0,0.0,6.000000000000002,1616.7401150239778,,,,,1.0176782650088638,1.2e-10,64.16945664541886,,,,
TG_edge_limit,gas_mix_hstar0p6,16.6,70.0,2.0000000000000004,-1.0,0.4765969408345689,-0.1,11391.058894611182,31.76812130510665,4.000000000000002,1.0,1.0,0.0,6.000000000000002,11397.058894611182,,,,,1.0176782650088638,,,6.539395440162402e-05,6.005911976676886e-12,0.04191903206768516,derived Kcrit limiting curve; no finite normalization and no K prior
NFW,gas_mix_hstar0p6,16.6,70.0,2.0000000000000004,-1.0,0.5347505628802474,-0.05,101.40721265016127,8.209999915961388,4.000000000000002,1.0,0.25,0.0,5.250000000000002,106.65721265016127,11.622313397094457,419095885454.50146,1.0236713536687982,10.560180797245271,1.0176782650088638,,,,,,
MOND,gas_mix_hstar0p6,16.6,70.0,2.0000000000000004,-1.0,0.5347505628802474,-0.05,1722.184120678778,13.689451540052103,4.000000000000002,1.0,0.25,0.0,5.250000000000002,1727.434120678778,,,,,1.0176782650088638,1.2e-10,68.03218808010534,,,,
TG_edge_limit,gas_mix_hstar0p6,16.6,70.0,2.0000000000000004,-1.0,0.5347505628802474,-0.05,7954.766552342953,26.44374038984215,4.000000000000002,1.0,0.25,0.0,5.250000000000002,7960.016552342953,,,,,1.0176782650088638,,,5.947612083049412e-05,1.2647819907296507e-11,0.0407417423293153,derived Kcrit limiting curve; no finite normalization and no K prior
NFW,gas_mix_hstar0p6,16.6,70.0,2.0000000000000004,-1.0,0.6,0.0,92.23744398503437,7.784926598263182,4.000000000000002,1.0,0.0,0.0,5.000000000000002,97.23744398503437,11.632007356865627,428555779989.06287,0.9842152852736913,9.643069243158546,1.0176782650088638,,,,,,
MOND,gas_mix_hstar0p6,16.6,70.0,2.0000000000000004,-1.0,0.6,0.0,2176.0760181728865,15.638246710805424,4.000000000000002,1.0,0.0,0.0,5.000000000000002,2181.0760181728865,,,,,1.0176782650088638,1.2e-10,72.36624403383584,,,,
TG_edge_limit,gas_mix_hstar0p6,16.6,70.0,2.0000000000000004,-1.0,0.6,0.0,5019.378734396179,20.897943268655986,4.000000000000002,1.0,0.0,0.0,5.000000000000002,5024.378734396179,,,,,1.0176782650088638,,,5.3977340152792965e-05,1.0780460177262236e-11,0.039692632522723384,derived Kcrit limiting curve; no finite normalization and no K prior
NFW,gas_mix_hstar0p6,16.6,70.0,2.0000000000000004,-1.0,0.673211072581178,0.05,82.66368549601533,7.364222860913447,4.000000000000002,1.0,0.25,0.0,5.250000000000002,87.91368549601533,11.646995069009826,443603607216.62836,0.9353283581791129,8.616449721648456,1.0176782650088638,,,,,,
MOND,gas_mix_hstar0p6,16.6,70.0,2.0000000000000004,-1.0,0.673211072581178,0.05,3027.813452475095,18.419038912569462,4.000000000000002,1.0,0.25,0.0,5.250000000000002,3033.063452475095,,,,,1.0176782650088638,1.2e-10,77.22913479589877,,,,
TG_edge_limit,gas_mix_hstar0p6,16.6,70.0,2.0000000000000004,-1.0,0.673211072581178,0.05,2715.0366162184678,15.292250700704267,4.000000000000002,1.0,0.25,0.0,5.250000000000002,2720.2866162184678,,,,,1.0176782650088638,,,4.889192936808332e-05,9.098614057162485e-12,0.03875886616593741,derived Kcrit limiting curve; no finite normalization and no K prior
NFW,gas_mix_hstar0p6,16.6,70.0,2.0000000000000004,-1.0,0.7553552470765004,0.1,72.68077846651951,6.968767447640189,4.000000000000002,1.0,1.0,0.0,6.000000000000002,78.68077846651951,11.670711502607306,468502057615.6811,0.8733685074100861,7.470824036557784,1.0176782650088638,,,,,,
MOND,gas_mix_hstar0p6,16.6,70.0,2.0000000000000004,-1.0,0.7553552470765004,0.1,4340.130010396945,21.849015266208436,4.000000000000002,1.0,1.0,0.0,6.000000000000002,4346.130010396945,,,,,1.0176782650088638,1.2e-10,82.68538797218793,,,,
TG_edge_limit,gas_mix_hstar0p6,16.6,70.0,2.0000000000000004,-1.0,0.7553552470765004,0.1,1190.7080111947812,10.233175908220813,4.000000000000002,1.0,1.0,0.0,6.000000000000002,1196.7080111947812,,,,,1.0176782650088638,,,4.420848155788983e-05,1.0819667414061343e-11,0.03792847075299587,derived Kcrit limiting curve; no finite normalization and no K prior
NFW,gas_mix_hstar0p6,16.6,70.0,2.0000000000000004,-1.0,0.762,0.10380372095595687,71.90894798921016,6.940556938983503,4.000000000000002,1.0,1.077521248430216,0.0,6.077521248430218,77.98646923764038,11.673026895150924,471006494159.922,0.8679724192204088,7.378573694653233,1.0176782650088638,,,,,,
MOND,gas_mix_hstar0p6,16.6,70.0,2.0000000000000004,-1.0,0.762,0.10380372095595687,4460.769247914377,22.132467073607277,4.000000000000002,1.0,1.077521248430216,0.0,6.077521248430218,4466.8467691628075,,,,,1.0176782650088638,1.2e-10,83.12675164121556,,,,
TG_edge_limit,gas_mix_hstar0p6,16.6,70.0,2.0000000000000004,-1.0,0.762,0.10380372095595687,1111.3464003372292,9.917321192294324,4.000000000000002,1.0,1.077521248430216,0.0,6.077521248430218,1117.4239215856594,,,,,1.0176782650088638,,,4.386822091418432e-05,8.57143443418152e-12,0.03786921149236415,derived Kcrit limiting curve; no finite normalization and no K prior
NFW,gas_mix_hstar0p3,16.6,73.0,2.0000000000000004,0.0,0.4765969408345689,-0.1,115.91626957211992,9.021681701646415,4.000000000000002,0.0,1.0,0.0,5.000000000000002,120.91626957211992,11.591589143900988,390471322979.7712,1.0582749204431021,11.436020374872417,1.0,,,,,,
MOND,gas_mix_hstar0p3,16.6,73.0,2.0000000000000004,0.0,0.4765969408345689,-0.1,1835.9893660693247,13.602797755094338,4.000000000000002,0.0,1.0,0.0,5.000000000000002,1840.9893660693247,,,,,1.0,1.2e-10,62.43051020815497,,,,
TG_edge_limit,gas_mix_hstar0p3,16.6,73.0,2.0000000000000004,0.0,0.4765969408345689,-0.1,11553.000488052967,31.286768024136915,4.000000000000002,0.0,1.0,0.0,5.000000000000002,11558.000488052967,,,,,1.0,,,6.831956116560442e-05,7.611215397297534e-12,0.04003890903665743,derived Kcrit limiting curve; no finite normalization and no K prior
NFW,gas_mix_hstar0p3,16.6,73.0,2.0000000000000004,0.0,0.5347505628802474,-0.05,107.75563814067425,8.671782794720839,4.000000000000002,0.0,0.25,0.0,4.250000000000002,112.00563814067425,11.595861129843001,394331190432.805,1.0273722653605208,10.650555635848656,1.0,,,,,,
MOND,gas_mix_hstar0p3,16.6,73.0,2.0000000000000004,0.0,0.5347505628802474,-0.05,2009.0983318658132,14.723401335137375,4.000000000000002,0.0,0.25,0.0,4.250000000000002,2013.3483318658132,,,,,1.0,1.2e-10,66.36594126643598,,,,
TG_edge_limit,gas_mix_hstar0p3,16.6,73.0,2.0000000000000004,0.0,0.5347505628802474,-0.05,8051.83201222113,25.999467433329464,4.000000000000002,0.0,0.25,0.0,4.250000000000002,8056.08201222113,,,,,1.0,,,6.202500805806198e-05,7.013604383486773e-12,0.03890748332151194,derived Kcrit limiting curve; no finite normalization and no K prior
NFW,gas_mix_hstar0p3,16.6,73.0,2.0000000000000004,0.0,0.6,0.0,99.2654404153027,8.31893257234194,4.000000000000002,0.0,0.0,0.0,4.000000000000002,103.2654404153027,11.602928178712588,400800429925.201,0.9897182247341625,9.766033838251952,1.0,,,,,,
MOND,gas_mix_hstar0p3,16.6,73.0,2.0000000000000004,0.0,0.6,0.0,2539.4110293313165,16.773379830194838,4.000000000000002,0.0,0.0,0.0,4.000000000000002,2543.4110293313165,,,,,1.0,1.2e-10,70.78156753946035,,,,
TG_edge_limit,gas_mix_hstar0p3,16.6,73.0,2.0000000000000004,0.0,0.6,0.0,5067.21606483203,20.51088298222914,4.000000000000002,0.0,0.0,0.0,4.000000000000002,5071.21606483203,,,,,1.0,,,5.61980627786156e-05,6.2512043064210565e-12,0.03790223779994918,derived Kcrit limiting curve; no finite normalization and no K prior
NFW,gas_mix_hstar0p3,16.6,73.0,2.0000000000000004,0.0,0.673211072581178,0.05,90.33487623033992,7.97589084307789,4.000000000000002,0.0,0.25,0.0,4.250000000000002,94.58487623033992,11.614497815389981,411621276739.43964,0.9430477243892044,8.770971995919552,1.0,,,,,,
MOND,gas_mix_hstar0p3,16.6,73.0,2.0000000000000004,0.0,0.673211072581178,0.05,3483.2757953086525,19.59243230981539,4.000000000000002,0.0,0.25,0.0,4.250000000000002,3487.5257953086525,,,,,1.0,1.2e-10,75.73598170509432,,,,
TG_edge_limit,gas_mix_hstar0p3,16.6,73.0,2.0000000000000004,0.0,0.673211072581178,0.05,2730.632598333164,15.002875758769202,4.000000000000002,0.0,0.25,0.0,4.250000000000002,2734.882598333164,,,,,1.0,,,5.0827409415772185e-05,6.734008552653099e-12,0.037009824082178164,derived Kcrit limiting curve; no finite normalization and no K prior
NFW,gas_mix_hstar0p3,16.6,73.0,2.0000000000000004,0.0,0.7553552470765004,0.1,80.76166076492976,7.661361840727283,4.000000000000002,0.0,1.0,0.0,5.000000000000002,85.76166076492976,11.633601731684696,430131978466.04877,0.8838737866215705,7.65374143816032,1.0,,,,,,
MOND,gas_mix_hstar0p3,16.6,73.0,2.0000000000000004,0.0,0.7553552470765004,0.1,4904.394316120842,23.024367646293346,4.000000000000002,0.0,1.0,0.0,5.000000000000002,4909.394316120842,,,,,1.0,1.2e-10,81.2949258291907,,,,
TG_edge_limit,gas_mix_hstar0p3,16.6,73.0,2.0000000000000004,0.0,0.7553552470765004,0.1,1192.566532511537,10.145728437687016,4.000000000000002,0.0,1.0,0.0,5.000000000000002,1197.566532511537,,,,,1.0,,,4.589638114258279e-05,5.359811372726512e-12,0.03621798323509331,derived Kcrit limiting curve; no finite normalization and no K prior
NFW,gas_mix_hstar0p3,16.6,73.0,2.0000000000000004,0.0,0.762,0.10380372095595687,80.00020423674506,7.639308238836864,4.000000000000002,0.0,1.077521248430216,0.0,5.077521248430218,85.07772548517528,11.635499668025837,432015837385.646,0.878719145690801,7.56343616263506,1.0,,,,,,
MOND,gas_mix_hstar0p3,16.6,73.0,2.0000000000000004,0.0,0.762,0.10380372095595687,5034.020819702177,23.30704705151376,4.000000000000002,0.0,1.077521248430216,0.0,5.077521248430218,5039.098340950607,,,,,1.0,1.2e-10,81.74459630731164,,,,
TG_edge_limit,gas_mix_hstar0p3,16.6,73.0,2.0000000000000004,0.0,0.762,0.10380372095595687,1112.9647612780802,9.85306035253364,4.000000000000002,0.0,1.077521248430216,0.0,5.077521248430218,1118.0422825265105,,,,,1.0,,,4.5538688251783585e-05,6.378087878174225e-12,0.036161538163788254,derived Kcrit limiting curve; no finite normalization and no K prior
NFW,gas_thin_hstar0p3,16.6,73.0,2.0000000000000004,0.0,0.4765969408345689,-0.1,119.02067299146941,9.050742470789935,4.000000000000002,0.0,1.0,0.0,5.000000000000002,124.02067299146941,11.589407976614682,388515166102.5829,1.0594893073995515,11.46804286039602,1.0,,,,,,
MOND,gas_thin_hstar0p3,16.6,73.0,2.0000000000000004,0.0,0.4765969408345689,-0.1,1896.6870111741655,13.8126013610122,4.000000000000002,0.0,1.0,0.0,5.000000000000002,1901.6870111741655,,,,,1.0,1.2e-10,62.52182036660749,,,,
TG_edge_limit,gas_thin_hstar0p3,16.6,73.0,2.0000000000000004,0.0,0.4765969408345689,-0.1,11432.502616080077,31.12033054555434,4.000000000000002,0.0,1.0,0.0,5.000000000000002,11437.502616080077,,,,,1.0,,,6.80047681568428e-05,7.395072381916107e-12,0.040073615449706855,derived Kcrit limiting curve; no finite normalization and no K prior
NFW,gas_thin_hstar0p3,16.6,73.0,2.0000000000000004,0.0,0.5347505628802474,-0.05,110.83911961129404,8.699767421306458,4.000000000000002,0.0,0.25,0.0,4.250000000000002,115.08911961129404,11.5935981675642,392281807365.96063,1.0285937359923145,10.68055291482449,1.0,,,,,,
MOND,gas_thin_hstar0p3,16.6,73.0,2.0000000000000004,0.0,0.5347505628802474,-0.05,2074.4124391702276,14.930005548122153,4.000000000000002,0.0,0.25,0.0,4.250000000000002,2078.6624391702276,,,,,1.0,1.2e-10,66.4572514248885,,,,
TG_edge_limit,gas_thin_hstar0p3,16.6,73.0,2.0000000000000004,0.0,0.5347505628802474,-0.05,7962.028942245691,25.851893394785197,4.000000000000002,0.0,0.25,0.0,4.250000000000002,7966.278942245691,,,,,1.0,,,6.176743632382528e-05,6.5471439235272366e-12,0.038940339399076714,derived Kcrit limiting curve; no finite normalization and no K prior
NFW,gas_thin_hstar0p3,16.6,73.0,2.0000000000000004,0.0,0.6,0.0,102.31795267115638,8.345600082182665,4.000000000000002,0.0,0.0,0.0,4.000000000000002,106.31795267115638,11.600566604904648,398626902426.9479,0.9909446207093057,9.793650931878684,1.0,,,,,,
MOND,gas_thin_hstar0p3,16.6,73.0,2.0000000000000004,0.0,0.6,0.0,2609.238520557516,16.965949074799124,4.000000000000002,0.0,0.0,0.0,4.000000000000002,2613.238520557516,,,,,1.0,1.2e-10,70.87287769791288,,,,
TG_edge_limit,gas_thin_hstar0p3,16.6,73.0,2.0000000000000004,0.0,0.6,0.0,5006.988443258651,20.388287527452455,4.000000000000002,0.0,0.0,0.0,4.000000000000002,5010.988443258651,,,,,1.0,,,5.5988063713855284e-05,6.307473299389881e-12,0.03793294902429295,derived Kcrit limiting curve; no finite normalization and no K prior
NFW,gas_thin_hstar0p3,16.6,73.0,2.0000000000000004,0.0,0.673211072581178,0.05,93.33636111671076,8.000876448161254,4.000000000000002,0.0,0.25,0.0,4.250000000000002,97.58636111671076,11.612016215839704,409275941133.3708,0.9442741109014553,8.795774990373513,1.0,,,,,,
MOND,gas_thin_hstar0p3,16.6,73.0,2.0000000000000004,0.0,0.673211072581178,0.05,3557.4773071036743,19.766715243288903,4.000000000000002,0.0,0.25,0.0,4.250000000000002,3561.7273071036743,,,,,1.0,1.2e-10,75.82729186354683,,,,
TG_edge_limit,gas_thin_hstar0p3,16.6,73.0,2.0000000000000004,0.0,0.673211072581178,0.05,2698.828907268017,14.920104244092695,4.000000000000002,0.0,0.25,0.0,4.250000000000002,2703.078907268017,,,,,1.0,,,5.065673329077101e-05,7.669761673263449e-12,0.037038252977378054,derived Kcrit limiting curve; no finite normalization and no K prior
NFW,gas_thin_hstar0p3,16.6,73.0,2.0000000000000004,0.0,0.7553552470765004,0.1,83.67166732223988,7.684065780793474,4.000000000000002,0.0,1.0,0.0,5.000000000000002,88.67166732223988,11.630972954960155,427536261140.8321,0.8850892594385976,7.675192194224194,1.0,,,,,,
MOND,gas_thin_hstar0p3,16.6,73.0,2.0000000000000004,0.0,0.7553552470765004,0.1,4982.798521296647,23.180418321225392,4.000000000000002,0.0,1.0,0.0,5.000000000000002,4987.798521296647,,,,,1.0,1.2e-10,81.3862359876432,,,,
TG_edge_limit,gas_thin_hstar0p3,16.6,73.0,2.0000000000000004,0.0,0.7553552470765004,0.1,1188.0204379610789,10.143664679935386,4.000000000000002,0.0,1.0,0.0,5.000000000000002,1193.0204379610789,,,,,1.0,,,4.575804589310132e-05,8.620492149563987e-12,0.03624410234395096,derived Kcrit limiting curve; no finite normalization and no K prior
NFW,gas_thin_hstar0p3,16.6,73.0,2.0000000000000004,0.0,0.762,0.10380372095595687,82.90061579591823,7.661803195723363,4.000000000000002,0.0,1.077521248430216,0.0,5.077521248430218,87.97813704434844,11.632858411846675,429396412651.7061,0.8799330338709341,7.58460615017873,1.0,,,,,,
MOND,gas_thin_hstar0p3,16.6,73.0,2.0000000000000004,0.0,0.762,0.10380372095595687,5112.736923663797,23.461773825558275,4.000000000000002,0.0,1.077521248430216,0.0,5.077521248430218,5117.814444912227,,,,,1.0,1.2e-10,81.83590646576414,,,,
TG_edge_limit,gas_thin_hstar0p3,16.6,73.0,2.0000000000000004,0.0,0.762,0.10380372095595687,1110.4444271585385,9.860119059117343,4.000000000000002,0.0,1.077521248430216,0.0,5.077521248430218,1115.5219484069687,,,,,1.0,,,4.540256032464311e-05,6.10947395623507e-12,0.03618748273602834,derived Kcrit limiting curve; no finite normalization and no K prior
NFW,gas_mix_hstar0p6,16.6,73.0,2.0000000000000004,0.0,0.4765969408345689,-0.1,119.40634875439873,8.75359266893736,4.000000000000002,0.0,1.0,0.0,5.000000000000002,124.40634875439873,11.582926236098183,382759726951.29803,1.0745495653532955,11.872701946110926,1.0,,,,,,
MOND,gas_mix_hstar0p6,16.6,73.0,2.0000000000000004,0.0,0.4765969408345689,-0.1,2019.229528528736,13.800211887694347,4.000000000000002,0.0,1.0,0.0,5.000000000000002,2024.229528528736,,,,,1.0,1.2e-10,62.41804750519417,,,,
TG_edge_limit,gas_mix_hstar0p6,16.6,73.0,2.0000000000000004,0.0,0.4765969408345689,-0.1,13799.05649044296,34.40350605720313,4.000000000000002,0.0,1.0,0.0,5.000000000000002,13804.05649044296,,,,,1.0,,,7.054056391514696e-05,1.3542771904809735e-11,0.04432574147365384,derived Kcrit limiting curve; no finite normalization and no K prior
NFW,gas_mix_hstar0p6,16.6,73.0,2.0000000000000004,0.0,0.5347505628802474,-0.05,111.65168559029601,8.342979957317281,4.000000000000002,0.0,0.25,0.0,4.250000000000002,115.90168559029601,11.585149413559861,384724118778.902,1.0466541735015908,11.134075796782858,1.0,,,,,,
MOND,gas_mix_hstar0p6,16.6,73.0,2.0000000000000004,0.0,0.5347505628802474,-0.05,2089.0044435567365,14.520963852594633,4.000000000000002,0.0,0.25,0.0,4.250000000000002,2093.2544435567365,,,,,1.0,1.2e-10,66.35195788372347,,,,
TG_edge_limit,gas_mix_hstar0p6,16.6,73.0,2.0000000000000004,0.0,0.5347505628802474,-0.05,10094.06376283271,29.32931229392193,4.000000000000002,0.0,0.25,0.0,4.250000000000002,10098.31376283271,,,,,1.0,,,6.412328720281879e-05,9.373076257752074e-12,0.04313234546184499,derived Kcrit limiting curve; no finite normalization and no K prior
NFW,gas_mix_hstar0p6,16.6,73.0,2.0000000000000004,0.0,0.6,0.0,103.64450263317957,7.913644418884722,4.000000000000002,0.0,0.0,0.0,4.000000000000002,107.64450263317957,11.589425510774293,388530852289.57935,1.0128184795445807,10.299555437622601,1.0,,,,,,
MOND,gas_mix_hstar0p6,16.6,73.0,2.0000000000000004,0.0,0.6,0.0,2499.64434206555,16.19785853942752,4.000000000000002,0.0,0.0,0.0,4.000000000000002,2503.64434206555,,,,,1.0,1.2e-10,70.76587792600336,,,,
TG_edge_limit,gas_mix_hstar0p6,16.6,73.0,2.0000000000000004,0.0,0.6,0.0,6835.734101062542,24.035103973378458,4.000000000000002,0.0,0.0,0.0,4.000000000000002,6839.734101062542,,,,,1.0,,,5.816783437491362e-05,8.55200033904354e-12,0.04206810946009306,derived Kcrit limiting curve; no finite normalization and no K prior
NFW,gas_mix_hstar0p6,16.6,73.0,2.0000000000000004,0.0,0.673211072581178,0.05,95.2714666223172,7.473816141946295,4.000000000000002,0.0,0.25,0.0,4.250000000000002,99.5214666223172,11.597043173037122,395405925256.023,0.9711301881888768,9.356861221621019,1.0,,,,,,
MOND,gas_mix_hstar0p6,16.6,73.0,2.0000000000000004,0.0,0.673211072581178,0.05,3305.2604595805105,18.70473929322313,4.000000000000002,0.0,0.25,0.0,4.250000000000002,3309.5104595805105,,,,,1.0,1.2e-10,75.71837766925469,,,,
TG_edge_limit,gas_mix_hstar0p6,16.6,73.0,2.0000000000000004,0.0,0.673211072581178,0.05,4145.088372485244,18.63002216832969,4.000000000000002,0.0,0.25,0.0,4.250000000000002,4149.338372485244,,,,,1.0,,,5.266602347025395e-05,1.090145497911248e-11,0.04112018429930986,derived Kcrit limiting curve; no finite normalization and no K prior
NFW,gas_mix_hstar0p6,16.6,73.0,2.0000000000000004,0.0,0.7553552470765004,0.1,86.26015402000019,7.035921159732521,4.000000000000002,0.0,1.0,0.0,5.000000000000002,91.26015402000019,11.610256063044535,407620542870.8941,0.9187006506332739,8.292789672309233,1.0,,,,,,
MOND,gas_mix_hstar0p6,16.6,73.0,2.0000000000000004,0.0,0.7553552470765004,0.1,4566.991802841526,21.883005332967826,4.000000000000002,0.0,1.0,0.0,5.000000000000002,4571.991802841526,,,,,1.0,1.2e-10,81.27517377610846,,,,
TG_edge_limit,gas_mix_hstar0p6,16.6,73.0,2.0000000000000004,0.0,0.7553552470765004,0.1,2160.826936784454,13.455122154661387,4.000000000000002,0.0,1.0,0.0,5.000000000000002,2165.826936784454,,,,,1.0,,,4.7603833836383145e-05,1.072899850378809e-11,0.040276586605740114,derived Kcrit limiting curve; no finite normalization and no K prior
NFW,gas_mix_hstar0p6,16.6,73.0,2.0000000000000004,0.0,0.762,0.10380372095595687,85.53595861086413,7.003153727360797,4.000000000000002,0.0,1.077521248430216,0.0,5.077521248430218,90.61347985929434,11.6115899640993,408874441677.2166,0.9141574101854966,8.206489349228086,1.0,,,,,,
MOND,gas_mix_hstar0p6,16.6,73.0,2.0000000000000004,0.0,0.762,0.10380372095595687,4683.5472741809845,22.148354567371047,4.000000000000002,0.0,1.077521248430216,0.0,5.077521248430218,4688.624795429415,,,,,1.0,1.2e-10,81.72467049822123,,,,
TG_edge_limit,gas_mix_hstar0p6,16.6,73.0,2.0000000000000004,0.0,0.762,0.10380372095595687,2043.1440469972047,13.093873992069152,4.000000000000002,0.0,1.077521248430216,0.0,5.077521248430218,2048.221568245635,,,,,1.0,,,4.723622692440221e-05,1.1935400836970216e-11,0.04021636175768566,derived Kcrit limiting curve; no finite normalization and no K prior
NFW,gas_mix_hstar0p3,16.6,76.0,2.0000000000000004,1.0,0.4765969408345689,-0.1,122.99467412604685,9.026807662847968,4.000000000000002,1.0,1.0,0.0,6.000000000000002,128.99467412604685,11.56472667971359,367051226593.52966,1.0811226215233207,12.05376226078885,0.9855807153076326,,,,,,
MOND,gas_mix_hstar0p3,16.6,76.0,2.0000000000000004,1.0,0.4765969408345689,-0.1,2195.905071521679,14.379082060406958,4.000000000000002,1.0,1.0,0.0,6.000000000000002,2201.905071521679,,,,,0.9855807153076326,1.2e-10,59.491855565159426,,,,
TG_edge_limit,gas_mix_hstar0p3,16.6,76.0,2.0000000000000004,1.0,0.4765969408345689,-0.1,15168.978402685558,35.71209169806311,4.000000000000002,1.0,1.0,0.0,6.000000000000002,15174.978402685558,,,,,0.9855807153076326,,,7.56944605248809e-05,7.764985729313774e-12,0.04323918513540645,derived Kcrit limiting curve; no finite normalization and no K prior
NFW,gas_mix_hstar0p3,16.6,76.0,2.0000000000000004,1.0,0.5347505628802474,-0.05,116.4692900501436,8.674790005624692,4.000000000000002,1.0,0.25,0.0,5.250000000000002,121.7192900501436,11.564614425108715,366956365001.7472,1.0558837383389612,11.373227810657164,0.9855807153076326,,,,,,
MOND,gas_mix_hstar0p3,16.6,76.0,2.0000000000000004,1.0,0.5347505628802474,-0.05,2249.7002713078946,14.999532808472397,4.000000000000002,1.0,0.25,0.0,5.250000000000002,2254.9502713078946,,,,,0.9855807153076326,1.2e-10,63.47852533853778,,,,
TG_edge_limit,gas_mix_hstar0p3,16.6,76.0,2.0000000000000004,1.0,0.5347505628802474,-0.05,11280.47592329131,30.74148662687095,4.000000000000002,1.0,0.25,0.0,5.250000000000002,11285.72592329131,,,,,0.9855807153076326,,,6.868695164180556e-05,7.441203705263467e-12,0.04209536302530284,derived Kcrit limiting curve; no finite normalization and no K prior
NFW,gas_mix_hstar0p3,16.6,76.0,2.0000000000000004,1.0,0.6,0.0,109.98208337256743,8.31009832117601,4.000000000000002,1.0,0.0,0.0,5.000000000000002,114.98208337256743,11.565856746446194,368007565037.66705,1.0253530456728874,10.60115161373951,0.9855807153076326,,,,,,
MOND,gas_mix_hstar0p3,16.6,76.0,2.0000000000000004,1.0,0.6,0.0,2649.5065601182246,16.546312053675795,4.000000000000002,1.0,0.0,0.0,5.000000000000002,2654.5065601182246,,,,,0.9855807153076326,1.2e-10,67.95164239547611,,,,
TG_edge_limit,gas_mix_hstar0p3,16.6,76.0,2.0000000000000004,1.0,0.6,0.0,7820.763936363396,25.55073588778073,4.000000000000002,1.0,0.0,0.0,5.000000000000002,7825.763936363396,,,,,0.9855807153076326,,,6.220799084210732e-05,4.852887918515656e-12,0.041077332336035256,derived Kcrit limiting curve; no finite normalization and no K prior
NFW,gas_mix_hstar0p3,16.6,76.0,2.0000000000000004,1.0,0.673211072581178,0.05,103.51443333577922,7.94141743954692,4.000000000000002,1.0,0.25,0.0,5.250000000000002,108.76443333577922,11.569411356321881,371031990568.0981,0.9878696045603984,9.724552035760501,0.9855807153076326,,,,,,
MOND,gas_mix_hstar0p3,16.6,76.0,2.0000000000000004,1.0,0.673211072581178,0.05,3449.1674995771036,18.917133481279553,4.000000000000002,1.0,0.25,0.0,5.250000000000002,3454.4174995771036,,,,,0.9855807153076326,1.2e-10,72.97056228161381,,,,
TG_edge_limit,gas_mix_hstar0p3,16.6,76.0,2.0000000000000004,1.0,0.673211072581178,0.05,4907.01736549731,20.227417908178264,4.000000000000002,1.0,0.25,0.0,5.250000000000002,4912.26736549731,,,,,0.9855807153076326,,,5.624259770850547e-05,5.712499470791833e-12,0.040172059340459476,derived Kcrit limiting curve; no finite normalization and no K prior
NFW,gas_mix_hstar0p3,16.6,76.0,2.0000000000000004,1.0,0.7553552470765004,0.1,96.89661156640861,7.5813849305135115,4.000000000000002,1.0,1.0,0.0,6.000000000000002,102.89661156640861,11.576955882221123,377533837225.17535,0.9409532733256044,8.728774485796233,0.9855807153076326,,,,,,
MOND,gas_mix_hstar0p3,16.6,76.0,2.0000000000000004,1.0,0.7553552470765004,0.1,4709.396259041834,21.966639176429485,4.000000000000002,1.0,1.0,0.0,6.000000000000002,4715.396259041834,,,,,0.9855807153076326,1.2e-10,78.60188301452341,,,,
TG_edge_limit,gas_mix_hstar0p3,16.6,76.0,2.0000000000000004,1.0,0.7553552470765004,0.1,2673.6096117143466,15.029290581013155,4.000000000000002,1.0,1.0,0.0,6.000000000000002,2679.6096117143466,,,,,0.9855807153076326,,,5.077034212050671e-05,7.13283522583776e-12,0.03936753839421712,derived Kcrit limiting curve; no finite normalization and no K prior
NFW,gas_mix_hstar0p3,16.6,76.0,2.0000000000000004,1.0,0.762,0.10380372095595687,96.37670794760531,7.554804309208293,4.000000000000002,1.0,1.077521248430216,0.0,6.077521248430218,102.45422919603553,11.57776713582691,378239722140.2029,0.9369002810124628,8.647693350334576,0.9855807153076326,,,,,,
MOND,gas_mix_hstar0p3,16.6,76.0,2.0000000000000004,1.0,0.762,0.10380372095595687,4826.003660154124,22.22261074351547,4.000000000000002,1.0,1.077521248430216,0.0,6.077521248430218,4832.081181402555,,,,,0.9855807153076326,1.2e-10,79.05740813402288,,,,
TG_edge_limit,gas_mix_hstar0p3,16.6,76.0,2.0000000000000004,1.0,0.762,0.10380372095595687,2535.7730265810596,14.655544426930511,4.000000000000002,1.0,1.077521248430216,0.0,6.077521248430218,2541.8505478294896,,,,,0.9855807153076326,,,5.0373558844099686e-05,6.587670760656598e-12,0.0393101419043722,derived Kcrit limiting curve; no finite normalization and no K prior
NFW,gas_thin_hstar0p3,16.6,76.0,2.0000000000000004,1.0,0.4765969408345689,-0.1,126.0216716956524,9.05942505809227,4.000000000000002,1.0,1.0,0.0,6.000000000000002,132.0216716956524,11.562750703348046,365384990642.87067,1.0823157477052368,12.086922784882217,0.9855807153076326,,,,,,
MOND,gas_thin_hstar0p3,16.6,76.0,2.0000000000000004,1.0,0.4765969408345689,-0.1,2255.258668327477,14.569113536205993,4.000000000000002,1.0,1.0,0.0,6.000000000000002,2261.258668327477,,,,,0.9855807153076326,1.2e-10,59.575027462276545,,,,
TG_edge_limit,gas_thin_hstar0p3,16.6,76.0,2.0000000000000004,1.0,0.4765969408345689,-0.1,15048.437460396024,35.567970174852896,4.000000000000002,1.0,1.0,0.0,6.000000000000002,15054.437460396024,,,,,0.9855807153076326,,,7.53691792981278e-05,8.14453762466144e-12,0.04326862438076488,derived Kcrit limiting curve; no finite normalization and no K prior
NFW,gas_thin_hstar0p3,16.6,76.0,2.0000000000000004,1.0,0.5347505628802474,-0.05,119.4979362680565,8.706862642251584,4.000000000000002,1.0,0.25,0.0,5.250000000000002,124.7479362680565,11.562564448301263,365228322275.7113,1.0570955538180695,11.405006938295681,0.9855807153076326,,,,,,
MOND,gas_thin_hstar0p3,16.6,76.0,2.0000000000000004,1.0,0.5347505628802474,-0.05,2312.928028453517,15.192340594846096,4.000000000000002,1.0,0.25,0.0,5.250000000000002,2318.178028453517,,,,,0.9855807153076326,1.2e-10,63.561697235654904,,,,
TG_edge_limit,gas_thin_hstar0p3,16.6,76.0,2.0000000000000004,1.0,0.5347505628802474,-0.05,11186.826648234459,30.612553851261637,4.000000000000002,1.0,0.25,0.0,5.250000000000002,11192.076648234459,,,,,0.9855807153076326,,,6.842087067468839e-05,6.773774579338612e-12,0.04212346590465721,derived Kcrit limiting curve; no finite normalization and no K prior
NFW,gas_thin_hstar0p3,16.6,76.0,2.0000000000000004,1.0,0.6,0.0,113.01457765575402,8.341530476690833,4.000000000000002,1.0,0.0,0.0,5.000000000000002,118.01457765575402,11.563716962578198,366198838579.544,1.0265856962020603,10.631283420383514,0.9855807153076326,,,,,,
MOND,gas_thin_hstar0p3,16.6,76.0,2.0000000000000004,1.0,0.6,0.0,2716.518019150933,16.730722485346387,4.000000000000002,1.0,0.0,0.0,5.000000000000002,2721.518019150933,,,,,0.9855807153076326,1.2e-10,68.03481429259324,,,,
TG_edge_limit,gas_thin_hstar0p3,16.6,76.0,2.0000000000000004,1.0,0.6,0.0,7753.062393634873,25.440328190200542,4.000000000000002,1.0,0.0,0.0,5.000000000000002,7758.062393634873,,,,,0.9855807153076326,,,6.199109151486289e-05,6.934858805204855e-12,0.04110378114118099,derived Kcrit limiting curve; no finite normalization and no K prior
NFW,gas_thin_hstar0p3,16.6,76.0,2.0000000000000004,1.0,0.673211072581178,0.05,106.55171510809309,7.972078979753097,4.000000000000002,1.0,0.25,0.0,5.250000000000002,111.80171510809309,11.567161060464892,369114461291.05237,0.989125049290817,9.752704133716662,0.9855807153076326,,,,,,
MOND,gas_thin_hstar0p3,16.6,76.0,2.0000000000000004,1.0,0.673211072581178,0.05,3519.8359759801388,19.086682248486998,4.000000000000002,1.0,0.25,0.0,5.250000000000002,3525.0859759801388,,,,,0.9855807153076326,1.2e-10,73.05373417873093,,,,
TG_edge_limit,gas_thin_hstar0p3,16.6,76.0,2.0000000000000004,1.0,0.673211072581178,0.05,4864.28567043138,20.14235277783465,4.000000000000002,1.0,0.25,0.0,5.250000000000002,4869.53567043138,,,,,0.9855807153076326,,,5.606633015905527e-05,7.937541634766902e-12,0.04019668379641516,derived Kcrit limiting curve; no finite normalization and no K prior
NFW,gas_thin_hstar0p3,16.6,76.0,2.0000000000000004,1.0,0.7553552470765004,0.1,99.93541711038847,7.611080672440901,4.000000000000002,1.0,1.0,0.0,6.000000000000002,105.93541711038847,11.57456726469479,375463102701.79614,0.9422325950141809,8.754525156341522,0.9855807153076326,,,,,,
MOND,gas_thin_hstar0p3,16.6,76.0,2.0000000000000004,1.0,0.7553552470765004,0.1,4783.563767062925,22.119489106614598,4.000000000000002,1.0,1.0,0.0,6.000000000000002,4789.563767062925,,,,,0.9855807153076326,1.2e-10,78.68505491164055,,,,
TG_edge_limit,gas_thin_hstar0p3,16.6,76.0,2.0000000000000004,1.0,0.7553552470765004,0.1,2654.8513633447683,14.985139517561644,4.000000000000002,1.0,1.0,0.0,6.000000000000002,2660.8513633447683,,,,,0.9855807153076326,,,5.062748020658051e-05,8.203663817992337e-12,0.03939027343150257,derived Kcrit limiting curve; no finite normalization and no K prior
NFW,gas_thin_hstar0p3,16.6,76.0,2.0000000000000004,1.0,0.762,0.10380372095595687,99.41525011292806,7.584415673767115,4.000000000000002,1.0,1.077521248430216,0.0,6.077521248430218,105.49277136135828,11.575366576272888,376154772438.98,0.9381814168886327,8.67324105506988,0.9855807153076326,,,,,,
MOND,gas_thin_hstar0p3,16.6,76.0,2.0000000000000004,1.0,0.762,0.10380372095595687,4900.430112145853,22.37420103373721,4.000000000000002,1.0,1.077521248430216,0.0,6.077521248430218,4906.507633394283,,,,,0.9855807153076326,1.2e-10,79.14058003114,,,,
TG_edge_limit,gas_thin_hstar0p3,16.6,76.0,2.0000000000000004,1.0,0.762,0.10380372095595687,2518.797519243329,14.61563082780072,4.000000000000002,1.0,1.077521248430216,0.0,6.077521248430218,2524.875040491759,,,,,0.9855807153076326,,,5.023297660445303e-05,8.691939430260623e-12,0.03933273278515863,derived Kcrit limiting curve; no finite normalization and no K prior
NFW,gas_mix_hstar0p6,16.6,76.0,2.0000000000000004,1.0,0.4765969408345689,-0.1,127.23949105131695,8.861712274944166,4.000000000000002,1.0,1.0,0.0,6.000000000000002,133.23949105131695,11.55766028152952,361127267296.6386,1.0955408670822495,12.460654864346004,0.9855807153076326,,,,,,
MOND,gas_mix_hstar0p6,16.6,76.0,2.0000000000000004,1.0,0.4765969408345689,-0.1,2444.6252266364804,14.831037584393712,4.000000000000002,1.0,1.0,0.0,6.000000000000002,2450.6252266364804,,,,,0.9855807153076326,1.2e-10,59.47770840880803,,,,
TG_edge_limit,gas_mix_hstar0p6,16.6,76.0,2.0000000000000004,1.0,0.4765969408345689,-0.1,17543.023574973104,38.54208519419989,4.000000000000002,1.0,1.0,0.0,6.000000000000002,17549.023574973104,,,,,0.9855807153076326,,,7.796313937168074e-05,1.1117843136800063e-11,0.047566842712786744,derived Kcrit limiting curve; no finite normalization and no K prior
NFW,gas_mix_hstar0p6,16.6,76.0,2.0000000000000004,1.0,0.5347505628802474,-0.05,121.17302223784199,8.468119170478237,4.000000000000002,1.0,0.25,0.0,5.250000000000002,126.42302223784199,11.555977758893116,359730912129.7263,1.0728786668873098,11.827110839580556,0.9855807153076326,,,,,,
MOND,gas_mix_hstar0p6,16.6,76.0,2.0000000000000004,1.0,0.5347505628802474,-0.05,2400.7926513539437,15.1137595045552,4.000000000000002,1.0,0.25,0.0,5.250000000000002,2406.0426513539437,,,,,0.9855807153076326,1.2e-10,63.462651968035615,,,,
TG_edge_limit,gas_mix_hstar0p6,16.6,76.0,2.0000000000000004,1.0,0.5347505628802474,-0.05,13501.098502119314,33.77319501245256,4.000000000000002,1.0,0.25,0.0,5.250000000000002,13506.348502119314,,,,,0.9855807153076326,,,7.082606034847303e-05,1.1000779967520264e-11,0.04636933542443682,derived Kcrit limiting curve; no finite normalization and no K prior
NFW,gas_mix_hstar0p6,16.6,76.0,2.0000000000000004,1.0,0.6,0.0,115.25213125804439,8.050494326823413,4.000000000000002,1.0,0.0,0.0,5.000000000000002,120.25213125804439,11.555127427558793,359027262385.36395,1.0455780120641989,11.106520231905739,0.9855807153076326,,,,,,
MOND,gas_mix_hstar0p6,16.6,76.0,2.0000000000000004,1.0,0.6,0.0,2687.6398760681104,16.30873214069482,4.000000000000002,1.0,0.0,0.0,5.000000000000002,2692.6398760681104,,,,,0.9855807153076326,1.2e-10,67.93383218084071,,,,
TG_edge_limit,gas_mix_hstar0p6,16.6,76.0,2.0000000000000004,1.0,0.6,0.0,9828.562417974874,28.782290763187675,4.000000000000002,1.0,0.0,0.0,5.000000000000002,9833.562417974874,,,,,0.9855807153076326,,,6.421269752912322e-05,1.1140218209307008e-11,0.04529993872206212,derived Kcrit limiting curve; no finite normalization and no K prior
NFW,gas_mix_hstar0p6,16.6,76.0,2.0000000000000004,1.0,0.673211072581178,0.05,109.51535391531884,7.614528703325613,4.000000000000002,1.0,0.25,0.0,5.250000000000002,114.76535391531884,11.555800799147775,359584364278.3538,1.0122381924278574,10.28580276877593,0.9855807153076326,,,,,,
MOND,gas_mix_hstar0p6,16.6,76.0,2.0000000000000004,1.0,0.673211072581178,0.05,3356.9358011652953,18.360845354629667,4.000000000000002,1.0,0.25,0.0,5.250000000000002,3362.1858011652953,,,,,0.9855807153076326,1.2e-10,72.9505788921178,,,,
TG_edge_limit,gas_mix_hstar0p6,16.6,76.0,2.0000000000000004,1.0,0.673211072581178,0.05,6633.540175930249,23.631049678103086,4.000000000000002,1.0,0.25,0.0,5.250000000000002,6638.790175930249,,,,,0.9855807153076326,,,5.811110401292283e-05,1.0486417221670142e-11,0.04434611167535273,derived Kcrit limiting curve; no finite normalization and no K prior
NFW,gas_mix_hstar0p6,16.6,76.0,2.0000000000000004,1.0,0.7553552470765004,0.1,103.87613386769635,7.169330028918512,4.000000000000002,1.0,1.0,0.0,6.000000000000002,109.87613386769635,11.559206756445883,362415494059.3984,0.9708023973974537,9.3498016436274,0.9855807153076326,,,,,,
MOND,gas_mix_hstar0p6,16.6,76.0,2.0000000000000004,1.0,0.7553552470765004,0.1,4467.0200950730505,21.141109786415573,4.000000000000002,1.0,1.0,0.0,6.000000000000002,4473.0200950730505,,,,,0.9855807153076326,1.2e-10,78.57946128272941,,,,
TG_edge_limit,gas_mix_hstar0p6,16.6,76.0,2.0000000000000004,1.0,0.7553552470765004,0.1,4040.2007304937224,18.48310369715931,4.000000000000002,1.0,1.0,0.0,6.000000000000002,4046.2007304937224,,,,,0.9855807153076326,,,5.250339132057281e-05,8.219086138452298e-12,0.0434961403491163,derived Kcrit limiting curve; no finite normalization and no K prior
NFW,gas_mix_hstar0p6,16.6,76.0,2.0000000000000004,1.0,0.762,0.10380372095595687,103.44369665534892,7.135426928331104,4.000000000000002,1.0,1.077521248430216,0.0,6.077521248430218,109.52121790377913,11.559630662242196,362769412971.4402,0.9672389513819459,9.273399109209347,0.9855807153076326,,,,,,
MOND,gas_mix_hstar0p6,16.6,76.0,2.0000000000000004,1.0,0.762,0.10380372095595687,4571.321234262917,21.37854734747785,4.000000000000002,1.0,1.077521248430216,0.0,6.077521248430218,4577.398755511347,,,,,0.9855807153076326,1.2e-10,79.03478916143592,,,,
TG_edge_limit,gas_mix_hstar0p6,16.6,76.0,2.0000000000000004,1.0,0.762,0.10380372095595687,3871.446042589463,18.10122871713839,4.000000000000002,1.0,1.077521248430216,0.0,6.077521248430218,3877.523563837893,,,,,0.9855807153076326,,,5.2096394899055524e-05,1.0236223391106325e-11,0.04343541801033716,derived Kcrit limiting curve; no finite normalization and no K prior
NFW,gas_mix_hstar0p3,16.6,79.0,2.0000000000000004,2.0,0.4765969408345689,-0.1,131.99868490685574,9.347280588832108,4.000000000000002,4.0,1.0,0.0,9.000000000000002,140.99868490685574,11.549509312094871,354412729478.578,1.1069143653714462,12.791290593178513,0.9742036203646162,,,,,,
MOND,gas_mix_hstar0p3,16.6,79.0,2.0000000000000004,2.0,0.4765969408345689,-0.1,2654.4836507622786,15.32009510705082,4.000000000000002,4.0,1.0,0.0,9.000000000000002,2663.4836507622786,,,,,0.9742036203646162,1.2e-10,54.11276533198552,,,,
TG_edge_limit,gas_mix_hstar0p3,16.6,79.0,2.0000000000000004,2.0,0.4765969408345689,-0.1,20923.077746349143,41.684850967255,4.000000000000002,4.0,1.0,0.0,9.000000000000002,20932.077746349143,,,,,0.9742036203646162,,,8.698358718662595e-05,8.320987295919293e-12,0.04610273320239535,derived Kcrit limiting curve; no finite normalization and no K prior
NFW,gas_mix_hstar0p3,16.6,79.0,2.0000000000000004,2.0,0.5347505628802474,-0.05,127.52694914275467,9.044129151929315,4.000000000000002,4.0,0.25,0.0,8.250000000000002,135.7769491427547,11.545944909866586,351515848013.1984,1.088092970291068,12.248783833739163,0.9742036203646162,,,,,,
MOND,gas_mix_hstar0p3,16.6,79.0,2.0000000000000004,2.0,0.5347505628802474,-0.05,2442.8948435322723,15.131116060114094,4.000000000000002,4.0,0.25,0.0,8.250000000000002,2451.1448435322723,,,,,0.9742036203646162,1.2e-10,57.96852577650929,,,,
TG_edge_limit,gas_mix_hstar0p3,16.6,79.0,2.0000000000000004,2.0,0.5347505628802474,-0.05,16584.425553110912,37.08394772428587,4.000000000000002,4.0,0.25,0.0,8.250000000000002,16592.675553110912,,,,,0.9742036203646162,,,7.886365038377495e-05,8.596809924648106e-12,0.044975546640243974,derived Kcrit limiting curve; no finite normalization and no K prior
NFW,gas_mix_hstar0p3,16.6,79.0,2.0000000000000004,2.0,0.6,0.0,123.5292438081663,8.725765177057554,4.000000000000002,4.0,0.0,0.0,8.000000000000002,131.5292438081663,11.542573989422374,348798002722.34326,1.0655823556208701,11.630070720843868,0.9742036203646162,,,,,,
MOND,gas_mix_hstar0p3,16.6,79.0,2.0000000000000004,2.0,0.6,0.0,2546.9102789928916,15.823585282755731,4.000000000000002,4.0,0.0,0.0,8.000000000000002,2554.9102789928916,,,,,0.9742036203646162,1.2e-10,62.29476015063249,,,,
TG_edge_limit,gas_mix_hstar0p3,16.6,79.0,2.0000000000000004,2.0,0.6,0.0,12562.674210199899,32.25537463421156,4.000000000000002,4.0,0.0,0.0,8.000000000000002,12570.674210199899,,,,,0.9742036203646162,,,7.137104792181611e-05,8.427350918349164e-12,0.04397105333455005,derived Kcrit limiting curve; no finite normalization and no K prior
NFW,gas_mix_hstar0p3,16.6,79.0,2.0000000000000004,2.0,0.673211072581178,0.05,120.18799066090293,8.39806284090261,4.000000000000002,4.0,0.25,0.0,8.250000000000002,128.43799066090293,11.539769438630477,346552821160.1169,1.0383418111000882,10.922996917640116,0.9742036203646162,,,,,,
MOND,gas_mix_hstar0p3,16.6,79.0,2.0000000000000004,2.0,0.673211072581178,0.05,3015.519369036922,17.412592642062563,4.000000000000002,4.0,0.25,0.0,8.250000000000002,3023.769369036922,,,,,0.9742036203646162,1.2e-10,67.14887495603422,,,,
TG_edge_limit,gas_mix_hstar0p3,16.6,79.0,2.0000000000000004,2.0,0.673211072581178,0.05,8956.535362113565,27.235249297776676,4.000000000000002,4.0,0.25,0.0,8.250000000000002,8964.785362113565,,,,,0.9742036203646162,,,6.448422902050051e-05,8.316289905179684e-12,0.04307668628446276,derived Kcrit limiting curve; no finite normalization and no K prior
NFW,gas_mix_hstar0p3,16.6,79.0,2.0000000000000004,2.0,0.7553552470765004,0.1,117.64563845226317,8.070163435427018,4.000000000000002,4.0,1.0,0.0,9.000000000000002,126.64563845226317,11.538192717236717,345296930109.9663,1.0048846600707877,10.113108346583621,0.9742036203646162,,,,,,
MOND,gas_mix_hstar0p3,16.6,79.0,2.0000000000000004,2.0,0.7553552470765004,0.1,3903.7972230733626,19.80129676334246,4.000000000000002,4.0,1.0,0.0,9.000000000000002,3912.7972230733626,,,,,0.9742036203646162,1.2e-10,72.59528134699538,,,,
TG_edge_limit,gas_mix_hstar0p3,16.6,79.0,2.0000000000000004,2.0,0.7553552470765004,0.1,5879.541064613202,22.11590357511328,4.000000000000002,4.0,1.0,0.0,9.000000000000002,5888.541064613202,,,,,0.9742036203646162,,,5.8176146544811266e-05,8.102623276934505e-12,0.042280869091871454,derived Kcrit limiting curve; no finite normalization and no K prior
NFW,gas_mix_hstar0p3,16.6,79.0,2.0000000000000004,2.0,0.762,0.10380372095595687,117.48665189653968,8.045554811465367,4.000000000000002,4.0,1.077521248430216,0.0,9.077521248430218,126.5641731449699,11.538151967292588,345264532345.1268,1.0020286348068639,10.046820308794361,0.9742036203646162,,,,,,
MOND,gas_mix_hstar0p3,16.6,79.0,2.0000000000000004,2.0,0.762,0.10380372095595687,3990.255833126701,20.011901267153615,4.000000000000002,4.0,1.077521248430216,0.0,9.077521248430218,3999.333354375131,,,,,0.9742036203646162,1.2e-10,73.03584849629416,,,,
TG_edge_limit,gas_mix_hstar0p3,16.6,79.0,2.0000000000000004,2.0,0.762,0.10380372095595687,5670.692986307444,21.727545120418235,4.000000000000002,4.0,1.077521248430216,0.0,9.077521248430218,5679.770507555874,,,,,0.9742036203646162,,,5.7719095988379775e-05,6.81505929740127e-12,0.042224055743988485,derived Kcrit limiting curve; no finite normalization and no K prior
NFW,gas_thin_hstar0p3,16.6,79.0,2.0000000000000004,2.0,0.4765969408345689,-0.1,134.73623148953018,9.378725028245794,4.000000000000002,4.0,1.0,0.0,9.000000000000002,143.73623148953018,11.547881038455218,353086439431.8884,1.10795765107742,12.822055461353989,0.9742036203646162,,,,,,
MOND,gas_thin_hstar0p3,16.6,79.0,2.0000000000000004,2.0,0.4765969408345689,-0.1,2705.850679602843,15.47261433899546,4.000000000000002,4.0,1.0,0.0,9.000000000000002,2714.850679602843,,,,,0.9742036203646162,1.2e-10,54.18379697507182,,,,
TG_edge_limit,gas_thin_hstar0p3,16.6,79.0,2.0000000000000004,2.0,0.4765969408345689,-0.1,20801.974109624505,41.56255851531298,4.000000000000002,4.0,1.0,0.0,9.000000000000002,20810.974109624505,,,,,0.9742036203646162,,,8.664115982522581e-05,6.761416869131079e-12,0.04612792327281568,derived Kcrit limiting curve; no finite normalization and no K prior
NFW,gas_thin_hstar0p3,16.6,79.0,2.0000000000000004,2.0,0.5347505628802474,-0.05,130.268177511657,9.075311565148391,4.000000000000002,4.0,0.25,0.0,8.250000000000002,138.518177511657,11.54426112570047,350155639778.6301,1.0891575425836342,12.278845718977772,0.9742036203646162,,,,,,
MOND,gas_thin_hstar0p3,16.6,79.0,2.0000000000000004,2.0,0.5347505628802474,-0.05,2497.5303297020473,15.294240837377837,4.000000000000002,4.0,0.25,0.0,8.250000000000002,2505.7803297020473,,,,,0.9742036203646162,1.2e-10,58.0395574195956,,,,
TG_edge_limit,gas_thin_hstar0p3,16.6,79.0,2.0000000000000004,2.0,0.5347505628802474,-0.05,16486.072024557056,36.973029578951916,4.000000000000002,4.0,0.25,0.0,8.250000000000002,16494.322024557056,,,,,0.9742036203646162,,,7.858383254657917e-05,7.531618847605657e-12,0.0449996908178864,derived Kcrit limiting curve; no finite normalization and no K prior
NFW,gas_thin_hstar0p3,16.6,79.0,2.0000000000000004,2.0,0.6,0.0,126.27902447342814,8.756631487444457,4.000000000000002,4.0,0.0,0.0,8.000000000000002,134.27902447342814,11.540823199791296,347394709126.4319,1.066671813767272,11.659282192561175,0.9742036203646162,,,,,,
MOND,gas_thin_hstar0p3,16.6,79.0,2.0000000000000004,2.0,0.6,0.0,2604.7330719344895,15.987843166608595,4.000000000000002,4.0,0.0,0.0,8.000000000000002,2612.7330719344895,,,,,0.9742036203646162,1.2e-10,62.3657917937188,,,,
TG_edge_limit,gas_thin_hstar0p3,16.6,79.0,2.0000000000000004,2.0,0.6,0.0,12486.286697002457,32.15732875960575,4.000000000000002,4.0,0.0,0.0,8.000000000000002,12494.286697002457,,,,,0.9742036203646162,,,7.114314546177867e-05,8.622319102422018e-12,0.04399385731596951,derived Kcrit limiting curve; no finite normalization and no K prior
NFW,gas_thin_hstar0p3,16.6,79.0,2.0000000000000004,2.0,0.673211072581178,0.05,122.9529814715977,8.428544509557119,4.000000000000002,4.0,0.25,0.0,8.250000000000002,131.2029814715977,11.537936728432113,345093459639.08875,1.0394605164236848,10.951169890526323,0.9742036203646162,,,,,,
MOND,gas_thin_hstar0p3,16.6,79.0,2.0000000000000004,2.0,0.673211072581178,0.05,3076.4142419404743,17.569231696422527,4.000000000000002,4.0,0.25,0.0,8.250000000000002,3084.6642419404743,,,,,0.9742036203646162,1.2e-10,67.21990659912053,,,,
TG_edge_limit,gas_thin_hstar0p3,16.6,79.0,2.0000000000000004,2.0,0.673211072581178,0.05,8901.299290359579,27.1527551099617,4.000000000000002,4.0,0.25,0.0,8.250000000000002,8909.549290359579,,,,,0.9742036203646162,,,6.429915017861573e-05,8.194753820292935e-12,0.043097984679817805,derived Kcrit limiting curve; no finite normalization and no K prior
NFW,gas_thin_hstar0p3,16.6,79.0,2.0000000000000004,2.0,0.7553552470765004,0.1,120.4345980297795,8.100173327156773,4.000000000000002,4.0,1.0,0.0,9.000000000000002,129.4345980297795,11.536258221022614,343762279907.59564,1.0060379426431698,10.139999711552742,0.9742036203646162,,,,,,
MOND,gas_thin_hstar0p3,16.6,79.0,2.0000000000000004,2.0,0.7553552470765004,0.1,3967.619949341244,19.945282732229536,4.000000000000002,4.0,1.0,0.0,9.000000000000002,3976.619949341244,,,,,0.9742036203646162,1.2e-10,72.66631299008168,,,,
TG_edge_limit,gas_thin_hstar0p3,16.6,79.0,2.0000000000000004,2.0,0.7553552470765004,0.1,5844.624251002455,22.05410265423721,4.000000000000002,4.0,1.0,0.0,9.000000000000002,5853.624251002455,,,,,0.9742036203646162,,,5.802623057785229e-05,7.1079721063592854e-12,0.042300589389163895,derived Kcrit limiting curve; no finite normalization and no K prior
NFW,gas_thin_hstar0p3,16.6,79.0,2.0000000000000004,2.0,0.762,0.10380372095595687,120.27785467182204,8.0755245809236,4.000000000000002,4.0,1.077521248430216,0.0,9.077521248430218,129.35537592025227,11.53620872631957,343723105008.5878,1.0031847976257802,10.073602217910118,0.9742036203646162,,,,,,
MOND,gas_thin_hstar0p3,16.6,79.0,2.0000000000000004,2.0,0.762,0.10380372095595687,4054.2946813052267,20.154829369508434,4.000000000000002,4.0,1.077521248430216,0.0,9.077521248430218,4063.3722025536567,,,,,0.9742036203646162,1.2e-10,73.10688013938046,,,,
TG_edge_limit,gas_thin_hstar0p3,16.6,79.0,2.0000000000000004,2.0,0.762,0.10380372095595687,5637.287626163779,21.667652558804424,4.000000000000002,4.0,1.077521248430216,0.0,9.077521248430218,5646.36514741221,,,,,0.9742036203646162,,,5.7571578145936786e-05,6.5219124906738805e-12,0.042243655020161974,derived Kcrit limiting curve; no finite normalization and no K prior
NFW,gas_mix_hstar0p6,16.6,79.0,2.0000000000000004,2.0,0.4765969408345689,-0.1,136.0836461240874,9.231131699868737,4.000000000000002,4.0,1.0,0.0,9.000000000000002,145.0836461240874,11.544332814984605,350213444977.97656,1.1185270350830885,13.137932768071243,0.9742036203646162,,,,,,
MOND,gas_mix_hstar0p6,16.6,79.0,2.0000000000000004,2.0,0.4765969408345689,-0.1,2996.625995120271,16.018586841996242,4.000000000000002,4.0,1.0,0.0,9.000000000000002,3005.625995120271,,,,,0.9742036203646162,1.2e-10,54.097580184987,,,,
TG_edge_limit,gas_mix_hstar0p6,16.6,79.0,2.0000000000000004,2.0,0.4765969408345689,-0.1,23422.694859551004,44.19628432204891,4.000000000000002,4.0,1.0,0.0,9.000000000000002,23431.694859551004,,,,,0.9742036203646162,,,8.941552505402609e-05,9.095017826351804e-12,0.05048052456881633,derived Kcrit limiting curve; no finite normalization and no K prior
NFW,gas_mix_hstar0p6,16.6,79.0,2.0000000000000004,2.0,0.5347505628802474,-0.05,131.9789386786006,8.89879014761135,4.000000000000002,4.0,0.25,0.0,8.250000000000002,140.2289386786006,11.539713592762295,346508260845.1838,1.1016789675834358,12.63801794182022,0.9742036203646162,,,,,,
MOND,gas_mix_hstar0p6,16.6,79.0,2.0000000000000004,2.0,0.5347505628802474,-0.05,2700.4445579732587,15.582286921471804,4.000000000000002,4.0,0.25,0.0,8.250000000000002,2708.6945579732587,,,,,0.9742036203646162,1.2e-10,57.95148776134565,,,,
TG_edge_limit,gas_mix_hstar0p6,16.6,79.0,2.0000000000000004,2.0,0.5347505628802474,-0.05,18989.201075944864,39.77584681639093,4.000000000000002,4.0,0.25,0.0,8.250000000000002,18997.451075944864,,,,,0.9742036203646162,,,8.114979592629544e-05,1.240595941784447e-11,0.04930749074420662,derived Kcrit limiting curve; no finite normalization and no K prior
NFW,gas_mix_hstar0p6,16.6,79.0,2.0000000000000004,2.0,0.6,0.0,128.41109801031217,8.543234983567357,4.000000000000002,4.0,0.0,0.0,8.000000000000002,136.41109801031217,11.534977423872684,342749968756.0311,1.081597732234163,12.066956085456328,0.9742036203646162,,,,,,
MOND,gas_mix_hstar0p6,16.6,79.0,2.0000000000000004,2.0,0.6,0.0,2706.5216136353138,15.96820695369287,4.000000000000002,4.0,0.0,0.0,8.000000000000002,2714.5216136353138,,,,,0.9742036203646162,1.2e-10,62.27564318319421,,,,
TG_edge_limit,gas_mix_hstar0p6,16.6,79.0,2.0000000000000004,2.0,0.6,0.0,14825.158339732454,35.13242707745228,4.000000000000002,4.0,0.0,0.0,8.000000000000002,14833.158339732454,,,,,0.9742036203646162,,,7.350790058609559e-05,1.3638505980562614e-11,0.04825900021292656,derived Kcrit limiting curve; no finite normalization and no K prior
NFW,gas_mix_hstar0p6,16.6,79.0,2.0000000000000004,2.0,0.673211072581178,0.05,125.60555161679666,8.168216343838935,4.000000000000002,4.0,0.25,0.0,8.250000000000002,133.85555161679667,11.530360712081224,339125706926.10547,1.05740143345459,11.41304247254975,0.9742036203646162,,,,,,
MOND,gas_mix_hstar0p6,16.6,79.0,2.0000000000000004,2.0,0.673211072581178,0.05,3062.0712819590535,17.237929524755092,4.000000000000002,4.0,0.25,0.0,8.250000000000002,3070.3212819590535,,,,,0.9742036203646162,1.2e-10,67.1274253657782,,,,
TG_edge_limit,gas_mix_hstar0p6,16.6,79.0,2.0000000000000004,2.0,0.673211072581178,0.05,11021.853888168242,30.293887482436332,4.000000000000002,4.0,0.25,0.0,8.250000000000002,11030.103888168242,,,,,0.9742036203646162,,,6.647130220502791e-05,8.354741911420168e-12,0.04732293120198989,derived Kcrit limiting curve; no finite normalization and no K prior
NFW,gas_mix_hstar0p6,16.6,79.0,2.0000000000000004,2.0,0.7553552470765004,0.1,123.78175684862002,7.780444261959799,4.000000000000002,4.0,1.0,0.0,9.000000000000002,132.78175684862003,11.526301104711896,335970468295.90393,1.0278465687033942,10.66219371516981,0.9742036203646162,,,,,,
MOND,gas_mix_hstar0p6,16.6,79.0,2.0000000000000004,2.0,0.7553552470765004,0.1,3820.14098091676,19.334190234243014,4.000000000000002,4.0,1.0,0.0,9.000000000000002,3829.14098091676,,,,,0.9742036203646162,1.2e-10,72.5712145108909,,,,
TG_edge_limit,gas_mix_hstar0p6,16.6,79.0,2.0000000000000004,2.0,0.7553552470765004,0.1,7684.439062928078,25.32809776781612,4.000000000000002,4.0,1.0,0.0,9.000000000000002,7693.439062928078,,,,,0.9742036203646162,,,6.001544217459638e-05,9.863396821158474e-12,0.046487979586678635,derived Kcrit limiting curve; no finite normalization and no K prior
NFW,gas_mix_hstar0p6,16.6,79.0,2.0000000000000004,2.0,0.762,0.10380372095595687,123.68824125268104,7.75069547707329,4.000000000000002,4.0,1.077521248430216,0.0,9.077521248430218,132.76576250111125,11.526034559203962,335764331797.1363,1.0253322838123768,10.600644827723858,0.9742036203646162,,,,,,
MOND,gas_mix_hstar0p6,16.6,79.0,2.0000000000000004,2.0,0.762,0.10380372095595687,3895.928576397039,19.524215985773836,4.000000000000002,4.0,1.077521248430216,0.0,9.077521248430218,3905.006097645469,,,,,0.9742036203646162,1.2e-10,73.01156994764754,,,,
TG_edge_limit,gas_mix_hstar0p6,16.6,79.0,2.0000000000000004,2.0,0.762,0.10380372095595687,7452.92998898246,24.948725351573202,4.000000000000002,4.0,1.077521248430216,0.0,9.077521248430218,7462.00751023089,,,,,0.9742036203646162,,,5.954729072781427e-05,1.0809064154151636e-11,0.04642829885520794,derived Kcrit limiting curve; no finite normalization and no K prior
